amendment_indicator,amendment_indicator_desc,back_reference_schedule_id,back_reference_transaction_id,beneficiary_committee_name,candidate_first_name,candidate_id,candidate_last_name,candidate_middle_name,candidate_name,candidate_office,candidate_office_description,candidate_office_district,candidate_office_state,candidate_office_state_full,candidate_prefix,candidate_suffix,category_code,category_code_full,comm_dt,committee_id,conduit_committee_city,conduit_committee_name,conduit_committee_state,conduit_committee_street1,conduit_committee_street2,conduit_committee_zip,disbursement_amount,disbursement_date,disbursement_description,disbursement_purpose_category,disbursement_type,disbursement_type_description,election_type,election_type_full,entity_type,entity_type_desc,fec_election_type_desc,fec_election_year,file_number,filing_form,image_number,line_number,line_number_label,link_id,load_date,memo_code,memo_code_full,memo_text,memoed_subtotal,national_committee_nonfederal_account,original_sub_id,payee_employer,payee_first_name,payee_last_name,payee_middle_name,payee_occupation,payee_prefix,payee_suffix,pdf_url,recipient_city,recipient_committee_id,recipient_name,recipient_state,recipient_zip,ref_disp_excess_flg,report_type,report_year,schedule_type,schedule_type_full,semi_annual_bundled_refund,spender_committee_designation,spender_committee_org_type,spender_committee_type,sub_id,transaction_id,two_year_transaction_period,unused_recipient_committee_id
A,ADD,,,,,,,,,,,,,,,,,,,C00427401,,,,,,,14206.08,2026-06-22,EVENT - VENUE RENTAL,ADMINISTRATIVE,,,,,ORG,ORGANIZATION,,,1995379,F3X,202607159875571354,21B,Other Federal Operating Expenditures,4071520261534066712,2026-07-24T02:51:40,,,,false,,,,,,,,,,https://docquery.fec.gov/cgi-bin/fecimg/?202607159875571354,AUSTIN,,AUSTIN FC,TX,78758,,Q2,2026,SB,ITEMIZED DISBURSEMENTS,0.00,D,,Q,4072320261537839740,SB21B.5836,2026,
A,ADD,,,,,,,,,,,,,,,,,,,C00427401,,,,,,,100.0,2026-06-17,FEC REPORTING SERVICES,OTHER,,,,,ORG,ORGANIZATION,,,1995379,F3X,202607159875571356,21B,Other Federal Operating Expenditures,4071520261534066712,2026-07-24T02:51:40,,,,false,,,,,,,,,,https://docquery.fec.gov/cgi-bin/fecimg/?202607159875571356,DULLES,,"MORGAN, MEREDITH & ASSOCIATES",VA,20166,,Q2,2026,SB,ITEMIZED DISBURSEMENTS,0.00,D,,Q,4072320261537839746,SB21B.5824,2026,
A,ADD,,,,,,,,,,,,,,,,,,,C00427401,,,,,,,1000.0,2026-06-17,POLITICAL FUNDRAISING CONSULTING,OTHER,,,,,ORG,ORGANIZATION,,,1995379,F3X,202607159875571355,21B,Other Federal Operating Expenditures,4071520261534066712,2026-07-24T02:51:40,,,,false,,,,,,,,,,https://docquery.fec.gov/cgi-bin/fecimg/?202607159875571355,WASHINGTON,,"DRUCKER LAWHON, LLP",DC,20002,,Q2,2026,SB,ITEMIZED DISBURSEMENTS,0.00,D,,Q,4072320261537839743,SB21B.5823,2026,
A,ADD,,,,,,,,,,,,,,,,,,,C00427401,,,,,,,14526.0,2026-06-17,EVENT - VENUE RENTAL,ADMINISTRATIVE,,,,,ORG,ORGANIZATION,,,1995379,F3X,202607159875571354,21B,Other Federal Operating Expenditures,4071520261534066712,2026-07-24T02:51:40,,,,false,,,,,,,,,,https://docquery.fec.gov/cgi-bin/fecimg/?202607159875571354,AUSTIN,,AUSTIN FC,TX,78758,,Q2,2026,SB,ITEMIZED DISBURSEMENTS,0.00,D,,Q,4072320261537839739,SB21B.5826,2026,
A,ADD,,,,,,,,,,,,,,,,,,,C00427401,,,,,,,397.5,2026-05-26,FEC REPORTING SERVICES,OTHER,,,,,ORG,ORGANIZATION,,,1995379,F3X,202607159875571356,21B,Other Federal Operating Expenditures,4071520261534066712,2026-07-24T02:51:40,,,,false,,,,,,,,,,https://docquery.fec.gov/cgi-bin/fecimg/?202607159875571356,DULLES,,"MORGAN, MEREDITH & ASSOCIATES",VA,20166,,Q2,2026,SB,ITEMIZED DISBURSEMENTS,0.00,D,,Q,4072320261537839745,SB21B.5828,2026,
A,ADD,,,,,,,,,,,,,,,,,,,C00427401,,,,,,,3214.94,2026-05-26,POLITICAL FUNDRAISING CONSULTING,OTHER,,,,,ORG,ORGANIZATION,,,1995379,F3X,202607159875571355,21B,Other Federal Operating Expenditures,4071520261534066712,2026-07-24T02:51:40,,,,false,,,,,,,,,,https://docquery.fec.gov/cgi-bin/fecimg/?202607159875571355,WASHINGTON,,"DRUCKER LAWHON, LLP",DC,20002,,Q2,2026,SB,ITEMIZED DISBURSEMENTS,0.00,D,,Q,4072320261537839742,SB21B.5825,2026,
A,ADD,,,,,H2TX01112,,,,H,HOUSE,01,TX,TEXAS,,,,,,C00427401,,,,,,,400.0,2026-05-19,POLITICAL CONTRIBUTION,CONTRIBUTIONS,24K,CONTRIBUTION MADE TO NON-AFFILIATED,G2026,,CCM,CAMPAIGN COMMITTEE,GENERAL,2026,1995379,F3X,202607159875571357,23,Contributions to Federal Candidates/Committees and Other Political Committees,4071520261534066712,2026-07-24T02:51:40,,,,false,,,,,,,,,,https://docquery.fec.gov/cgi-bin/fecimg/?202607159875571357,TYLER,C00796086,NATHANIEL MORAN FOR CONGRESS,TX,75702,,Q2,2026,SB,ITEMIZED DISBURSEMENTS,0.00,D,,Q,4072320261537839748,SB23.5843,2026,C00796086
A,ADD,,,,,,,,,,,,,,,,,,,C00427401,,,,,,,487.5,2026-04-09,FEC REPORTING SEVICES,OTHER,,,,,ORG,ORGANIZATION,,,1995379,F3X,202607159875571355,21B,Other Federal Operating Expenditures,4071520261534066712,2026-07-24T02:51:40,,,,false,,,,,,,,,,https://docquery.fec.gov/cgi-bin/fecimg/?202607159875571355,DULLES,,"MORGAN, MEREDITH & ASSOCIATES",VA,20166,,Q2,2026,SB,ITEMIZED DISBURSEMENTS,0.00,D,,Q,4072320261537839744,SB21B.5822,2026,
A,ADD,,,,,,,,,,,,,,,,,,,C00427401,,,,,,,1044.57,2026-04-09,POLITICAL FUNDRAISING CONSULTING,OTHER,,,,,ORG,ORGANIZATION,,,1995379,F3X,202607159875571354,21B,Other Federal Operating Expenditures,4071520261534066712,2026-07-24T02:51:40,,,,false,,,,,,,,,,https://docquery.fec.gov/cgi-bin/fecimg/?202607159875571354,WASHINGTON,,"DRUCKER LAWHON, LLP",DC,20002,,Q2,2026,SB,ITEMIZED DISBURSEMENTS,0.00,D,,Q,4072320261537839741,SB21B.5829,2026,
A,ADD,,,CELESTE FOR CONGRESS,CELESTE,H4UT02296,MALOY,,"MALOY, CELESTE",H,HOUSE,03,UT,UTAH,,,,,,C00427401,,,,,,,1500.0,2026-04-01,POLITICAL CONTRIBUTION,CONTRIBUTIONS,24K,CONTRIBUTION MADE TO NON-AFFILIATED,P2026,,CCM,CAMPAIGN COMMITTEE,PRIMARY,2026,1995379,F3X,202607159875571357,23,Contributions to Federal Candidates/Committees and Other Political Committees,4071520261534066712,2026-07-24T02:51:40,,,,false,,,,,,,,,,https://docquery.fec.gov/cgi-bin/fecimg/?202607159875571357,CEDAR CITY,C00842765,CELESTE FOR CONGRESS,UT,84721,,Q2,2026,SB,ITEMIZED DISBURSEMENTS,0.00,D,,Q,4072320261537839747,SB23.5830,2026,C00842765
A,ADD,,,MONICA FOR CONGRESS,MONICA,H0TX15124,DE LA CRUZ,,"DE LA CRUZ, MONICA",H,HOUSE,15,TX,TEXAS,,,,,,C00427401,,,,,,,5000.0,2026-03-04,POLITICAL CONTRIBUTION,CONTRIBUTIONS,24K,CONTRIBUTION MADE TO NON-AFFILIATED,G2026,,CCM,CAMPAIGN COMMITTEE,GENERAL,2026,1965468,F3X,202604159862297551,23,Contributions to Federal Candidates/Committees and Other Political Committees,4041520261435734806,2026-05-06T02:51:27,,,,false,,,,,,,,,,https://docquery.fec.gov/cgi-bin/fecimg/?202604159862297551,MCALLEN,C00765719,MONICA FOR CONGRESS,TX,78502,,Q1,2026,SB,ITEMIZED DISBURSEMENTS,0.00,D,,Q,4050520261500378475,SB23.5730,2026,C00765719
A,ADD,,,,,,,,,,,,,,,,,,,C00427401,,,,,,,30000.0,2026-03-04,POLITICAL STRATEGY CONSULTING,OTHER,,,,,ORG,ORGANIZATION,,,1965468,F3X,202604159862297550,21B,Other Federal Operating Expenditures,4041520261435734806,2026-05-06T02:51:27,,,,false,,,,,,,,,,https://docquery.fec.gov/cgi-bin/fecimg/?202604159862297550,LEAWOOD,,PREVAIL STRATEGIES,KS,66224,,Q1,2026,SB,ITEMIZED DISBURSEMENTS,0.00,D,,Q,4050520261500378474,SB21B.5755,2026,
A,ADD,,,,,,,,,,,,,,,,,,,C00427401,,,,,,,32000.0,2026-03-04,POLITICAL STRATEGY CONSULTING - COMMISSION,OTHER,,,,,IND,INDIVIDUAL,,,1965468,F3X,202604159862297550,21B,Other Federal Operating Expenditures,4041520261435734806,2026-05-06T02:51:27,,,,false,,,,JONAS,MILLER,,,,,https://docquery.fec.gov/cgi-bin/fecimg/?202604159862297550,ROUND ROCK,,"MILLER, JONAS",TX,78665,,Q1,2026,SB,ITEMIZED DISBURSEMENTS,0.00,D,,Q,4050520261500378472,SB21B.5729,2026,
A,ADD,,,,,,,,,,,,,,,,,,,C00427401,,,,,,,32000.0,2026-03-04,POLITICAL STRATEGY - CONSULTING COMMISSION,OTHER,,,,,IND,INDIVIDUAL,,,1965468,F3X,202604159862297549,21B,Other Federal Operating Expenditures,4041520261435734806,2026-05-06T02:51:27,,,,false,,,,CHRISSIE,MILLER,,,,,https://docquery.fec.gov/cgi-bin/fecimg/?202604159862297549,ROUND ROCK,,"MILLER, CHRISSIE",TX,78665,,Q1,2026,SB,ITEMIZED DISBURSEMENTS,0.00,D,,Q,4050520261500378471,SB21B.5728,2026,
A,ADD,,,,,,,,,,,,,,,,,,,C00427401,,,,,,,437.5,2026-02-06,FEC REPORTING,OTHER,,,,,ORG,ORGANIZATION,,,1965468,F3X,202604159862297550,21B,Other Federal Operating Expenditures,4041520261435734806,2026-05-06T02:51:27,,,,false,,,,,,,,,,https://docquery.fec.gov/cgi-bin/fecimg/?202604159862297550,DULLES,,"MORGAN, MEREDITH & ASSOCIATES",VA,20166,,Q1,2026,SB,ITEMIZED DISBURSEMENTS,0.00,D,,Q,4050520261500378473,SB21B.5726,2026,
A,ADD,,,,,,,,,,,,,,,,,,,C00427401,,,,,,,1118.98,2026-02-06,POLITICAL FUNDRAISING AND CONSULTING,OTHER,,,,,ORG,ORGANIZATION,,,1965468,F3X,202604159862297549,21B,Other Federal Operating Expenditures,4041520261435734806,2026-05-06T02:51:27,,,,false,,,,,,,,,,https://docquery.fec.gov/cgi-bin/fecimg/?202604159862297549,WASHINGTON,,"DRUCKER LAWHON, LLP",DC,20002,,Q1,2026,SB,ITEMIZED DISBURSEMENTS,0.00,D,,Q,4050520261500378470,SB21B.5727,2026,
A,ADD,,,,,,,,,,,,,,,,,,,C00427401,,,,,,,9180.0,2026-01-06,POLITICAL SIGN INSTALLATION & REMOVAL,OTHER,,,,,IND,INDIVIDUAL,,,1965468,F3X,202604159862297549,21B,Other Federal Operating Expenditures,4041520261435734806,2026-05-06T02:51:27,,,,false,,,,CHRISTOPHER,DOWDELL,,,,,https://docquery.fec.gov/cgi-bin/fecimg/?202604159862297549,LIBERTY HILL,,"DOWDELL, CHRISTOPHER",TX,78642,,Q1,2026,SB,ITEMIZED DISBURSEMENTS,0.00,D,,Q,4050520261500378469,SB21B.5723,2026,
A,ADD,,,,,,,,,,,,,,,,,,,C00427401,,,,,,,250.0,2025-12-29,FEC REPORTING,OTHER,,,,,ORG,ORGANIZATION,,,1940279,F3X,202601309795010545,21B,Other Federal Operating Expenditures,4013020261304203513,2026-02-26T05:51:45,,,,false,,,,,,,,,,https://docquery.fec.gov/cgi-bin/fecimg/?202601309795010545,DULLES,,"MORGAN, MEREDITH & ASSOCIATES",VA,20166,,YE,2025,SB,ITEMIZED DISBURSEMENTS,0.00,D,,Q,4022520261359202784,SB21B.5709,2026,
A,ADD,,,,,,,,,,,,,,,,,,,C00427401,,,,,,,2835.39,2025-12-29,PRINTING - CAMPAIGN CHRISTMAS CARD,ADVERTISING,,,,,ORG,ORGANIZATION,,,1940279,F3X,202601309795010544,21B,Other Federal Operating Expenditures,4013020261304203513,2026-02-26T05:51:45,,,,false,,,,,,,,,,https://docquery.fec.gov/cgi-bin/fecimg/?202601309795010544,GEORGETOWN,,MINUTEMAN PRESS,TX,78686,,YE,2025,SB,ITEMIZED DISBURSEMENTS,0.00,D,,Q,4022520261359202781,SB21B.5707,2026,
A,ADD,,,,,,,,,,,,,,,,,,,C00427401,,,,,,,1042.73,2025-12-29,POLITICAL FUNDRAISING CONSULTING,OTHER,,,,,ORG,ORGANIZATION,,,1940279,F3X,202601309795010543,21B,Other Federal Operating Expenditures,4013020261304203513,2026-02-26T05:51:45,,,,false,,,,,,,,,,https://docquery.fec.gov/cgi-bin/fecimg/?202601309795010543,WASHINGTON,,"DRUCKER LAWHON, LLP",DC,20002,,YE,2025,SB,ITEMIZED DISBURSEMENTS,0.00,D,,Q,4022520261359202778,SB21B.5708,2026,
A,ADD,,,,,,,,,,,,,,,,,,,C00427401,,,,,,,6438.69,2025-12-07,EVENT - CATERING,FUNDRAISING,,,,,ORG,ORGANIZATION,,,1940279,F3X,202601309795010544,21B,Other Federal Operating Expenditures,4013020261304203513,2026-02-26T05:51:45,,,,false,,,,,,,,,,https://docquery.fec.gov/cgi-bin/fecimg/?202601309795010544,AUSTIN,,MAGGIANO'S LITTLE ITALY,TX,78758,,YE,2025,SB,ITEMIZED DISBURSEMENTS,0.00,D,,Q,4022520261359202779,SB21B.5719,2026,
A,ADD,,,,,,,,,,,,,,,,,,,C00427401,,,,,,,187.5,2025-12-01,FEC REPORTING,OTHER,,,,,ORG,ORGANIZATION,,,1940279,F3X,202601309795010545,21B,Other Federal Operating Expenditures,4013020261304203513,2026-02-26T05:51:45,,,,false,,,,,,,,,,https://docquery.fec.gov/cgi-bin/fecimg/?202601309795010545,DULLES,,"MORGAN, MEREDITH & ASSOCIATES",VA,20166,,YE,2025,SB,ITEMIZED DISBURSEMENTS,0.00,D,,Q,4022520261359202783,SB21B.5688,2026,
A,ADD,,,,,,,,,,,,,,,,,,,C00427401,,,,,,,1041.04,2025-12-01,POLITICAL CONSULTING - FUNDRAISING,OTHER,,,,,ORG,ORGANIZATION,,,1940279,F3X,202601309795010543,21B,Other Federal Operating Expenditures,4013020261304203513,2026-02-26T05:51:45,,,,false,,,,,,,,,,https://docquery.fec.gov/cgi-bin/fecimg/?202601309795010543,WASHINGTON,,"DRUCKER LAWHON, LLP",DC,20002,,YE,2025,SB,ITEMIZED DISBURSEMENTS,0.00,D,,Q,4022520261359202777,SB21B.5689,2026,
A,ADD,,,,,,,,,,,,,,,,,,,C00427401,,,,,,,5000.0,2025-12-01,EVENT - CATERING,FUNDRAISING,,,,,ORG,ORGANIZATION,,,1940279,F3X,202601309795010542,21B,Other Federal Operating Expenditures,4013020261304203513,2026-02-26T05:51:45,,,,false,,,,,,,,,,https://docquery.fec.gov/cgi-bin/fecimg/?202601309795010542,WASHINGTON,,CSX TRS LLC,DC,20003,,YE,2025,SB,ITEMIZED DISBURSEMENTS,0.00,D,,Q,4022520261359202774,SB21B.5690,2026,
A,ADD,,,,,,,,,,,,,,,,,,,C00427401,,,,,,,25000.0,2025-10-23,POLITICAL STRATEGY - COMMISSION,OTHER,,,,,IND,INDIVIDUAL,,,1940279,F3X,202601309795010544,21B,Other Federal Operating Expenditures,4013020261304203513,2026-02-26T05:51:45,,,,false,,,,CHRISSIE,MILLER,,,,,https://docquery.fec.gov/cgi-bin/fecimg/?202601309795010544,ROUND ROCK,,"MILLER, CHRISSIE",TX,78665,,YE,2025,SB,ITEMIZED DISBURSEMENTS,0.00,D,,Q,4022520261359202780,SB21B.5705,2026,
A,ADD,,,VALADAO FOR CONGRESS,DAVID,H2CA20094,VALADAO,,"VALADAO, DAVID",H,HOUSE,22,CA,CALIFORNIA,,,,,,C00427401,,,,,,,5000.0,2025-09-30,POLITICAL CONTRIBUTION,CONTRIBUTIONS,24K,CONTRIBUTION MADE TO NON-AFFILIATED,P2026,,CCM,CAMPAIGN COMMITTEE,PRIMARY,2026,1940279,F3X,202601309795010546,23,Contributions to Federal Candidates/Committees and Other Political Committees,4013020261304203513,2026-02-26T05:51:45,,,,false,,,,,,,,,,https://docquery.fec.gov/cgi-bin/fecimg/?202601309795010546,FRESNO,C00499392,VALADAO FOR CONGRESS,CA,93704,,YE,2025,SB,ITEMIZED DISBURSEMENTS,0.00,D,,Q,4022520261359202786,SB23.5695,2026,C00499392
A,ADD,,,KEN CALVERT FOR CONGRESS COMMITTEE,KEN,H2CA37023,CALVERT,,"CALVERT, KEN",H,HOUSE,41,CA,CALIFORNIA,,,,,,C00427401,,,,,,,5000.0,2025-09-29,POLITICAL CONTRIBUTION,CONTRIBUTIONS,24K,CONTRIBUTION MADE TO NON-AFFILIATED,P2026,,CCM,CAMPAIGN COMMITTEE,PRIMARY,2026,1940279,F3X,202601309795010546,23,Contributions to Federal Candidates/Committees and Other Political Committees,4013020261304203513,2026-02-26T05:51:45,,,,false,,,,,,,,,,https://docquery.fec.gov/cgi-bin/fecimg/?202601309795010546,CORONA,C00257337,KEN CALVERT FOR CONGRESS COMMITTEE,CA,92877,,YE,2025,SB,ITEMIZED DISBURSEMENTS,0.00,D,,Q,4022520261359202785,SB23.5694,2026,C00257337
A,ADD,,,,,,,,,,,,,,,,,,,C00427401,,,,,,,947.5,2025-09-22,FEC REPORTING,OTHER,,,,,ORG,ORGANIZATION,,,1940279,F3X,202601309795010545,21B,Other Federal Operating Expenditures,4013020261304203513,2026-02-26T05:51:45,,,,false,,,,,,,,,,https://docquery.fec.gov/cgi-bin/fecimg/?202601309795010545,DULLES,,"MORGAN, MEREDITH & ASSOCIATES",VA,20166,,YE,2025,SB,ITEMIZED DISBURSEMENTS,0.00,D,,Q,4022520261359202782,SB21B.5687,2026,
A,ADD,,,,,,,,,,,,,,,,,,,C00427401,,,,,,,5000.0,2025-09-22,POLITICAL CONSULTING - FUNDRAISING,OTHER,,,,,ORG,ORGANIZATION,,,1940279,F3X,202601309795010543,21B,Other Federal Operating Expenditures,4013020261304203513,2026-02-26T05:51:45,,,,false,,,,,,,,,,https://docquery.fec.gov/cgi-bin/fecimg/?202601309795010543,WASHINGTON,,"DRUCKER LAWHON, LLP",DC,20002,,YE,2025,SB,ITEMIZED DISBURSEMENTS,0.00,D,,Q,4022520261359202776,SB21B.5686,2026,
A,ADD,,,,,,,,,,,,,,,,,,,C00427401,,,,,,,11777.46,2025-07-23,EVENT - VENUE RENTAL,ADMINISTRATIVE,,,,,ORG,ORGANIZATION,,,1940279,F3X,202601309795010542,21B,Other Federal Operating Expenditures,4013020261304203513,2026-02-26T05:51:45,,,,false,,,,,,,,,,https://docquery.fec.gov/cgi-bin/fecimg/?202601309795010542,AUSTIN,,AUSTIN FC,TX,78758,,YE,2025,SB,ITEMIZED DISBURSEMENTS,0.00,D,,Q,4022520261359202773,SB21B.5676,2026,
A,ADD,,,,,,,,,,,,,,,,,,,C00427401,,,,,,,10876.58,2025-07-15,POLITICAL CONSULTING - FUNDRAISING,OTHER,,,,,ORG,ORGANIZATION,,,1940279,F3X,202601309795010542,21B,Other Federal Operating Expenditures,4013020261304203513,2026-02-26T05:51:45,,,,false,,,,,,,,,,https://docquery.fec.gov/cgi-bin/fecimg/?202601309795010542,WASHINGTON,,"DRUCKER LAWHON, LLP",DC,20002,,YE,2025,SB,ITEMIZED DISBURSEMENTS,0.00,D,,Q,4022520261359202775,SB21B.5675,2026,
A,ADD,,,ZINKE FOR CONGRESS,RYAN,H4TX19318,ZINK,,"ZINK, RYAN",H,HOUSE,19,TX,TEXAS,,,,,,C00427401,,,,,,,2500.0,2025-07-11,POLITICAL CONTRTIBUTION,CONTRIBUTIONS,24K,CONTRIBUTION MADE TO NON-AFFILIATED,P2026,,CCM,CAMPAIGN COMMITTEE,PRIMARY,2026,1940279,F3X,202601309795010546,23,Contributions to Federal Candidates/Committees and Other Political Committees,4013020261304203513,2026-02-26T05:51:45,,,,false,,,,,,,,,,https://docquery.fec.gov/cgi-bin/fecimg/?202601309795010546,WHITEFISH,C00778159,ZINKE FOR CONGRESS,MT,59937,,YE,2025,SB,ITEMIZED DISBURSEMENTS,0.00,D,,Q,4022520261359202787,SB23.5679,2026,C00778159
A,ADD,,,,,,,,,,,,,,,,,,,C00427401,,,,,,,35000.0,2025-06-15,FUNDRAISING COMMISSION,OTHER,,,,,ORG,ORGANIZATION,,,1902803,F3X,202507159763383320,21B,Other Federal Operating Expenditures,4071520251208396672,2025-07-17T03:36:19,,,,false,,,,,,,,,,https://docquery.fec.gov/cgi-bin/fecimg/?202507159763383320,WASHINGTON,,"DRUCKER LAWHON, LLP",DC,20002,,MY,2025,SB,ITEMIZED DISBURSEMENTS,0.00,D,,Q,4071620251209001170,SB21B.5591,2026,
A,ADD,,,,,,,,,,,,,,,,,,,C00427401,,,,,,,3000.0,2025-04-03,FUNDRAISING CONSULTING 1ST QTR 25,OTHER,,,,,ORG,ORGANIZATION,,,1902803,F3X,202507159763383320,21B,Other Federal Operating Expenditures,4071520251208396672,2025-07-17T03:36:19,,,,false,,,,,,,,,,https://docquery.fec.gov/cgi-bin/fecimg/?202507159763383320,WASHINGTON,,"DRUCKER LAWHON, LLP",DC,20002,,MY,2025,SB,ITEMIZED DISBURSEMENTS,0.00,D,,Q,4071620251209001169,SB21B.5590,2026,
A,ADD,,,,,,,,,,,,,,,,,,,C00427401,,,,,,,2962.79,2025-01-15,PRINTING: EVENT SUPPLIES,ADVERTISING,,,,,ORG,ORGANIZATION,,,1902803,F3X,202507159763383320,21B,Other Federal Operating Expenditures,4071520251208396672,2025-07-17T03:36:19,,,,false,,,,,,,,,,https://docquery.fec.gov/cgi-bin/fecimg/?202507159763383320,GEORGETOWN,,MINUTEMAN PRESS,TX,78686,,MY,2025,SB,ITEMIZED DISBURSEMENTS,0.00,D,,Q,4071620251209001171,SB21B.5601,2026,
A,ADD,,,,,,,,,,,,,,,,,,,C00427401,,,,,,,1000.0,2025-01-15,FUNDRAISING CONSULTING,OTHER,,,,,ORG,ORGANIZATION,,,1902803,F3X,202507159763383319,21B,Other Federal Operating Expenditures,4071520251208396672,2025-07-17T03:36:19,,,,false,,,,,,,,,,https://docquery.fec.gov/cgi-bin/fecimg/?202507159763383319,WASHINGTON,,"DRUCKER LAWHON, LLP",DC,20002,,MY,2025,SB,ITEMIZED DISBURSEMENTS,0.00,D,,Q,4071620251209001168,SB21B.5595,2026,
A,ADD,,,,,,,,,,,,,,,,,,,C00427401,,,,,,,10000.0,2025-01-15,FUNDRAISING & EVENT CONSULTING,FUNDRAISING,,,,,ORG,ORGANIZATION,,,1902803,F3X,202507159763383319,21B,Other Federal Operating Expenditures,4071520251208396672,2025-07-17T03:36:19,,,,false,,,,,,,,,,https://docquery.fec.gov/cgi-bin/fecimg/?202507159763383319,WASHINGTON,,"DRUCKER LAWHON, LLP",DC,20002,,MY,2025,SB,ITEMIZED DISBURSEMENTS,0.00,D,,Q,4071620251209001167,SB21B.5592,2026,
A,ADD,,,,,,,,,,,,,,,,,,,C00427401,,,,,,,250.0,2025-01-15,WEB DOMAIN,OTHER,,,,,IND,INDIVIDUAL,,,1902803,F3X,202507159763383319,21B,Other Federal Operating Expenditures,4071520251208396672,2025-07-17T03:36:19,,,,false,,,,JEFF,BURTON,,,,,https://docquery.fec.gov/cgi-bin/fecimg/?202507159763383319,AUSTIN,,"BURTON, JEFF",TX,78730,,MY,2025,SB,ITEMIZED DISBURSEMENTS,0.00,D,,Q,4071620251209001166,SB21B.5593,2026,
A,ADD,,,,,,,,,,,,,,,,,,,C00427401,,,,,,,7.0,2024-12-31,BANK SERVICE CHARGE,OTHER,,,,,ORG,ORGANIZATION,,,1871993,F3X,202501319749025845,21B,Other Federal Operating Expenditures,4013120251139345705,2025-02-07T03:05:52,,,,false,,,,,,,,,,https://docquery.fec.gov/cgi-bin/fecimg/?202501319749025845,GEORGETOWN,,FIRST TEXAS BANK,TX,78627,,YE,2024,SB,ITEMIZED DISBURSEMENTS,0.00,D,,Q,4020620251144531602,SB21B.5570,2024,
A,ADD,,,,,,,,,,,,,,,,,,,C00427401,,,,,,,3305.0,2024-12-20,POLITICAL STRATEGY CONSULTING - COMMISSION,OTHER,,,,,IND,INDIVIDUAL,,,1871993,F3X,202501319749025846,21B,Other Federal Operating Expenditures,4013120251139345705,2025-02-07T03:05:52,,,,false,,,,JONAS,MILLER,,,,,https://docquery.fec.gov/cgi-bin/fecimg/?202501319749025846,ROUND ROCK,,"MILLER, JONAS",TX,78665,,YE,2024,SB,ITEMIZED DISBURSEMENTS,0.00,D,,Q,4020620251144531604,SB21B.5582,2024,
A,ADD,,,,,,,,,,,,,,,,,,,C00427401,,,,,,,3680.0,2024-12-17,POLITICAL STRATEGY CONSULTING - COMMISSION,OTHER,,,,,IND,INDIVIDUAL,,,1871993,F3X,202501319749025846,21B,Other Federal Operating Expenditures,4013120251139345705,2025-02-07T03:05:52,,,,false,,,,JONAS,MILLER,,,,,https://docquery.fec.gov/cgi-bin/fecimg/?202501319749025846,ROUND ROCK,,"MILLER, JONAS",TX,78665,,YE,2024,SB,ITEMIZED DISBURSEMENTS,0.00,D,,Q,4020620251144531603,SB21B.5581,2024,
A,ADD,,,,,H0TX24209,,,,H,HOUSE,24,TX,TEXAS,,,,,,C00427401,,,,,,,500.0,2024-12-03,POLITICAL CONTRIBUTION,CONTRIBUTIONS,24K,CONTRIBUTION MADE TO NON-AFFILIATED,P2026,,CCM,CAMPAIGN COMMITTEE,PRIMARY,2026,1871993,F3X,202501319749025847,23,Contributions to Federal Candidates/Committees and Other Political Committees,4013120251139345705,2025-02-07T03:05:52,,,,false,,,,,,,,,,https://docquery.fec.gov/cgi-bin/fecimg/?202501319749025847,IRVING,C00714865,BETH VAN DUYNE FOR CONGRESS,TX,75063,,YE,2024,SB,ITEMIZED DISBURSEMENTS,0.00,D,,Q,4020620251144531606,SB23.5576,2024,C00714865
A,ADD,,,,,,,,,,,,,,,,,,,C00427401,,,,,,,192.5,2024-12-03,FEC REPORTING SERVICES,OTHER,,,,,ORG,ORGANIZATION,,,1871993,F3X,202501319749025846,21B,Other Federal Operating Expenditures,4013120251139345705,2025-02-07T03:05:52,,,,false,,,,,,,,,,https://docquery.fec.gov/cgi-bin/fecimg/?202501319749025846,DULLES,,"MORGAN, MEREDITH & ASSOCIATES",VA,20166,,YE,2024,SB,ITEMIZED DISBURSEMENTS,0.00,D,,Q,4020620251144531605,SB21B.5573,2024,
A,ADD,,,,,,,,,,,,,,,,,,,C00427401,,,,,,,1000.0,2024-12-03,POLITICAL FUNDRAISING CONSULTING,OTHER,,,,,ORG,ORGANIZATION,,,1871993,F3X,202501319749025845,21B,Other Federal Operating Expenditures,4013120251139345705,2025-02-07T03:05:52,,,,false,,,,,,,,,,https://docquery.fec.gov/cgi-bin/fecimg/?202501319749025845,WASHINGTON,,"DRUCKER LAWHON, LLP",DC,20002,,YE,2024,SB,ITEMIZED DISBURSEMENTS,0.00,D,,Q,4020620251144531600,SB21B.5574,2024,
A,ADD,,,,,,,,,,,,,,,,,,,C00427401,,,,,,,7.0,2024-11-29,BANK SERVICE CHARGE,OTHER,,,,,ORG,ORGANIZATION,,,1871993,F3X,202501319749025845,21B,Other Federal Operating Expenditures,4013120251139345705,2025-02-07T03:05:52,,,,false,,,,,,,,,,https://docquery.fec.gov/cgi-bin/fecimg/?202501319749025845,GEORGETOWN,,FIRST TEXAS BANK,TX,78627,,YE,2024,SB,ITEMIZED DISBURSEMENTS,0.00,D,,Q,4020620251144531601,SB21B.5523,2024,
A,ADD,,,,,,,,,,,,,,,,,,,C00427401,,,,,,,25000.0,2024-11-06,POLITICAL STRATEGY - COMMISSION,OTHER,,,,,IND,INDIVIDUAL,,,1857138,F3X,202412059731145066,21B,Other Federal Operating Expenditures,4120520241074549764,2025-01-07T02:35:49,,,,false,,,,CHRISSIE,MILLER,,,,,https://docquery.fec.gov/cgi-bin/fecimg/?202412059731145066,ROUND ROCK,,"MILLER, CHRISSIE",TX,78665,,30G,2024,SB,ITEMIZED DISBURSEMENTS,0.00,D,,Q,4010620251127063579,SB21B.5521,2024,
A,ADD,,,,,,,,,,,,,,,,,,,C00427401,,,,,,,1000.0,2024-11-01,FUNDRAISING CONSULTING,OTHER,,,,,ORG,ORGANIZATION,,,1857138,F3X,202412059731145065,21B,Other Federal Operating Expenditures,4120520241074549764,2025-01-07T02:35:49,,,,false,,,,,,,,,,https://docquery.fec.gov/cgi-bin/fecimg/?202412059731145065,WASHINGTON,,"DRUCKER LAWHON, LLP",DC,20002,,30G,2024,SB,ITEMIZED DISBURSEMENTS,0.00,D,,Q,4010620251127063576,SB21B.5520,2024,
A,ADD,,,,,,,,,,,,,,,,,,,C00427401,,,,,,,236.4,2024-10-31,MERCHANT SERVICE CHARGE,OTHER,,,,,PAC,POLITICAL ACTION COMMITTEE,,,1857138,F3X,202412059731145066,21B,Other Federal Operating Expenditures,4120520241074549764,2025-01-07T02:35:49,,,,false,,,,,,,,,,https://docquery.fec.gov/cgi-bin/fecimg/?202412059731145066,ARLINGTON,C00694323,WINRED,VA,22203,,30G,2024,SB,ITEMIZED DISBURSEMENTS,0.00,D,,Q,4010620251127063580,SB21B.5524,2024,C00694323
A,ADD,,,,,,,,,,,,,,,,,,,C00427401,,,,,,,7.0,2024-10-31,BANK SERVICE CHARGE,OTHER,,,,,ORG,ORGANIZATION,,,1857138,F3X,202412059731145065,21B,Other Federal Operating Expenditures,4120520241074549764,2025-01-07T02:35:49,,,,false,,,,,,,,,,https://docquery.fec.gov/cgi-bin/fecimg/?202412059731145065,GEORGETOWN,,FIRST TEXAS BANK,TX,78627,,30G,2024,SB,ITEMIZED DISBURSEMENTS,0.00,D,,Q,4010620251127063578,SB21B.5547,2024,
A,ADD,,,JEFF HURD FOR CONGRESS,JEFFREY,H4CO03357,HURD,,"HURD, JEFFREY",H,HOUSE,03,CO,COLORADO,,,,,,C00427401,,,,,,,2000.0,2024-10-29,POLITICAL CONTRIBUTION,CONTRIBUTIONS,24K,CONTRIBUTION MADE TO NON-AFFILIATED,G2024,,CCM,CAMPAIGN COMMITTEE,GENERAL,2024,1857138,F3X,202412059731145067,23,Contributions to Federal Candidates/Committees and Other Political Committees,4120520241074549764,2025-01-07T02:35:49,,,,false,,,,,,,,,,https://docquery.fec.gov/cgi-bin/fecimg/?202412059731145067,GRAND JUNCTION,C00848333,JEFF HURD FOR CONGRESS,CO,81506,,30G,2024,SB,ITEMIZED DISBURSEMENTS,0.00,D,,Q,4010620251127063582,SB23.5554,2024,C00848333
A,ADD,,,,,,,,,,,,,,,,,,,C00427401,,,,,,,30.0,2024-10-29,BANK SERVICE CHARGE,OTHER,,,,,ORG,ORGANIZATION,,,1857138,F3X,202412059731145065,21B,Other Federal Operating Expenditures,4120520241074549764,2025-01-07T02:35:49,,,,false,,,,,,,,,,https://docquery.fec.gov/cgi-bin/fecimg/?202412059731145065,GEORGETOWN,,FIRST TEXAS BANK,TX,78627,,30G,2024,SB,ITEMIZED DISBURSEMENTS,0.00,D,,Q,4010620251127063577,SB21B.5546,2024,
A,ADD,,,,,,,,,,,,,,,,,,,C00427401,,,,,,,2000.0,2024-10-24,POLITICAL CONTRIBUTION,CONTRIBUTIONS,24K,CONTRIBUTION MADE TO NON-AFFILIATED,P,,PAC,POLITICAL ACTION COMMITTEE,PRIMARY,,1857138,F3X,202412059731145067,23,Contributions to Federal Candidates/Committees and Other Political Committees,4120520241074549764,2025-01-07T02:35:49,,,,false,,,,,,,,,,https://docquery.fec.gov/cgi-bin/fecimg/?202412059731145067,PHOENIX,C00008227,"REPUBLICAN PARTY OF ARIZONA, LLC",AZ,85012,,30G,2024,SB,ITEMIZED DISBURSEMENTS,0.00,D,,Q,4010620251127063583,SB23.5553,2024,C00008227
A,ADD,,,,,,,,,,,,,,,,,,,C00427401,,,,,,,2000.0,2024-10-22,POLITICAL CONTRIBUTION,CONTRIBUTIONS,24K,CONTRIBUTION MADE TO NON-AFFILIATED,P,,PAC,POLITICAL ACTION COMMITTEE,PRIMARY,,1857138,F3X,202412059731145067,23,Contributions to Federal Candidates/Committees and Other Political Committees,4120520241074549764,2025-01-07T02:35:49,,,,false,,,,,,,,,,https://docquery.fec.gov/cgi-bin/fecimg/?202412059731145067,SACRAMENTO,C00140590,CALIFORNIA REPUBLICAN PARTY FEDERAL ACCT.,CA,95814,,30G,2024,SB,ITEMIZED DISBURSEMENTS,0.00,D,,Q,4010620251127063581,SB23.5548,2024,C00140590
A,ADD,,,,,,,,,,,,,,,,,,,C00427401,,,,,,,394.0,2024-10-11,EARMARK PROCESSING FEE,OTHER,,,,,IND,INDIVIDUAL,,,1840258,F3X,202410249710498468,21B,Other Federal Operating Expenditures,4102420242081245796,2024-12-03T02:36:22,,,,false,,,,(C00694323),WINRED,,,,,https://docquery.fec.gov/cgi-bin/fecimg/?202410249710498468,ARLINGTON,,"WINRED, (C00694323)",VA,22203,,12G,2024,SB,ITEMIZED DISBURSEMENTS,0.00,D,,Q,4120220241074200627,SB21B.5512,2024,
A,ADD,,,,,,,,,,,,,,,,,,,C00427401,,,,,,,525.0,2024-10-04,FEC REPORTING SERVICES,OTHER,,,,,ORG,ORGANIZATION,,,1840258,F3X,202410249710498468,21B,Other Federal Operating Expenditures,4102420242081245796,2024-12-03T02:36:22,,,,false,,,,,,,,,,https://docquery.fec.gov/cgi-bin/fecimg/?202410249710498468,DULLES,,"MORGAN, MEREDITH & ASSOCIATES",VA,20166,,12G,2024,SB,ITEMIZED DISBURSEMENTS,0.00,D,,Q,4120220241074200626,SB21B.5510,2024,
A,ADD,,,,,,,,,,,,,,,,,,,C00427401,,,,,,,3000.0,2024-10-04,FUNDRAISING CONSULTING,OTHER,,,,,ORG,ORGANIZATION,,,1840258,F3X,202410249710498468,21B,Other Federal Operating Expenditures,4102420242081245796,2024-12-03T02:36:22,,,,false,,,,,,,,,,https://docquery.fec.gov/cgi-bin/fecimg/?202410249710498468,WASHINGTON,,"DRUCKER LAWHON, LLP",DC,20002,,12G,2024,SB,ITEMIZED DISBURSEMENTS,0.00,D,,Q,4120220241074200625,SB21B.5511,2024,
A,ADD,,,,,,,,,,,,,,,,,,,C00427401,,,,,,,102.54,2024-09-26,EARMARK PROCESSING FEE,OTHER,,,,,PAC,POLITICAL ACTION COMMITTEE,,,1827637,F3X,202410159686606314,21B,Other Federal Operating Expenditures,4101520242069571757,2024-11-14T02:36:39,,,,false,,,,,,,,,,https://docquery.fec.gov/cgi-bin/fecimg/?202410159686606314,ARLINGTON,C00694323,WINRED,VA,22203,,Q3,2024,SB,ITEMIZED DISBURSEMENTS,0.00,D,,Q,4111320241068411089,SB21B.5493,2024,C00694323
A,ADD,,,,,,,,,,,,,,,,,,,C00427401,,,,,,,5000.0,2024-09-25,POLITCAL CONTRIBUTION - ST/LOCAL,OTHER,,,G2024,,COM,OTHER COMMITTEE,GENERAL,2024,1827637,F3X,202410159686606315,23,Contributions to Federal Candidates/Committees and Other Political Committees,4101520242069571757,2024-11-14T02:36:39,,,,false,,,,,,,,,,https://docquery.fec.gov/cgi-bin/fecimg/?202410159686606315,HOUSTON,,COALITION POR FOR TEXAS PAC,TX,77009,,Q3,2024,SB,ITEMIZED DISBURSEMENTS,0.00,D,,Q,4111320241068411091,SB23.5471,2024,
A,ADD,,,CALVERT FOR CONGRESS,KEN,H2CA37023,CALVERT,,"CALVERT, KEN",H,HOUSE,41,CA,CALIFORNIA,,,,,,C00427401,,,,,,,3000.0,2024-09-23,POLITICAL CONTRIBUTION,CONTRIBUTIONS,24K,CONTRIBUTION MADE TO NON-AFFILIATED,G2024,,CCM,CAMPAIGN COMMITTEE,GENERAL,2024,1827637,F3X,202410159686606315,23,Contributions to Federal Candidates/Committees and Other Political Committees,4101520242069571757,2024-11-14T02:36:39,,,,false,,,,,,,,,,https://docquery.fec.gov/cgi-bin/fecimg/?202410159686606315,GLENDALE,C00356105,CALVERT FOR CONGRESS,AZ,85308,,Q3,2024,SB,ITEMIZED DISBURSEMENTS,0.00,D,,Q,4111320241068411090,SB23.5469,2024,C00356105
A,ADD,,,,,,,,,,,,,,,,,,,C00427401,,,,,,,5000.0,2024-08-22,POLITICAL CONTRIBUTION,CONTRIBUTIONS,24K,CONTRIBUTION MADE TO NON-AFFILIATED,G2024,,PAC,POLITICAL ACTION COMMITTEE,GENERAL,2024,1827637,F3X,202410159686606316,23,Contributions to Federal Candidates/Committees and Other Political Committees,4101520242069571757,2024-11-14T02:36:39,,,,false,,,,,,,,,,https://docquery.fec.gov/cgi-bin/fecimg/?202410159686606316,AUSTIN,C00792994,TEXAS REPUBLICAN VOTER ENGAGEMENT PAC,TX,78701,,Q3,2024,SB,ITEMIZED DISBURSEMENTS,0.00,D,,Q,4111320241068411094,SB23.5462,2024,C00792994
A,ADD,,,,,,,,,,,,,,,,,,,C00427401,,,,,,,5000.0,2024-08-22,POLITICAL CONTRIBUTION,CONTRIBUTIONS,24K,CONTRIBUTION MADE TO NON-AFFILIATED,G2024,,PAC,POLITICAL ACTION COMMITTEE,GENERAL,2024,1827637,F3X,202410159686606315,23,Contributions to Federal Candidates/Committees and Other Political Committees,4101520242069571757,2024-11-14T02:36:39,,,,false,,,,,,,,,,https://docquery.fec.gov/cgi-bin/fecimg/?202410159686606315,AUSTIN,C00809970,HISPANIC LEADERSHIP TRUST,TX,78701,,Q3,2024,SB,ITEMIZED DISBURSEMENTS,0.00,D,,Q,4111320241068411092,SB23.5461,2024,C00809970
A,ADD,,,,,,,,,,,,,,,,,,,C00427401,,,,,,,530.0,2024-08-22,ADMIN & FEC REPORTING,OTHER,,,,,ORG,ORGANIZATION,,,1827637,F3X,202410159686606313,21B,Other Federal Operating Expenditures,4101520242069571757,2024-11-14T02:36:39,,,,false,,,,,,,,,,https://docquery.fec.gov/cgi-bin/fecimg/?202410159686606313,DULLES,,"MORGAN, MEREDITH & ASSOCIATES",VA,20166,,Q3,2024,SB,ITEMIZED DISBURSEMENTS,0.00,D,,Q,4111320241068411085,SB21B.5459,2024,
A,ADD,,,,,,,,,,,,,,,,,,,C00427401,,,,,,,260.04,2024-07-12,EARMARK PROCESSING FEE,OTHER,,,,,PAC,POLITICAL ACTION COMMITTEE,,,1827637,F3X,202410159686606314,21B,Other Federal Operating Expenditures,4101520242069571757,2024-11-14T02:36:39,,,,false,,,,,,,,,,https://docquery.fec.gov/cgi-bin/fecimg/?202410159686606314,ARLINGTON,C00694323,WINRED,VA,22203,,Q3,2024,SB,ITEMIZED DISBURSEMENTS,0.00,D,,Q,4111320241068411088,SB21B.5492,2024,C00694323
A,ADD,,,,,,,,,,,,,,,,,,,C00427401,,,,,,,20000.0,2024-07-12,POLTICAL STRATEGY CONSULTING,OTHER,,,,,ORG,ORGANIZATION,,,1827637,F3X,202410159686606313,21B,Other Federal Operating Expenditures,4101520242069571757,2024-11-14T02:36:39,,,,false,,,,,,,,,,https://docquery.fec.gov/cgi-bin/fecimg/?202410159686606313,LEAWOOD,,PREVAIL STRATEGIES,KS,66224,,Q3,2024,SB,ITEMIZED DISBURSEMENTS,0.00,D,,Q,4111320241068411086,SB21B.5455,2024,
A,ADD,,,RYAN ZINK FOR CONGRESS,RYAN,H4TX19318,ZINK,,"ZINK, RYAN",H,HOUSE,19,TX,TEXAS,,,,,,C00427401,,,,,,,2000.0,2024-07-01,POLITICAL CONTRIBUTION,CONTRIBUTIONS,24K,CONTRIBUTION MADE TO NON-AFFILIATED,G2024,,CCM,CAMPAIGN COMMITTEE,GENERAL,2024,1827637,F3X,202410159686606316,23,Contributions to Federal Candidates/Committees and Other Political Committees,4101520242069571757,2024-11-14T02:36:39,,,,false,,,,,,,,,,https://docquery.fec.gov/cgi-bin/fecimg/?202410159686606316,LUBBOCK,C00858993,RYAN ZINK FOR CONGRESS,TX,79424,,Q3,2024,SB,ITEMIZED DISBURSEMENTS,0.00,D,,Q,4111320241068411093,SB23.5448,2024,C00858993
A,ADD,,,,,,,,,,,,,,,,,,,C00427401,,,,,,,236.4,2024-07-01,EARMARK PROCESSING FEE,OTHER,,,,,PAC,POLITICAL ACTION COMMITTEE,,,1827637,F3X,202410159686606313,21B,Other Federal Operating Expenditures,4101520242069571757,2024-11-14T02:36:39,,,,false,,,,,,,,,,https://docquery.fec.gov/cgi-bin/fecimg/?202410159686606313,ARLINGTON,C00694323,WINRED,VA,22203,,Q3,2024,SB,ITEMIZED DISBURSEMENTS,0.00,D,,Q,4111320241068411087,SB21B.5491,2024,C00694323
A,ADD,,,DAN CRENSHAW FOR CONGRESS,DANIEL,H8TX02166,CRENSHAW,,"CRENSHAW, DANIEL",H,HOUSE,02,TX,TEXAS,,,,,,C00427401,,,,,,,5000.0,2024-06-30,POLITICAL CONTRIBUTION,CONTRIBUTIONS,24K,CONTRIBUTION MADE TO NON-AFFILIATED,G2024,,CCM,CAMPAIGN COMMITTEE,GENERAL,2024,1800061,F3X,202407159653694269,23,Contributions to Federal Candidates/Committees and Other Political Committees,4071520241973001318,2024-07-31T03:36:31,,,,false,,,,,,,,,,https://docquery.fec.gov/cgi-bin/fecimg/?202407159653694269,HOUSTON,C00660795,DAN CRENSHAW FOR CONGRESS,TX,77007,,Q2,2024,SB,ITEMIZED DISBURSEMENTS,0.00,D,,Q,4073020241981094946,SB23.5435,2024,C00660795
A,ADD,,,,,,,,,,,,,,,,,,,C00427401,,,,,,,6210.0,2024-05-09,EVENT - TICKETS,OTHER,,,,,ORG,ORGANIZATION,,,1788629,F3X,202406129648934074,21B,Other Federal Operating Expenditures,4061220241960609059,2024-06-13T03:36:29,,,,false,,,,,,,,,,https://docquery.fec.gov/cgi-bin/fecimg/?202406129648934074,WASHINGTON,,WASHINGTON NATIONALS,DC,20003,,12P,2024,SB,ITEMIZED DISBURSEMENTS,0.00,D,,Q,4061220241960633449,SB21B.5399,2024,
A,ADD,,,COLE FOR CONGRESS,TOM,H2OK04055,COLE,,"COLE, TOM",H,HOUSE,04,OK,OKLAHOMA,,,,,,C00427401,,,,,,,5000.0,2024-05-08,POLITICAL CONTRIBUTION,CONTRIBUTIONS,24K,CONTRIBUTION MADE TO NON-AFFILIATED,P2024,,CCM,CAMPAIGN COMMITTEE,PRIMARY,2024,1788629,F3X,202406129648934075,23,Contributions to Federal Candidates/Committees and Other Political Committees,4061220241960609059,2024-06-13T03:36:29,,,,false,,,,,,,,,,https://docquery.fec.gov/cgi-bin/fecimg/?202406129648934075,NORMAN,C00379735,COLE FOR CONGRESS,OK,73070,,12P,2024,SB,ITEMIZED DISBURSEMENTS,0.00,D,,Q,4061220241960633450,SB23.5396,2024,C00379735
A,ADD,,,,,,,,,,,,,,,,,,,C00427401,,,,,,,5000.0,2024-04-29,POLITICAL CONTRIBUTION,CONTRIBUTIONS,24K,CONTRIBUTION MADE TO NON-AFFILIATED,P,,PAC,POLITICAL ACTION COMMITTEE,PRIMARY,,1788629,F3X,202406129648934075,23,Contributions to Federal Candidates/Committees and Other Political Committees,4061220241960609059,2024-06-13T03:36:29,,,,false,,,,,,,,,,https://docquery.fec.gov/cgi-bin/fecimg/?202406129648934075,AUSTIN,C00809970,HISPANIC LEADERSHIP TRUST,TX,78701,,12P,2024,SB,ITEMIZED DISBURSEMENTS,0.00,D,,Q,4061220241960633451,SB23.5373,2024,C00809970
A,ADD,,,TONY GONZALES FOR CONGRESS,ERNEST ANTHONY TONY,H0TX35015,GONZALES,,"GONZALES, ERNEST ANTHONY TONY II",H,HOUSE,23,TX,TEXAS,,II,,,,C00427401,,,,,,,3300.0,2024-03-19,POLITICAL CONTRIBUTION,CONTRIBUTIONS,24K,CONTRIBUTION MADE TO NON-AFFILIATED,R2024,RUNOFF,CCM,CAMPAIGN COMMITTEE,RUNOFF,2024,1775525,F3X,202404159632795319,23,Contributions to Federal Candidates/Committees and Other Political Committees,4041520241895755045,2024-05-02T03:36:37,,,,false,,,,,,,,,,https://docquery.fec.gov/cgi-bin/fecimg/?202404159632795319,SAN ANTONIO,C00706614,TONY GONZALES FOR CONGRESS,TX,78270,,Q1,2024,SB,ITEMIZED DISBURSEMENTS,0.00,D,,Q,4050120241921273294,SB23.5365,2024,C00706614
A,ADD,,,,,,,,,,,,,,,,,,,C00427401,,,,,,,212.5,2024-02-15,REPORTING SERVICES,OTHER,,,,,ORG,ORGANIZATION,,,1775525,F3X,202404159632795318,21B,Other Federal Operating Expenditures,4041520241895755045,2024-05-02T03:36:37,,,,false,,,,,,,,,,https://docquery.fec.gov/cgi-bin/fecimg/?202404159632795318,DULLES,,"MORGAN, MEREDITH & ASSOCIATES",VA,20166,,Q1,2024,SB,ITEMIZED DISBURSEMENTS,0.00,D,,Q,4050120241921273292,SB21B.5347,2024,
A,ADD,,,,,,,,,,,,,,,,,,,C00427401,,,,,,,1000.0,2024-02-15,FUNDRAISING CONSULTING,OTHER,,,,,ORG,ORGANIZATION,,,1775525,F3X,202404159632795318,21B,Other Federal Operating Expenditures,4041520241895755045,2024-05-02T03:36:37,,,,false,,,,,,,,,,https://docquery.fec.gov/cgi-bin/fecimg/?202404159632795318,WASHINGTON,,"DRUCKER LAWHON, LLP",DC,20002,,Q1,2024,SB,ITEMIZED DISBURSEMENTS,0.00,D,,Q,4050120241921273291,SB21B.5348,2024,
A,ADD,,,,,,,,,,,,,,,,,,,C00427401,,,,,,,-5000.0,2024-02-01,VOID POLITICAL CONTRIBUTION 10/22/2022 - CHECK NOT CASHED,CONTRIBUTIONS,24K,CONTRIBUTION MADE TO NON-AFFILIATED,P,,PAC,POLITICAL ACTION COMMITTEE,PRIMARY,,1775525,F3X,202404159632795319,23,Contributions to Federal Candidates/Committees and Other Political Committees,4041520241895755045,2024-05-02T03:36:37,,,,false,,,,,,,,,,https://docquery.fec.gov/cgi-bin/fecimg/?202404159632795319,WASHINGTON,C00075820,NATIONAL REPUBLICAN CONGRESSIONAL COMMITTEE,DC,20003,,Q1,2024,SB,ITEMIZED DISBURSEMENTS,0.00,D,,Q,4050120241921273293,SB23.5353,2024,C00075820
A,ADD,,,,,,,,,,,,,,,,,,,C00427401,,,,,,,1000.0,2024-01-04,FUNDRAISING CONSULTING,OTHER,,,,,ORG,ORGANIZATION,,,1775525,F3X,202404159632795318,21B,Other Federal Operating Expenditures,4041520241895755045,2024-05-02T03:36:37,,,,false,,,,,,,,,,https://docquery.fec.gov/cgi-bin/fecimg/?202404159632795318,WASHINGTON,,"DRUCKER LAWHON, LLP",DC,20002,,Q1,2024,SB,ITEMIZED DISBURSEMENTS,0.00,D,,Q,4050120241921273290,SB21B.5344,2024,
A,ADD,,,SALAZAR FOR CONGRESS,MARIA ELVIRA,H8FL27185,SALAZAR,,"SALAZAR, MARIA ELVIRA",H,HOUSE,27,FL,FLORIDA,,,,,,C00427401,,,,,,,2000.0,2023-12-30,POLITICAL CONTRIBUTION,CONTRIBUTIONS,24K,CONTRIBUTION MADE TO NON-AFFILIATED,P2024,,CCM,CAMPAIGN COMMITTEE,PRIMARY,2024,1750972,F3X,202401319601163791,23,Contributions to Federal Candidates/Committees and Other Political Committees,4013120241817779265,2024-02-09T02:36:31,,,,false,,,,,,,,,,https://docquery.fec.gov/cgi-bin/fecimg/?202401319601163791,MIAMI,C00714261,SALAZAR FOR CONGRESS,FL,33134,,YE,2023,SB,ITEMIZED DISBURSEMENTS,0.00,D,,Q,4020820241823872195,SB23.5326,2024,C00714261
A,ADD,,,MAYRA FLORES FOR CONGRESS,MAYRA NOHEMI,H2TX34113,FLORES,,"FLORES, MAYRA NOHEMI",H,HOUSE,34,TX,TEXAS,,,,,,C00427401,,,,,,,2000.0,2023-12-30,POLITICAL CONTRIBUTION,CONTRIBUTIONS,24K,CONTRIBUTION MADE TO NON-AFFILIATED,P2024,,CCM,CAMPAIGN COMMITTEE,PRIMARY,2024,1750972,F3X,202401319601163791,23,Contributions to Federal Candidates/Committees and Other Political Committees,4013120241817779265,2024-02-09T02:36:31,,,,false,,,,,,,,,,https://docquery.fec.gov/cgi-bin/fecimg/?202401319601163791,LOS INDIOS,C00768994,MAYRA FLORES FOR CONGRESS,TX,78567,,YE,2023,SB,ITEMIZED DISBURSEMENTS,0.00,D,,Q,4020820241823872194,SB23.5320,2024,C00768994
A,ADD,,,FRIENDS OF DAVID SCHWEIKERT,DAVID S.,H4AZ06045,SCHWEIKERT,,"SCHWEIKERT, DAVID S.",H,HOUSE,01,AZ,ARIZONA,,,,,,C00427401,,,,,,,2000.0,2023-12-30,POLITICAL CONTRIBUTION,CONTRIBUTIONS,24K,CONTRIBUTION MADE TO NON-AFFILIATED,P2024,,CCM,CAMPAIGN COMMITTEE,PRIMARY,2024,1750972,F3X,202401319601163791,23,Contributions to Federal Candidates/Committees and Other Political Committees,4013120241817779265,2024-02-09T02:36:31,,,,false,,,,,,,,,,https://docquery.fec.gov/cgi-bin/fecimg/?202401319601163791,SCOTTSDALE,C00540617,FRIENDS OF DAVID SCHWEIKERT,AZ,85267,,YE,2023,SB,ITEMIZED DISBURSEMENTS,0.00,D,,Q,4020820241823872193,SB23.5331,2024,C00540617
A,ADD,,,SELF FOR CONGRESS,KEITH ALAN,H2TX00064,SELF,,"SELF, KEITH ALAN",H,HOUSE,26,TX,TEXAS,,,,,,C00427401,,,,,,,2000.0,2023-12-15,POLITICAL CONTRIBUTION,CONTRIBUTIONS,24K,CONTRIBUTION MADE TO NON-AFFILIATED,P2024,,CCM,CAMPAIGN COMMITTEE,PRIMARY,2024,1750972,F3X,202401319601163792,23,Contributions to Federal Candidates/Committees and Other Political Committees,4013120241817779265,2024-02-09T02:36:31,,,,false,,,,,,,,,,https://docquery.fec.gov/cgi-bin/fecimg/?202401319601163792,MCKINNEY,C00791293,SELF FOR CONGRESS,TX,75070,,YE,2023,SB,ITEMIZED DISBURSEMENTS,0.00,D,,Q,4020820241823872196,SB23.5332,2024,C00791293
A,ADD,,,,,,,,,,,,,,,,,,,C00427401,,,,,,,1000.0,2023-12-02,FUNDRAISING CONSULTING,OTHER,,,,,ORG,ORGANIZATION,,,1750972,F3X,202401319601163789,21B,Other Federal Operating Expenditures,4013120241817779265,2024-02-09T02:36:31,,,,false,,,,,,,,,,https://docquery.fec.gov/cgi-bin/fecimg/?202401319601163789,WASHINGTON,,"DRUCKER LAWHON, LLP",DC,20002,,YE,2023,SB,ITEMIZED DISBURSEMENTS,0.00,D,,Q,4020820241823872191,SB21B.5343,2024,
A,ADD,,,,,,,,,,,,,,,,,,,C00427401,,,,,,,4039.48,2023-11-07,FUNDRAISING CONSULTING,OTHER,,,,,ORG,ORGANIZATION,,,1750972,F3X,202401319601163789,21B,Other Federal Operating Expenditures,4013120241817779265,2024-02-09T02:36:31,,,,false,,,,,,,,,,https://docquery.fec.gov/cgi-bin/fecimg/?202401319601163789,WASHINGTON,,"DRUCKER LAWHON, LLP",DC,20002,,YE,2023,SB,ITEMIZED DISBURSEMENTS,0.00,D,,Q,4020820241823872190,SB21B.5316,2024,
A,ADD,,,,,,,,,,,,,,,,,,,C00427401,,,,,,,200.0,2023-10-31,REPORTING SERVICES,OTHER,,,,,ORG,ORGANIZATION,,,1750972,F3X,202401319601163790,21B,Other Federal Operating Expenditures,4013120241817779265,2024-02-09T02:36:31,,,,false,,,,,,,,,,https://docquery.fec.gov/cgi-bin/fecimg/?202401319601163790,DULLES,,"MORGAN, MEREDITH & ASSOCIATES",VA,20166,,YE,2023,SB,ITEMIZED DISBURSEMENTS,0.00,D,,Q,4020820241823872192,SB21B.5315,2024,
A,ADD,,,,,,,,,,,,,,,,,,,C00427401,,,,,,,3040.95,2023-10-31,FUNDRAISING CONSULTING,OTHER,,,,,ORG,ORGANIZATION,,,1750972,F3X,202401319601163789,21B,Other Federal Operating Expenditures,4013120241817779265,2024-02-09T02:36:31,,,,false,,,,,,,,,,https://docquery.fec.gov/cgi-bin/fecimg/?202401319601163789,WASHINGTON,,"DRUCKER LAWHON, LLP",DC,20002,,YE,2023,SB,ITEMIZED DISBURSEMENTS,0.00,D,,Q,4020820241823872189,SB21B.5317,2024,
A,ADD,,,,,,,,,,,,,,,,,,,C00427401,,,,,,,5000.0,2023-10-03,REFUND OF 1/2/23 CONTRIBUTION,REFUNDS,22Z,CONTRIBUTION REFUND TO CANDIDATE/COMMITTEE,P,,PAC,POLITICAL ACTION COMMITTEE,PRIMARY,,1750972,F3X,202401319601163793,28C,Refunds of Contributions to Other Political Committees,4013120241817779265,2024-02-09T02:36:31,,,,false,,,,,,,,,,https://docquery.fec.gov/cgi-bin/fecimg/?202401319601163793,ARLINGTON,C00097568,RAYTHEON COMPANY POLITICAL ACTION COMMITTTEE,VA,22209,,YE,2023,SB,ITEMIZED DISBURSEMENTS,0.00,D,,Q,4020820241823872197,SB28C.5314,2024,C00097568
N,NO CHANGE,,,VALADAO FOR CONGRESS,DAVID,H2CA20094,VALADAO,,"VALADAO, DAVID",H,HOUSE,22,CA,CALIFORNIA,,,,,,C00427401,,,,,,,2000.0,2023-06-30,POLITICAL CONTRIBUTION,CONTRIBUTIONS,24K,CONTRIBUTION MADE TO NON-AFFILIATED,P2024,,CCM,CAMPAIGN COMMITTEE,PRIMARY,2024,1733607,F3X,202310259598842964,23,Contributions to Federal Candidates/Committees and Other Political Committees,4102520231807138007,2023-10-28T03:36:34,,,,false,,,,,,,,,,https://docquery.fec.gov/cgi-bin/fecimg/?202310259598842964,FRESNO,C00499392,VALADAO FOR CONGRESS,CA,93704,,MY,2023,SB,ITEMIZED DISBURSEMENTS,0.00,D,,Q,4102720231807522344,SB23.5301,2024,C00499392
N,NO CHANGE,,,MONICA FOR CONGRESS,MONICA,H0TX15124,DE LA CRUZ,,"DE LA CRUZ, MONICA",H,HOUSE,15,TX,TEXAS,,,,,,C00427401,,,,,,,2000.0,2023-06-30,POLITICAL CONTRIBUTION,CONTRIBUTIONS,24K,CONTRIBUTION MADE TO NON-AFFILIATED,P2024,,CCM,CAMPAIGN COMMITTEE,PRIMARY,2024,1733607,F3X,202310259598842963,23,Contributions to Federal Candidates/Committees and Other Political Committees,4102520231807138007,2023-10-28T03:36:34,,,,false,,,,,,,,,,https://docquery.fec.gov/cgi-bin/fecimg/?202310259598842963,ALAMO,C00765719,MONICA FOR CONGRESS,TX,78516,,MY,2023,SB,ITEMIZED DISBURSEMENTS,0.00,D,,Q,4102720231807522342,SB23.5296,2024,C00765719
N,NO CHANGE,,,LALOTA FOR CONGRESS,NICK,H2NY01190,LALOTA,,"LALOTA, NICK",H,HOUSE,01,NY,NEW YORK,,,,,,C00427401,,,,,,,2000.0,2023-06-30,POLITICAL CONTRIBUTION,CONTRIBUTIONS,24K,CONTRIBUTION MADE TO NON-AFFILIATED,P2024,,CCM,CAMPAIGN COMMITTEE,PRIMARY,2024,1733607,F3X,202310259598842963,23,Contributions to Federal Candidates/Committees and Other Political Committees,4102520231807138007,2023-10-28T03:36:34,,,,false,,,,,,,,,,https://docquery.fec.gov/cgi-bin/fecimg/?202310259598842963,HAUPPAUGE,C00806018,LALOTA FOR CONGRESS,NY,11788,,MY,2023,SB,ITEMIZED DISBURSEMENTS,0.00,D,,Q,4102720231807522341,SB23.5297,2024,C00806018
N,NO CHANGE,,,KEN CALVERT FOR CONGRESS COMMITTEE,KEN,H2CA37023,CALVERT,,"CALVERT, KEN",H,HOUSE,41,CA,CALIFORNIA,,,,,,C00427401,,,,,,,2000.0,2023-06-30,POLITICAL CONTRIBUTION,CONTRIBUTIONS,24K,CONTRIBUTION MADE TO NON-AFFILIATED,P2024,,CCM,CAMPAIGN COMMITTEE,PRIMARY,2024,1733607,F3X,202310259598842962,23,Contributions to Federal Candidates/Committees and Other Political Committees,4102520231807138007,2023-10-28T03:36:34,,,,false,,,,,,,,,,https://docquery.fec.gov/cgi-bin/fecimg/?202310259598842962,CORONA,C00257337,KEN CALVERT FOR CONGRESS COMMITTEE,CA,92877,,MY,2023,SB,ITEMIZED DISBURSEMENTS,0.00,D,,Q,4102720231807522340,SB23.5292,2024,C00257337
N,NO CHANGE,,,"JOHN JAMES FOR CONGRESS, INC.",JOHN,H2MI10150,JAMES,,"JAMES, JOHN",H,HOUSE,10,MI,MICHIGAN,,,,,,C00427401,,,,,,,2000.0,2023-06-30,POLITICAL CONTRIBUTION,CONTRIBUTIONS,24K,CONTRIBUTION MADE TO NON-AFFILIATED,P2024,,CCM,CAMPAIGN COMMITTEE,PRIMARY,2024,1733607,F3X,202310259598842962,23,Contributions to Federal Candidates/Committees and Other Political Committees,4102520231807138007,2023-10-28T03:36:34,,,,false,,,,,,,,,,https://docquery.fec.gov/cgi-bin/fecimg/?202310259598842962,ST. CLAIR SHORES,C00803502,"JOHN JAMES FOR CONGRESS, INC.",MI,48080,,MY,2023,SB,ITEMIZED DISBURSEMENTS,0.00,D,,Q,4102720231807522339,SB23.5293,2024,C00803502
N,NO CHANGE,,,CISCOMANI FOR CONGRESS,JUAN,H2AZ02360,CISCOMANI,,"CISCOMANI, JUAN",H,HOUSE,06,AZ,ARIZONA,,,,,,C00427401,,,,,,,2000.0,2023-06-30,POLITICAL CONTRIBUTION,CONTRIBUTIONS,24K,CONTRIBUTION MADE TO NON-AFFILIATED,P2024,,CCM,CAMPAIGN COMMITTEE,PRIMARY,2024,1733607,F3X,202310259598842962,23,Contributions to Federal Candidates/Committees and Other Political Committees,4102520231807138007,2023-10-28T03:36:34,,,,false,,,,,,,,,,https://docquery.fec.gov/cgi-bin/fecimg/?202310259598842962,TUCSON,C00786194,CISCOMANI FOR CONGRESS,AZ,85740,,MY,2023,SB,ITEMIZED DISBURSEMENTS,0.00,D,,Q,4102720231807522338,SB23.5289,2024,C00786194
N,NO CHANGE,,,TED CRUZ FOR SENATE,RAFAEL EDWARD  TED,S2TX00312,CRUZ,,"CRUZ, RAFAEL EDWARD  TED",S,SENATE,00,TX,TEXAS,,,,,,C00427401,,,,,,,5000.0,2023-06-25,POLITICAL CONTRIBUTION,CONTRIBUTIONS,24K,CONTRIBUTION MADE TO NON-AFFILIATED,P2024,,CCM,CAMPAIGN COMMITTEE,PRIMARY,2024,1733607,F3X,202310259598842963,23,Contributions to Federal Candidates/Committees and Other Political Committees,4102520231807138007,2023-10-28T03:36:34,,,,false,,,,,,,,,,https://docquery.fec.gov/cgi-bin/fecimg/?202310259598842963,HOUSTON,C00492785,TED CRUZ FOR SENATE,TX,77265,,MY,2023,SB,ITEMIZED DISBURSEMENTS,0.00,D,,Q,4102720231807522343,SB23.5284,2024,C00492785
N,NO CHANGE,,,,,,,,,,,,,,,,,,,C00427401,,,,,,,232.5,2023-04-08,REPORTING SERVICES,OTHER,,,,,ORG,ORGANIZATION,,,1733607,F3X,202310259598842961,21B,Other Federal Operating Expenditures,4102520231807138007,2023-10-28T03:36:34,,,,false,,,,,,,,,,https://docquery.fec.gov/cgi-bin/fecimg/?202310259598842961,DULLES,,"MORGAN, MEREDITH & ASSOCIATES",VA,20166,,MY,2023,SB,ITEMIZED DISBURSEMENTS,0.00,D,,Q,4102720231807522337,SB21B.5279,2024,
N,NO CHANGE,,,,,,,,,,,,,,,,,,,C00427401,,,,,,,9749.08,2023-04-02,FUNDRAISING CONSULTING,OTHER,,,,,ORG,ORGANIZATION,,,1733607,F3X,202310259598842961,21B,Other Federal Operating Expenditures,4102520231807138007,2023-10-28T03:36:34,,,,false,,,,,,,,,,https://docquery.fec.gov/cgi-bin/fecimg/?202310259598842961,WASHINGTON,,"DRUCKER LAWHON, LLP",DC,20002,,MY,2023,SB,ITEMIZED DISBURSEMENTS,0.00,D,,Q,4102720231807522336,SB21B.5278,2024,
A,ADD,,,,,,,,,,,,,,,,,,,C00427401,,,,,,,5000.0,2022-12-30,NOTE: STATE/LOCAL POLITICAL CONTRIBUTION - FEDERALLY PERMISSIBLE FUNDS,OTHER,,,,,COM,OTHER COMMITTEE,,,1684184,F3X,202301319575340146,29,Other Disbursements,4013120231721276908,2023-02-03T03:36:05,,,,false,,,,,,,,,,https://docquery.fec.gov/cgi-bin/fecimg/?202301319575340146,GEORGETOWN,,KEEP TEXAS STRONG,TX,78627,,YE,2022,SB,ITEMIZED DISBURSEMENTS,0.00,D,,Q,4020220231722252862,SB29.5258,2022,
A,ADD,,,,,,,,,,,,,,,,,,,C00427401,,,,,,,450.0,2022-12-04,EVENT - CATERING,FUNDRAISING,,,,,ORG,ORGANIZATION,,,1684184,F3X,202301319575340145,21B,Other Federal Operating Expenditures,4013120231721276908,2023-02-03T03:36:05,,,,false,,,,,,,,,,https://docquery.fec.gov/cgi-bin/fecimg/?202301319575340145,WASHINGTON,,RGF SYSTEMS,DC,20010,,YE,2022,SB,ITEMIZED DISBURSEMENTS,0.00,D,,Q,4020220231722252861,SB21B.5265,2022,
A,ADD,,,,,,,,,,,,,,,,,,,C00427401,,,,,,,1000.0,2022-12-04,FUNDRAISING CONSULTING,OTHER,,,,,ORG,ORGANIZATION,,,1684184,F3X,202301319575340144,21B,Other Federal Operating Expenditures,4013120231721276908,2023-02-03T03:36:05,,,,false,,,,,,,,,,https://docquery.fec.gov/cgi-bin/fecimg/?202301319575340144,WASHINGTON,,"DRUCKER LAWHON, LLP",DC,20002,,YE,2022,SB,ITEMIZED DISBURSEMENTS,0.00,D,,Q,4020220231722252860,SB21B.5268,2022,
A,ADD,,,,,,,,,,,,,,,,,,,C00427401,,,,,,,3081.66,2022-12-04,EVENT - CATERING,FUNDRAISING,,,,,ORG,ORGANIZATION,,,1684184,F3X,202301319575340144,21B,Other Federal Operating Expenditures,4013120231721276908,2023-02-03T03:36:05,,,,false,,,,,,,,,,https://docquery.fec.gov/cgi-bin/fecimg/?202301319575340144,ALEXANDRIA,,BITTERSWEET CATERING,VA,22314,,YE,2022,SB,ITEMIZED DISBURSEMENTS,0.00,D,,Q,4020220231722252859,SB21B.5263,2022,
A,ADD,,,,,,,,,,,,,,,,,,,C00427401,,,,,,,450.0,2022-12-04,EVENT - CATERING,FUNDRAISING,,,,,ORG,ORGANIZATION,,,1684184,F3X,202301319575340144,21B,Other Federal Operating Expenditures,4013120231721276908,2023-02-03T03:36:05,,,,false,,,,,,,,,,https://docquery.fec.gov/cgi-bin/fecimg/?202301319575340144,UPPER MARBORO,,ARINZE QUARTERS,MD,20774,,YE,2022,SB,ITEMIZED DISBURSEMENTS,0.00,D,,Q,4020220231722252858,SB21B.5266,2022,
A,ADD,,,SALAZAR FOR CONGRESS,MARIA ELVIRA,H8FL27185,SALAZAR,,"SALAZAR, MARIA ELVIRA",H,HOUSE,27,FL,FLORIDA,,,011,Political Contributions,,C00427401,,,,,,,2900.0,2022-11-02,POLITICAL CONTRIBUTION,CONTRIBUTIONS,24K,CONTRIBUTION MADE TO NON-AFFILIATED,G2022,,CCM,CAMPAIGN COMMITTEE,GENERAL,2022,1670273,F3X,202212089550125678,23,Contributions to Federal Candidates/Committees and Other Political Committees,4120820221633586568,2023-01-06T04:06:11,,,,false,,,,,,,,,,https://docquery.fec.gov/cgi-bin/fecimg/?202212089550125678,MIAMI,C00714261,SALAZAR FOR CONGRESS,FL,33134,,30G,2022,SB,ITEMIZED DISBURSEMENTS,0.00,D,,Q,4010520231666148343,SB23.5231,2022,C00714261
A,ADD,,,"MARK ALFORD FOR CONGRESS, INC.",MARK,H2MO04207,ALFORD,,"ALFORD, MARK",H,HOUSE,04,MO,MISSOURI,,,,,,C00427401,,,,,,,1000.0,2022-11-02,POLITICAL CONTRIBUTION,CONTRIBUTIONS,24K,CONTRIBUTION MADE TO NON-AFFILIATED,G2022,,CCM,CAMPAIGN COMMITTEE,GENERAL,2022,1670273,F3X,202212089550125678,23,Contributions to Federal Candidates/Committees and Other Political Committees,4120820221633586568,2023-01-06T04:06:11,,,,false,,,,,,,,,,https://docquery.fec.gov/cgi-bin/fecimg/?202212089550125678,RAYMORE,C00792598,"MARK ALFORD FOR CONGRESS, INC.",MO,64083,,30G,2022,SB,ITEMIZED DISBURSEMENTS,0.00,D,,Q,4010520231666148341,SB23.5228,2022,C00792598
A,ADD,,,,,,,,,,,,,,,,,,,C00427401,,,,,,,112.5,2022-11-02,REPORTING SERVICES,OTHER,,,,,ORG,ORGANIZATION,,,1670273,F3X,202212089550125677,21B,Other Federal Operating Expenditures,4120820221633586568,2023-01-06T04:06:11,,,,false,,,,,,,,,,https://docquery.fec.gov/cgi-bin/fecimg/?202212089550125677,DULLES,,"MORGAN, MEREDITH & ASSOCIATES",VA,20166,,30G,2022,SB,ITEMIZED DISBURSEMENTS,0.00,D,,Q,4010520231666148340,SB21B.5239,2022,
A,ADD,,,,,,,,,,,,,,,,,,,C00427401,,,,,,,1000.0,2022-11-02,FUNDRAISING CONSULTING,OTHER,,,,,ORG,ORGANIZATION,,,1670273,F3X,202212089550125677,21B,Other Federal Operating Expenditures,4120820221633586568,2023-01-06T04:06:11,,,,false,,,,,,,,,,https://docquery.fec.gov/cgi-bin/fecimg/?202212089550125677,WASHINGTON,,"DRUCKER LAWHON, LLP",DC,20002,,30G,2022,SB,ITEMIZED DISBURSEMENTS,0.00,D,,Q,4010520231666148339,SB21B.5236,2022,
A,ADD,,,,,,,,,,,,,,,,,,,C00427401,,,,,,,2000.0,2022-10-24,STATE/LOCAL CONTRIBUTION - FEDERALLY PERMISSIBLE FUNDS,OTHER,,,,,COM,OTHER COMMITTEE,,,1670273,F3X,202212089550125679,29,Other Disbursements,4120820221633586568,2023-01-06T04:06:11,,,,false,,,,,,,,,,https://docquery.fec.gov/cgi-bin/fecimg/?202212089550125679,AUSTIN,,ASSOCIATED REPUBLICANS OF TEXAS,TX,78701,,30G,2022,SB,ITEMIZED DISBURSEMENTS,0.00,D,,Q,4010520231666148344,SB29.5246,2022,
A,ADD,,,MONICA FOR CONGRESS,MONICA,H0TX15124,DE LA CRUZ,,"DE LA CRUZ, MONICA",H,HOUSE,15,TX,TEXAS,,,011,Political Contributions,,C00427401,,,,,,,2500.0,2022-10-22,POLITICAL CONTRIBUTION,CONTRIBUTIONS,24K,CONTRIBUTION MADE TO NON-AFFILIATED,G2022,,CCM,CAMPAIGN COMMITTEE,GENERAL,2022,1670273,F3X,202212089550125678,23,Contributions to Federal Candidates/Committees and Other Political Committees,4120820221633586568,2023-01-06T04:06:11,,,,false,,,,,,,,,,https://docquery.fec.gov/cgi-bin/fecimg/?202212089550125678,ALAMO,C00765719,MONICA FOR CONGRESS,TX,78516,,30G,2022,SB,ITEMIZED DISBURSEMENTS,0.00,D,,Q,4010520231666148342,SB23.5242,2022,C00765719
N,NO CHANGE,,,,,,,,,,,,,,,,,,,C00427401,,,,,,,5000.0,2022-10-11,POLITICAL CONTRIBUTION,CONTRIBUTIONS,24K,CONTRIBUTION MADE TO NON-AFFILIATED,P,,PTY,POLITICAL PARTY COMMITTEE,PRIMARY,,1670197,F3X,202212089550114388,23,Contributions to Federal Candidates/Committees and Other Political Committees,4120820221633586508,2022-12-10T04:06:51,,,,false,,,,,,,,,,https://docquery.fec.gov/cgi-bin/fecimg/?202212089550114388,AUSTIN,C00143743,REPUBLICAN PARTY OF TEXAS,TX,78768,,12G,2022,SB,ITEMIZED DISBURSEMENTS,0.00,D,,Q,4120920221633962936,SB23.5217,2022,C00143743
N,NO CHANGE,,,,,,,,,,,,,,,,,,,C00427401,,,,,,,5000.0,2022-10-02,POLITICAL CONTRIBUTION,CONTRIBUTIONS,24K,CONTRIBUTION MADE TO NON-AFFILIATED,P,,PAC,POLITICAL ACTION COMMITTEE,PRIMARY,,1670197,F3X,202212089550114388,23,Contributions to Federal Candidates/Committees and Other Political Committees,4120820221633586508,2022-12-10T04:06:51,,,,false,,,,,,,,,,https://docquery.fec.gov/cgi-bin/fecimg/?202212089550114388,WASHINGTON,C00075820,NATIONAL REPUBLICAN CONGRESSIONAL COMMITTEE,DC,20003,,12G,2022,SB,ITEMIZED DISBURSEMENTS,0.00,D,,Q,4120920221633962935,SB23.5219,2022,C00075820
N,NO CHANGE,,,KEN CALVERT FOR CONGRESS COMMITTEE,KEN,H2CA37023,CALVERT,,"CALVERT, KEN",H,HOUSE,41,CA,CALIFORNIA,,,,,,C00427401,,,,,,,1000.0,2022-09-18,POLITICAL CONTRIBUTION,CONTRIBUTIONS,24K,CONTRIBUTION MADE TO NON-AFFILIATED,G2022,,CCM,CAMPAIGN COMMITTEE,GENERAL,2022,1670162,F3X,202212089550105231,23,Contributions to Federal Candidates/Committees and Other Political Committees,4120820221633586480,2022-12-21T04:06:56,,,,false,,,,,,,,,,https://docquery.fec.gov/cgi-bin/fecimg/?202212089550105231,CORONA,C00257337,KEN CALVERT FOR CONGRESS COMMITTEE,CA,92877,,Q3,2022,SB,ITEMIZED DISBURSEMENTS,0.00,D,,Q,4122020221638925943,SB23.5211,2022,C00257337
N,NO CHANGE,,,,,,,,,,,,,,,,,,,C00427401,,,,,,,4000.0,2022-09-18,FUNDRAISING CONSULTING,OTHER,,,,,ORG,ORGANIZATION,,,1670162,F3X,202212089550105230,21B,Other Federal Operating Expenditures,4120820221633586480,2022-12-21T04:06:56,,,,false,,,,,,,,,,https://docquery.fec.gov/cgi-bin/fecimg/?202212089550105230,WASHINGTON,,"DRUCKER LAWHON, LLP",DC,20002,,Q3,2022,SB,ITEMIZED DISBURSEMENTS,0.00,D,,Q,4122020221638925942,SB21B.5210,2022,
N,NO CHANGE,,,PALAZZO FOR CONGRESS,STEVEN MCCARTY,H0MS04120,PALAZZO,,"PALAZZO, STEVEN MCCARTY",H,HOUSE,04,MS,MISSISSIPPI,,,,,,C00427401,,,,,,,1000.0,2022-06-15,POLITICAL CONTRIBUTION,CONTRIBUTIONS,24K,CONTRIBUTION MADE TO NON-AFFILIATED,R2022,RUNOFF,CCM,CAMPAIGN COMMITTEE,RUNOFF,2022,1670150,F3X,202212089550102739,23,Contributions to Federal Candidates/Committees and Other Political Committees,4120820221633586468,2022-12-21T04:06:56,,,,false,,,,,,,,,,https://docquery.fec.gov/cgi-bin/fecimg/?202212089550102739,GULFPORT,C00477323,PALAZZO FOR CONGRESS,MS,39506,,Q2,2022,SB,ITEMIZED DISBURSEMENTS,0.00,D,,Q,4122020221638925763,SB23.5198,2022,C00477323
N,NO CHANGE,,,,,,,,,,,,,,,,,,,C00427401,,,,,,,237.5,2022-06-07,REPORTING SERVICES,OTHER,,,,,ORG,ORGANIZATION,,,1670150,F3X,202212089550102738,21B,Other Federal Operating Expenditures,4120820221633586468,2022-12-21T04:06:56,,,,false,,,,,,,,,,https://docquery.fec.gov/cgi-bin/fecimg/?202212089550102738,DULLES,,"MORGAN, MEREDITH & ASSOCIATES",VA,20166,,Q2,2022,SB,ITEMIZED DISBURSEMENTS,0.00,D,,Q,4122020221638925762,SB21B.5202,2022,
N,NO CHANGE,,,,,,,,,,,,,,,,,,,C00427401,,,,,,,5000.0,2022-06-07,FUNDRAISING CONSULTING,OTHER,,,,,ORG,ORGANIZATION,,,1670150,F3X,202212089550102738,21B,Other Federal Operating Expenditures,4120820221633586468,2022-12-21T04:06:56,,,,false,,,,,,,,,,https://docquery.fec.gov/cgi-bin/fecimg/?202212089550102738,WASHINGTON,,"DRUCKER LAWHON, LLP",DC,20002,,Q2,2022,SB,ITEMIZED DISBURSEMENTS,0.00,D,,Q,4122020221638925761,SB21B.5201,2022,
N,NO CHANGE,,,KEN CALVERT FOR CONGRESS COMMITTEE,KEN,H2CA37023,CALVERT,,"CALVERT, KEN",H,HOUSE,41,CA,CALIFORNIA,,,,,,C00427401,,,,,,,1000.0,2021-12-30,POLITICAL CONTRIBUTION,CONTRIBUTIONS,24K,CONTRIBUTION MADE TO NON-AFFILIATED,P2022,,CCM,CAMPAIGN COMMITTEE,PRIMARY,2022,1667434,F3X,202212089547391345,23,Contributions to Federal Candidates/Committees and Other Political Committees,4120820221633584310,2023-01-10T04:06:09,,,,false,,,,,,,,,,https://docquery.fec.gov/cgi-bin/fecimg/?202212089547391345,CORONA,C00257337,KEN CALVERT FOR CONGRESS COMMITTEE,CA,92877,,YE,2021,SB,ITEMIZED DISBURSEMENTS,0.00,D,,Q,4010920231666589316,SB23.5176,2022,C00257337
N,NO CHANGE,,,,,,,,,,,,,,,,,,,C00427401,,,,,,,2000.0,2021-12-28,FUNDRAISING CONSULTING,OTHER,,,,,ORG,ORGANIZATION,,,1667434,F3X,202212089547391344,21B,Other Federal Operating Expenditures,4120820221633584310,2023-01-10T04:06:09,,,,false,,,,,,,,,,https://docquery.fec.gov/cgi-bin/fecimg/?202212089547391344,WASHINGTON,,"DRUCKER LAWHON, LLP",DC,20002,,YE,2021,SB,ITEMIZED DISBURSEMENTS,0.00,D,,Q,4010920231666589314,SB21B.5175,2022,
N,NO CHANGE,,,VICKY HARTZLER FOR SENATE,VICKY J,S2MO00593,HARTZLER,,"HARTZLER, VICKY J",S,SENATE,00,MO,MISSOURI,,,,,,C00427401,,,,,,,1000.0,2021-09-30,POLITICAL CONTRIBUTION,CONTRIBUTIONS,24K,CONTRIBUTION MADE TO NON-AFFILIATED,P2022,,CCM,CAMPAIGN COMMITTEE,PRIMARY,2022,1667434,F3X,202212089547391345,23,Contributions to Federal Candidates/Committees and Other Political Committees,4120820221633584310,2023-01-10T04:06:09,,,,false,,,,,,,,,,https://docquery.fec.gov/cgi-bin/fecimg/?202212089547391345,HARRISONVILLE,C00464602,VICKY HARTZLER FOR SENATE,MO,64701,,YE,2021,SB,ITEMIZED DISBURSEMENTS,0.00,D,,Q,4010920231666589317,SB23.5177,2022,C00464602
N,NO CHANGE,,,,,,,,,,,,,,,,,,,C00427401,,,,,,,219.5,2021-09-29,REPORTING SERVICES,OTHER,,,,,ORG,ORGANIZATION,,,1667434,F3X,202212089547391344,21B,Other Federal Operating Expenditures,4120820221633584310,2023-01-10T04:06:09,,,,false,,,,,,,,,,https://docquery.fec.gov/cgi-bin/fecimg/?202212089547391344,DULLES,,"MORGAN, MEREDITH & ASSOCIATES",VA,20166,,YE,2021,SB,ITEMIZED DISBURSEMENTS,0.00,D,,Q,4010920231666589315,SB21B.5167,2022,
N,NO CHANGE,,,,,,,,,,,,,,,,,,,C00427401,,,,,,,5000.0,2021-09-29,FUNDRAISING CONSULTING,OTHER,,,,,ORG,ORGANIZATION,,,1667434,F3X,202212089547391344,21B,Other Federal Operating Expenditures,4120820221633584310,2023-01-10T04:06:09,,,,false,,,,,,,,,,https://docquery.fec.gov/cgi-bin/fecimg/?202212089547391344,WASHINGTON,,"DRUCKER LAWHON, LLP",DC,20002,,YE,2021,SB,ITEMIZED DISBURSEMENTS,0.00,D,,Q,4010920231666589313,SB21B.5166,2022,
A,ADD,,,,,,,,,,,,,,,,,,,C00427401,,,,,,,2000.0,2021-02-06,FUNDRAISING CONSULTING,OTHER,,,,,ORG,ORGANIZATION,,,1532090,F3X,202107309452360680,21B,Other Federal Operating Expenditures,4073120211324225225,2021-08-03T04:55:42.546000,,,,false,,,,,,,,,,https://docquery.fec.gov/cgi-bin/fecimg/?202107309452360680,WASHINGTON,,"DRUCKER LAWHON, LLP",DC,20002,,MY,2021,SB,ITEMIZED DISBURSEMENTS,0.00,D,,Q,4080320211324465562,SB21B.5154,2022,
A,ADD,,,,,,,,,,,,,,,,,,,C00427401,,,,,,,-3500.0,2021-01-01,"VOIDED 2/10/2020 CONTRIBUTION - CHECK NEVER CASHED, NO REPLACEMENT",CONTRIBUTIONS,24K,CONTRIBUTION MADE TO NON-AFFILIATED,P,,PAC,POLITICAL ACTION COMMITTEE,PRIMARY,,1532090,F3X,202107309452360681,23,Contributions to Federal Candidates/Committees and Other Political Committees,4073120211324225225,2021-08-03T04:55:42.546000,,,,false,,,,,,,,,,https://docquery.fec.gov/cgi-bin/fecimg/?202107309452360681,WASHINGTON,C00504530,CONGRESSIONAL LEADERSHIP FUND,DC,20006,,MY,2021,SB,ITEMIZED DISBURSEMENTS,0.00,D,,Q,4080320211324465563,SB23.5156,2022,C00504530
A,ADD,,,,,,,,,,,,,,,,,,,C00427401,,,,,,,1029.96,2020-12-01,FUNDRAISING CONSULTING,OTHER,,,,,ORG,ORGANIZATION,,,1494046,F3X,202101299417667455,21B,Other Federal Operating Expenditures,4013020212139070963,2021-01-30T04:00:52.082000,,,,false,,,,,,,,,,https://docquery.fec.gov/cgi-bin/fecimg/?202101299417667455,WASHINGTON,,"DRUCKER LAWHON, LLP",DC,20002,,YE,2020,SB,ITEMIZED DISBURSEMENTS,0.00,D,,Q,4013020212139279403,SB21B.5150,2020,
A,ADD,,,,,,,,,,,,,,,,,,,C00427401,,,,,,,180.0,2020-11-17,REPORTING SERVICES,OTHER,,,,,ORG,ORGANIZATION,,,1481388,F3X,202012039351648750,21B,Other Federal Operating Expenditures,4120520201964454643,2021-01-01T03:51:55.349000,,,,false,,,,,,,,,,https://docquery.fec.gov/cgi-bin/fecimg/?202012039351648750,DULLES,,"MORGAN, MEREDITH & ASSOCIATES",VA,20166,,30G,2020,SB,ITEMIZED DISBURSEMENTS,0.00,D,,Q,4010120211989052324,SB21B.5147,2020,
A,ADD,,,"COLLINS FOR SENATE, INC.",DOUGLAS ALLEN,S0GA00567,COLLINS,,"COLLINS, DOUGLAS ALLEN",S,SENATE,00,GA,GEORGIA,,,,,,C00427401,,,,,,,1000.0,2020-10-15,POLITICAL CONTRIBUTION,CONTRIBUTIONS,24K,CONTRIBUTION MADE TO NON-AFFILIATED,G2020,,CCM,CAMPAIGN COMMITTEE,GENERAL,2020,1481388,F3X,202012039351648751,23,Contributions to Federal Candidates/Committees and Other Political Committees,4120520201964454643,2021-01-01T03:51:55.349000,,,,false,,,,,,,,,,https://docquery.fec.gov/cgi-bin/fecimg/?202012039351648751,GAINESVILLE,C00736983,"COLLINS FOR SENATE, INC.",GA,30503,,30G,2020,SB,ITEMIZED DISBURSEMENTS,0.00,D,,Q,4010120211989052325,SB23.5140,2020,C00736983
A,ADD,,,,,,,,,,,,,,,,,,,C00427401,,,,,,,124.0,2020-10-15,REPORTING SERVICES,OTHER,,,,,ORG,ORGANIZATION,,,1481388,F3X,202012039351648750,21B,Other Federal Operating Expenditures,4120520201964454643,2021-01-01T03:51:55.349000,,,,false,,,,,,,,,,https://docquery.fec.gov/cgi-bin/fecimg/?202012039351648750,DULLES,,"MORGAN, MEREDITH & ASSOCIATES",VA,20166,,30G,2020,SB,ITEMIZED DISBURSEMENTS,0.00,D,,Q,4010120211989052323,SB21B.5139,2020,
A,ADD,,,,,,,,,,,,,,,,,,,C00427401,,,,,,,4103.02,2020-10-15,FUNDRAISING CONSULTING,OTHER,,,,,ORG,ORGANIZATION,,,1481388,F3X,202012039351648750,21B,Other Federal Operating Expenditures,4120520201964454643,2021-01-01T03:51:55.349000,,,,false,,,,,,,,,,https://docquery.fec.gov/cgi-bin/fecimg/?202012039351648750,WASHINGTON,,"DRUCKER LAWHON, LLP",DC,20002,,30G,2020,SB,ITEMIZED DISBURSEMENTS,0.00,D,,Q,4010120211989052322,SB21B.5138,2020,
A,ADD,,,,,,,,,,,,,,,,,,,C00427401,,,,,,,134.0,2020-05-15,REPORTING SERVICES,OTHER,,,,,ORG,ORGANIZATION,,,1423634,F3X,202007159245007725,21B,Other Federal Operating Expenditures,4071520201790617413,2020-07-16T03:34:10.225000,,,,false,,,,,,,,,,http://docquery.fec.gov/cgi-bin/fecimg/?202007159245007725,DULLES,,"MORGAN, MEREDITH & ASSOCIATES",VA,20166,,Q2,2020,SB,ITEMIZED DISBURSEMENTS,0.00,D,,Q,4071520201790835888,SB21B.5130,2020,
A,ADD,,,,,,,,,,,,,,,,,,,C00427401,,,,,,,2950.0,2020-05-15,FUNDRAISING CONSULTING,OTHER,,,,,ORG,ORGANIZATION,,,1423634,F3X,202007159245007725,21B,Other Federal Operating Expenditures,4071520201790617413,2020-07-16T03:34:10.225000,,,,false,,,,,,,,,,http://docquery.fec.gov/cgi-bin/fecimg/?202007159245007725,WASHINGTON,,"DRUCKER LAWHON, LLP",DC,20002,,Q2,2020,SB,ITEMIZED DISBURSEMENTS,0.00,D,,Q,4071520201790835887,SB21B.5129,2020,
A,ADD,,,,,,,,,,,,,,,,,,,C00427401,,,,,,,2000.0,2020-04-01,FUNDRAISING CONSULTING,OTHER,,,,,ORG,ORGANIZATION,,,1423634,F3X,202007159245007725,21B,Other Federal Operating Expenditures,4071520201790617413,2020-07-16T03:34:10.225000,,,,false,,,,,,,,,,http://docquery.fec.gov/cgi-bin/fecimg/?202007159245007725,WASHINGTON,,"DRUCKER LAWHON, LLP",DC,20002,,Q2,2020,SB,ITEMIZED DISBURSEMENTS,0.00,D,,Q,4071520201790835886,SB21B.5126,2020,
A,ADD,,,,,,,,,,,,,,,,,,,C00427401,,,,,,,3500.0,2020-02-10,POLITICAL CONTRIBUTION,CONTRIBUTIONS,24K,CONTRIBUTION MADE TO NON-AFFILIATED,P,,PAC,POLITICAL ACTION COMMITTEE,PRIMARY,,1399185,F3X,202004159219140020,23,Contributions to Federal Candidates/Committees and Other Political Committees,4041520201736799246,2020-04-17T03:28:50.578000,,,,false,,,,,,,,,,http://docquery.fec.gov/cgi-bin/fecimg/?202004159219140020,WASHINGTON,C00504530,CONGRESSIONAL LEADERSHIP FUND,DC,20006,,Q1,2020,SB,ITEMIZED DISBURSEMENTS,0.00,D,,Q,4041620201737181231,SB23.5111,2020,C00504530
A,ADD,,,,,,,,,,,,,,,,,,,C00427401,,,,,,,2500.0,2020-01-16,CHARITABLE CONTRIBUTION,OTHER,,,,,ORG,ORGANIZATION,,,1399185,F3X,202004159219140021,29,Other Disbursements,4041520201736799246,2020-04-17T03:28:50.578000,,,,false,,,,,,,,,,http://docquery.fec.gov/cgi-bin/fecimg/?202004159219140021,AUSTIN,,HISPANIC REPUBLICANS OF TEXAS,TX,78755,,Q1,2020,SB,ITEMIZED DISBURSEMENTS,0.00,D,,Q,4041620201737181232,SB29.5115,2020,
A,ADD,,,,,,,,,,,,,,,,,,,C00427401,,,,,,,1000.0,2020-01-16,FUNDRAISING CONSULTING,OTHER,,,,,ORG,ORGANIZATION,,,1399185,F3X,202004159219140019,21B,Other Federal Operating Expenditures,4041520201736799246,2020-04-17T03:28:50.577000,,,,false,,,,,,,,,,http://docquery.fec.gov/cgi-bin/fecimg/?202004159219140019,WASHINGTON,,"DRUCKER LAWHON, LLP",DC,20002,,Q1,2020,SB,ITEMIZED DISBURSEMENTS,0.00,D,,Q,4041620201737181230,SB21B.5117,2020,
A,ADD,,,KAY GRANGER CAMPAIGN FUND,KAY,H6TX12060,GRANGER,,"GRANGER, KAY",H,HOUSE,12,TX,TEXAS,,,,,,C00427401,,,,,,,2000.0,2019-12-31,POLITICAL CONTRIBUTION,CONTRIBUTIONS,24K,CONTRIBUTION MADE TO NON-AFFILIATED,P2020,,CCM,CAMPAIGN COMMITTEE,PRIMARY,2020,1378032,F3X,202001319184720522,23,Contributions to Federal Candidates/Committees and Other Political Committees,4013120201686191267,2020-02-22T03:46:27.713000,,,,false,,,,,,,,,,http://docquery.fec.gov/cgi-bin/fecimg/?202001319184720522,FORT WORTH,C00310532,KAY GRANGER CAMPAIGN FUND,TX,76107,,YE,2019,SB,ITEMIZED DISBURSEMENTS,0.00,D,,Q,4022120201693769819,SB23.5104,2020,C00310532
A,ADD,,,JAIME FOR CONGRESS,JAIME,H0WA03187,HERRERA,,"HERRERA, JAIME",H,HOUSE,03,WA,WASHINGTON,,,,,,C00427401,,,,,,,5000.0,2019-12-18,POLITICAL CONTRIBUTION,CONTRIBUTIONS,24K,CONTRIBUTION MADE TO NON-AFFILIATED,P2020,,CCM,CAMPAIGN COMMITTEE,PRIMARY,2020,1378032,F3X,202001319184720522,23,Contributions to Federal Candidates/Committees and Other Political Committees,4013120201686191267,2020-02-22T03:46:27.713000,,,,false,,,,,,,,,,http://docquery.fec.gov/cgi-bin/fecimg/?202001319184720522,RIDGEFIELD,C00472704,JAIME FOR CONGRESS,WA,98642,,YE,2019,SB,ITEMIZED DISBURSEMENTS,0.00,D,,Q,4022120201693769818,SB23.5099,2020,C00472704
A,ADD,,,,,,,,,,,,,,,,,,,C00427401,,,,,,,78.5,2019-12-18,REPORTING SERVICES,OTHER,,,,,ORG,ORGANIZATION,,,1378032,F3X,202001319184720521,21B,Other Federal Operating Expenditures,4013120201686191267,2020-02-22T03:46:27.713000,,,,false,,,,,,,,,,http://docquery.fec.gov/cgi-bin/fecimg/?202001319184720521,DULLES,,"MORGAN, MEREDITH & ASSOCIATES",VA,20166,,YE,2019,SB,ITEMIZED DISBURSEMENTS,0.00,D,,Q,4022120201693769816,SB21B.5098,2020,
A,ADD,,,,,,,,,,,,,,,,,,,C00427401,,,,,,,1000.0,2019-12-18,FUNDRAISING CONSULTING,OTHER,,,,,ORG,ORGANIZATION,,,1378032,F3X,202001319184720520,21B,Other Federal Operating Expenditures,4013120201686191267,2020-02-22T03:46:27.713000,,,,false,,,,,,,,,,http://docquery.fec.gov/cgi-bin/fecimg/?202001319184720520,WASHINGTON,,"DRUCKER LAWHON, LLP",DC,20002,,YE,2019,SB,ITEMIZED DISBURSEMENTS,0.00,D,,Q,4022120201693769814,SB21B.5097,2020,
A,ADD,,,STEVE CHABOT FOR CONGRESS,STEVE,H8OH01043,CHABOT,,"CHABOT, STEVE",H,HOUSE,01,OH,OHIO,,,,,,C00427401,,,,,,,1000.0,2019-11-03,POLITICAL CONTRIBUTION,CONTRIBUTIONS,24K,CONTRIBUTION MADE TO NON-AFFILIATED,P2020,,CCM,CAMPAIGN COMMITTEE,PRIMARY,2020,1378032,F3X,202001319184720523,23,Contributions to Federal Candidates/Committees and Other Political Committees,4013120201686191267,2020-02-22T03:46:27.713000,,,,false,,,,,,,,,,http://docquery.fec.gov/cgi-bin/fecimg/?202001319184720523,CINCINNATI,C00301838,STEVE CHABOT FOR CONGRESS,OH,45211,,YE,2019,SB,ITEMIZED DISBURSEMENTS,0.00,D,,Q,4022120201693769820,SB23.5096,2020,C00301838
A,ADD,,,HUNT FOR CONGRESS,WESLEY,H0TX07170,HUNT,,"HUNT, WESLEY",H,HOUSE,07,TX,TEXAS,,,,,,C00427401,,,,,,,500.0,2019-10-11,POLITICAL CONTRIBUTION,CONTRIBUTIONS,24K,CONTRIBUTION MADE TO NON-AFFILIATED,P2020,,CCM,CAMPAIGN COMMITTEE,PRIMARY,2020,1378032,F3X,202001319184720522,23,Contributions to Federal Candidates/Committees and Other Political Committees,4013120201686191267,2020-02-22T03:46:27.713000,,,,false,,,,,,,,,,http://docquery.fec.gov/cgi-bin/fecimg/?202001319184720522,HOUSTON,C00701003,HUNT FOR CONGRESS,TX,77056,,YE,2019,SB,ITEMIZED DISBURSEMENTS,0.00,D,,Q,4022120201693769817,SB23.5091,2020,C00701003
A,ADD,,,,,,,,,,,,,,,,,,,C00427401,,,,,,,70.0,2019-10-11,REPORTING SERVICES,OTHER,,,,,ORG,ORGANIZATION,,,1378032,F3X,202001319184720520,21B,Other Federal Operating Expenditures,4013120201686191267,2020-02-22T03:46:27.713000,,,,false,,,,,,,,,,http://docquery.fec.gov/cgi-bin/fecimg/?202001319184720520,DULLES,,"MORGAN, MEREDITH & ASSOCIATES",VA,20166,,YE,2019,SB,ITEMIZED DISBURSEMENTS,0.00,D,,Q,4022120201693769815,SB21B.5090,2020,
A,ADD,,,,,,,,,,,,,,,,,,,C00427401,,,,,,,4140.0,2019-10-11,FUNDRAISING CONSULTING,OTHER,,,,,ORG,ORGANIZATION,,,1378032,F3X,202001319184720520,21B,Other Federal Operating Expenditures,4013120201686191267,2020-02-22T03:46:27.713000,,,,false,,,,,,,,,,http://docquery.fec.gov/cgi-bin/fecimg/?202001319184720520,WASHINGTON,,"DRUCKER LAWHON, LLP",DC,20002,,YE,2019,SB,ITEMIZED DISBURSEMENTS,0.00,D,,Q,4022120201693769813,SB21B.5089,2020,
A,ADD,,,,,,,,,,,,,,,,,,,C00427401,,,,,,,1035.0,2019-06-26,FUNDRAISING CONSULTING,OTHER,,,,,ORG,ORGANIZATION,,,1340618,F3X,201907159150895527,21B,Other Federal Operating Expenditures,4071520191659542228,2019-07-19T03:44:46.345000,,,,false,,,,,,,,,,http://docquery.fec.gov/cgi-bin/fecimg/?201907159150895527,WASHINGTON,,"DRUCKER LAWHON, LLP",DC,20002,,MY,2019,SB,ITEMIZED DISBURSEMENTS,0.00,D,,Q,4071820191660063449,SB21B.5078,2020,
A,ADD,,,,,,,,,,,,,,,,,,,C00427401,,,,,,,1000.0,2019-05-15,FUNDRAISING CONSULTING,OTHER,,,,,ORG,ORGANIZATION,,,1340618,F3X,201907159150895526,21B,Other Federal Operating Expenditures,4071520191659542228,2019-07-19T03:44:46.345000,,,,false,,,,,,,,,,http://docquery.fec.gov/cgi-bin/fecimg/?201907159150895526,WASHINGTON,,"DRUCKER LAWHON, LLP",DC,20002,,MY,2019,SB,ITEMIZED DISBURSEMENTS,0.00,D,,Q,4071820191660063447,SB21B.5076,2020,
A,ADD,,,,,,,,,,,,,,,,,,,C00427401,,,,,,,1070.0,2019-04-15,FUNDRAISING CONSULTING,OTHER,,,,,ORG,ORGANIZATION,,,1340618,F3X,201907159150895526,21B,Other Federal Operating Expenditures,4071520191659542228,2019-07-19T03:44:46.345000,,,,false,,,,,,,,,,http://docquery.fec.gov/cgi-bin/fecimg/?201907159150895526,WASHINGTON,,"DRUCKER LAWHON, LLP",DC,20002,,MY,2019,SB,ITEMIZED DISBURSEMENTS,0.00,D,,Q,4071820191660063445,SB21B.5070,2020,
A,ADD,,,,,,,,,,,,,,,,,,,C00427401,,,,,,,1190.63,2019-03-19,FUNDRAISING CONSULTING,OTHER,,,,,ORG,ORGANIZATION,,,1340618,F3X,201907159150895526,21B,Other Federal Operating Expenditures,4071520191659542228,2019-07-19T03:44:46.345000,,,,false,,,,,,,,,,http://docquery.fec.gov/cgi-bin/fecimg/?201907159150895526,WASHINGTON,,"DRUCKER LAWHON, LLP",DC,20002,,MY,2019,SB,ITEMIZED DISBURSEMENTS,0.00,D,,Q,4071820191660063443,SB21B.5071,2020,
A,ADD,,,,,,,,,,,,,,,,,,,C00427401,,,,,,,1000.0,2019-01-10,FUNDRAISING CONSULTING,OTHER,,,,,ORG,ORGANIZATION,,,1340618,F3X,201907159150895525,21B,Other Federal Operating Expenditures,4071520191659542228,2019-07-19T03:44:46.345000,,,,false,,,,,,,,,,http://docquery.fec.gov/cgi-bin/fecimg/?201907159150895525,WASHINGTON,,"DRUCKER LAWHON, LLP",DC,20002,,MY,2019,SB,ITEMIZED DISBURSEMENTS,0.00,D,,Q,4071820191660063441,SB21B.5053,2020,
A,ADD,,,,,,,,,,,,,,,,,,,C00427401,,,,,,,-1025.0,2019-01-01,VOID CHECK LOST IN MAIL - REPLACED WITH 8/30/17 PYMT $3050,OTHER,,,,,ORG,ORGANIZATION,,,1340618,F3X,201907159150895525,21B,Other Federal Operating Expenditures,4071520191659542228,2019-07-19T03:44:46.345000,,,,false,,,,,,,,,,http://docquery.fec.gov/cgi-bin/fecimg/?201907159150895525,WASHINGTON,,"DRUCKER LAWHON, LLP",DC,20002,,MY,2019,SB,ITEMIZED DISBURSEMENTS,0.00,D,,Q,4071820191660063439,SB21B.5063,2020,
A,ADD,,,,,,,,,,,,,,,,,,,C00427401,,,,,,,-2025.0,2019-01-01,VOID CHECK LOST IN MAIL - REPLACED WITH 8/30/17 PYMT $3050,OTHER,,,,,ORG,ORGANIZATION,,,1340618,F3X,201907159150895525,21B,Other Federal Operating Expenditures,4071520191659542228,2019-07-19T03:44:46.345000,,,,false,,,,,,,,,,http://docquery.fec.gov/cgi-bin/fecimg/?201907159150895525,WASHINGTON,,"DRUCKER LAWHON, LLP",DC,20002,,MY,2019,SB,ITEMIZED DISBURSEMENTS,0.00,D,,Q,4071820191660063437,SB21B.5061,2020,
A,ADD,,,,,,,,,,,,,,,,,,,C00427401,,,,,,,193.5,2018-12-03,REPORTING SERVICES,OTHER,,,,,ORG,ORGANIZATION,,,1311504,F3X,201901319144430005,21B,Other Federal Operating Expenditures,4013120191636951447,2019-02-01T03:58:35.400000,,,,false,,,,,,,,,,http://docquery.fec.gov/cgi-bin/fecimg/?201901319144430005,DULLES,,"MORGAN, MEREDITH & ASSOCIATES",VA,20166,,YE,2018,SB,ITEMIZED DISBURSEMENTS,0.00,D,"",Q,4013120191636973018,SB21B.5055,2018,
A,ADD,,,,,,,,,,,,,,,,,,,C00427401,,,,,,,2063.63,2018-12-03,FUNDRAISING CONSULTING,OTHER,,,,,ORG,ORGANIZATION,,,1311504,F3X,201901319144430005,21B,Other Federal Operating Expenditures,4013120191636951447,2019-02-01T03:58:35.400000,,,,false,,,,,,,,,,http://docquery.fec.gov/cgi-bin/fecimg/?201901319144430005,WASHINGTON,,"DRUCKER LAWHON, LLP",DC,20002,,YE,2018,SB,ITEMIZED DISBURSEMENTS,0.00,D,"",Q,4013120191636973016,SB21B.5052,2018,
A,ADD,,,HUDSON FOR CONGRESS,RICHARD,H2NC08185,HUDSON,LANE,"HUDSON, RICHARD LANE MR. JR.",H,HOUSE,08,NC,NORTH CAROLINA,MR.,JR.,,,,C00427401,,,,,,,2000.0,2018-11-06,POLITICAL CONTRIBUTION,CONTRIBUTIONS,24K,CONTRIBUTION MADE TO NON-AFFILIATED,G2018,,CCM,CAMPAIGN COMMITTEE,GENERAL,2018,1298137,F3X,201812069134559021,23,Contributions to Federal Candidates/Committees and Other Political Committees,4120620181620452271,2018-12-19T03:58:49.792000,,,,false,,,,,,,,,,http://docquery.fec.gov/cgi-bin/fecimg/?201812069134559021,CONCORD,C00504522,HUDSON FOR CONGRESS,NC,28027,,30G,2018,SB,ITEMIZED DISBURSEMENTS,0.00,D,"",Q,4121820181622252102,SB23.5049,2018,C00504522
A,ADD,,,MARIO DIAZ-BALART FOR CONGRESS,MARIO,H2FL25018,DIAZ-BALART,,"DIAZ-BALART, MARIO",H,HOUSE,25,FL,FLORIDA,,,,,,C00427401,,,,,,,2000.0,2018-11-02,POLITICAL CONTRIBUTION,CONTRIBUTIONS,24K,CONTRIBUTION MADE TO NON-AFFILIATED,G2018,,CCM,CAMPAIGN COMMITTEE,GENERAL,2018,1298137,F3X,201812069134559022,23,Contributions to Federal Candidates/Committees and Other Political Committees,4120620181620452271,2018-12-19T03:58:49.792000,,,,false,,,,,,,,,,http://docquery.fec.gov/cgi-bin/fecimg/?201812069134559022,MIAMI,C00376087,MARIO DIAZ-BALART FOR CONGRESS,FL,33173,,30G,2018,SB,ITEMIZED DISBURSEMENTS,0.00,D,"",Q,4121820181622252106,SB23.5046,2018,C00376087
A,ADD,,,OLSON FOR CONGRESS COMMITTEE,PETER G.,H8TX22107,OLSON,,"OLSON, PETER G.",H,HOUSE,22,TX,TEXAS,,,,,,C00427401,,,,,,,2000.0,2018-10-30,POLITICAL CONTRIBUTION,CONTRIBUTIONS,24K,CONTRIBUTION MADE TO NON-AFFILIATED,G2018,,CCM,CAMPAIGN COMMITTEE,GENERAL,2018,1298137,F3X,201812069134559022,23,Contributions to Federal Candidates/Committees and Other Political Committees,4120620181620452271,2018-12-19T03:58:49.793000,,,,false,,,,,,,,,,http://docquery.fec.gov/cgi-bin/fecimg/?201812069134559022,SUGAR LAND,C00437913,OLSON FOR CONGRESS COMMITTEE,TX,77496,,30G,2018,SB,ITEMIZED DISBURSEMENTS,0.00,D,"",Q,4121820181622252108,SB23.5042,2018,C00437913
A,ADD,,,CULBERSON FOR CONGRESS,JOHN,H0TX07055,CULBERSON,,"CULBERSON, JOHN",H,HOUSE,07,TX,TEXAS,,,,,,C00427401,,,,,,,2000.0,2018-10-25,POLITICAL CONTRIBUTION,CONTRIBUTIONS,24K,CONTRIBUTION MADE TO NON-AFFILIATED,G2018,,CCM,CAMPAIGN COMMITTEE,GENERAL,2018,1298137,F3X,201812069134559021,23,Contributions to Federal Candidates/Committees and Other Political Committees,4120620181620452271,2018-12-19T03:58:49.792000,,,,false,,,,,,,,,,http://docquery.fec.gov/cgi-bin/fecimg/?201812069134559021,HOUSTON,C00343236,CULBERSON FOR CONGRESS,TX,77241,,30G,2018,SB,ITEMIZED DISBURSEMENTS,0.00,D,"",Q,4121820181622252098,SB23.5041,2018,C00343236
A,ADD,,,JASON LEWIS FOR CONGRESS,JASON MARK MR.,H6MN02149,LEWIS,,"LEWIS, JASON MARK MR.",H,HOUSE,02,MN,MINNESOTA,,,,,,C00427401,,,,,,,2000.0,2018-10-24,POLITICAL CONTRIBUTION,CONTRIBUTIONS,24K,CONTRIBUTION MADE TO NON-AFFILIATED,G2018,,CCM,CAMPAIGN COMMITTEE,GENERAL,2018,1298137,F3X,201812069134559022,23,Contributions to Federal Candidates/Committees and Other Political Committees,4120620181620452271,2018-12-19T03:58:49.792000,,,,false,,,,,,,,,,http://docquery.fec.gov/cgi-bin/fecimg/?201812069134559022,COTTAGE GROVE,C00589234,JASON LEWIS FOR CONGRESS,MN,55016,,30G,2018,SB,ITEMIZED DISBURSEMENTS,0.00,D,"",Q,4121820181622252104,SB23.5040,2018,C00589234
A,ADD,,,DAN CRENSHAW FOR CONGRESS,DANIEL,H8TX02166,CRENSHAW,,"CRENSHAW, DANIEL",H,HOUSE,02,TX,TEXAS,,,,,,C00427401,,,,,,,2000.0,2018-10-23,POLITICAL CONTRIBUTION,CONTRIBUTIONS,24K,CONTRIBUTION MADE TO NON-AFFILIATED,G2018,,CCM,CAMPAIGN COMMITTEE,GENERAL,2018,1298137,F3X,201812069134559021,23,Contributions to Federal Candidates/Committees and Other Political Committees,4120620181620452271,2018-12-19T03:58:49.792000,,,,false,,,,,,,,,,http://docquery.fec.gov/cgi-bin/fecimg/?201812069134559021,HOUSTON,C00660795,DAN CRENSHAW FOR CONGRESS,TX,77007,,30G,2018,SB,ITEMIZED DISBURSEMENTS,0.00,D,"",Q,4121820181622252100,SB23.5036,2018,C00660795
A,ADD,,,PETE SESSIONS FOR CONGRESS,PETE MR.,H2TX03126,SESSIONS,,"SESSIONS, PETE MR.",H,HOUSE,32,TX,TEXAS,,,,,,C00427401,,,,,,,2000.0,2018-10-17,POLITICAL CONTRIBUTION,CONTRIBUTIONS,24K,CONTRIBUTION MADE TO NON-AFFILIATED,G2018,,CCM,CAMPAIGN COMMITTEE,GENERAL,2018,1283128,F3X,201810259133259307,23,Contributions to Federal Candidates/Committees and Other Political Committees,4102520181600646396,2018-11-24T03:54:38.665000,,,,false,,,,,,,,,,http://docquery.fec.gov/cgi-bin/fecimg/?201810259133259307,DALLAS,C00303305,PETE SESSIONS FOR CONGRESS,TX,75382,,12G,2018,SB,ITEMIZED DISBURSEMENTS,0.00,D,"",Q,4112320181619407839,SB23.5014,2018,C00303305
A,ADD,,,JAIME FOR CONGRESS,JAIME,H0WA03187,HERRERA,,"HERRERA, JAIME",H,HOUSE,03,WA,WASHINGTON,,,,,,C00427401,,,,,,,2000.0,2018-10-17,POLITITCAL CONTRIBUTION,CONTRIBUTIONS,24K,CONTRIBUTION MADE TO NON-AFFILIATED,G2018,,CCM,CAMPAIGN COMMITTEE,GENERAL,2018,1283128,F3X,201810259133259306,23,Contributions to Federal Candidates/Committees and Other Political Committees,4102520181600646396,2018-11-24T03:54:38.665000,,,,false,,,,,,,,,,http://docquery.fec.gov/cgi-bin/fecimg/?201810259133259306,RIDGEFIELD,C00472704,JAIME FOR CONGRESS,WA,98642,,12G,2018,SB,ITEMIZED DISBURSEMENTS,0.00,D,"",Q,4112320181619407835,SB23.5011,2018,C00472704
A,ADD,,,SCOTT TAYLOR FOR CONGRESS,SCOTT W. MR.,H0VA02118,TAYLOR,,"TAYLOR, SCOTT W. MR.",H,HOUSE,02,VA,VIRGINIA,,,,,,C00427401,,,,,,,2000.0,2018-10-16,POLITICAL CONTRIBUTION,CONTRIBUTIONS,24K,CONTRIBUTION MADE TO NON-AFFILIATED,G2018,,CCM,CAMPAIGN COMMITTEE,GENERAL,2018,1283128,F3X,201810259133259307,23,Contributions to Federal Candidates/Committees and Other Political Committees,4102520181600646396,2018-11-24T03:54:38.665000,,,,false,,,,,,,,,,http://docquery.fec.gov/cgi-bin/fecimg/?201810259133259307,RICHMOND,C00608703,SCOTT TAYLOR FOR CONGRESS,VA,23255,,12G,2018,SB,ITEMIZED DISBURSEMENTS,0.00,D,"",Q,4112320181619407841,SB23.5005,2018,C00608703
A,ADD,,,COFFMAN FOR CONGRESS 2018,MIKE,H8CO06138,COFFMAN,,"COFFMAN, MIKE",H,HOUSE,06,CO,COLORADO,,,,,,C00427401,,,,,,,2000.0,2018-10-16,POLITICAL CONTRIBUTION,CONTRIBUTIONS,24K,CONTRIBUTION MADE TO NON-AFFILIATED,G2018,,CCM,CAMPAIGN COMMITTEE,GENERAL,2018,1283128,F3X,201810259133259306,23,Contributions to Federal Candidates/Committees and Other Political Committees,4102520181600646396,2018-11-24T03:54:38.665000,,,,false,,,,,,,,,,http://docquery.fec.gov/cgi-bin/fecimg/?201810259133259306,GREENWOOD VILLAGE,C00629287,COFFMAN FOR CONGRESS 2018,CO,80111,,12G,2018,SB,ITEMIZED DISBURSEMENTS,0.00,D,"",Q,4112320181619407833,SB23.5008,2018,C00629287
A,ADD,,,,,,,,,,,,,,,,,,,C00427401,,,,,,,3750.0,2018-10-16,FUNDRAISING CONSULTING,OTHER,,,,,ORG,ORGANIZATION,,,1283128,F3X,201810259133259305,21B,Other Federal Operating Expenditures,4102520181600646396,2018-11-24T03:54:38.665000,,,,false,,,,,,,,,,http://docquery.fec.gov/cgi-bin/fecimg/?201810259133259305,WASHINGTON,,"DRUCKER LAWHON, LLP",DC,20002,,12G,2018,SB,ITEMIZED DISBURSEMENTS,0.00,D,"",Q,4112320181619407831,SB21B.5009,2018,
A,ADD,,,MIKE BOST FOR CONGRESS COMMITTEE,MICHAEL,H4IL12060,BOST,,"BOST, MICHAEL",H,HOUSE,12,IL,ILLINOIS,,,,,,C00427401,,,,,,,2000.0,2018-10-11,POLITICAL CONTRIBUTION,CONTRIBUTIONS,24K,CONTRIBUTION MADE TO NON-AFFILIATED,G2018,,CCM,CAMPAIGN COMMITTEE,GENERAL,2018,1283128,F3X,201810259133259306,23,Contributions to Federal Candidates/Committees and Other Political Committees,4102520181600646396,2018-11-24T03:54:38.665000,,,,false,,,,,,,,,,http://docquery.fec.gov/cgi-bin/fecimg/?201810259133259306,MURPHYSBORO,C00546499,MIKE BOST FOR CONGRESS COMMITTEE,IL,62966,,12G,2018,SB,ITEMIZED DISBURSEMENTS,0.00,D,"",Q,4112320181619407837,SB23.5032,2018,C00546499
A,ADD,,,,,,,,,,,,,,,,,,,C00427401,,,,,,,1025.0,2018-10-03,FUNDRAISING CONSULTING,OTHER,,,,,ORG,ORGANIZATION,,,1283128,F3X,201810259133259305,21B,Other Federal Operating Expenditures,4102520181600646396,2018-11-24T03:54:38.665000,,,,false,,,,,,,,,,http://docquery.fec.gov/cgi-bin/fecimg/?201810259133259305,WASHINGTON,,"DRUCKER LAWHON, LLP",DC,20002,,12G,2018,SB,ITEMIZED DISBURSEMENTS,0.00,D,"",Q,4112320181619407829,SB21B.5026,2018,
A,ADD,,,VAN TAYLOR CAMPAIGN,NICHOLAS V.,H8TX03123,TAYLOR,,"TAYLOR, NICHOLAS V.",H,HOUSE,03,TX,TEXAS,,,,,,C00427401,,,,,,,1000.0,2018-09-25,POLITCAL CONTRIBUTION,CONTRIBUTIONS,24K,CONTRIBUTION MADE TO NON-AFFILIATED,G2018,,CCM,CAMPAIGN COMMITTEE,GENERAL,2018,1271369,F3X,201810159124960527,23,Contributions to Federal Candidates/Committees and Other Political Committees,4101520181599337525,2018-10-19T03:50:50.090000,,,,false,,,,,,,,,,http://docquery.fec.gov/cgi-bin/fecimg/?201810159124960527,PLANO,C00653634,VAN TAYLOR CAMPAIGN,TX,75093,,Q3,2018,SB,ITEMIZED DISBURSEMENTS,0.00,D,"",Q,4101820181599588326,SB23.4989,2018,C00653634
A,ADD,,,RON WRIGHT FOR CONGRESS,RON,H8TX06233,WRIGHT,,"WRIGHT, RON",H,HOUSE,06,TX,TEXAS,,,,,,C00427401,,,,,,,1000.0,2018-09-25,POLITICAL CONTRIBUTION,CONTRIBUTIONS,24K,CONTRIBUTION MADE TO NON-AFFILIATED,G2018,,CCM,CAMPAIGN COMMITTEE,GENERAL,2018,1271369,F3X,201810159124960526,23,Contributions to Federal Candidates/Committees and Other Political Committees,4101520181599337525,2018-10-19T03:50:50.090000,,,,false,,,,,,,,,,http://docquery.fec.gov/cgi-bin/fecimg/?201810159124960526,ARLINGTON,C00662171,RON WRIGHT FOR CONGRESS,TX,76017,,Q3,2018,SB,ITEMIZED DISBURSEMENTS,0.00,D,"",Q,4101820181599588324,SB23.4992,2018,C00662171
A,ADD,,,LANCE GOODEN FOR CONGRESS COMMITTEE,LANCE,H8TX05144,GOODEN,,"GOODEN, LANCE",H,HOUSE,05,TX,TEXAS,,,,,,C00427401,,,,,,,1000.0,2018-09-25,POLITICAL CONTRIBUTION,CONTRIBUTIONS,24K,CONTRIBUTION MADE TO NON-AFFILIATED,G2018,,CCM,CAMPAIGN COMMITTEE,GENERAL,2018,1271369,F3X,201810159124960526,23,Contributions to Federal Candidates/Committees and Other Political Committees,4101520181599337525,2018-10-19T03:50:50.090000,,,,false,,,,,,,,,,http://docquery.fec.gov/cgi-bin/fecimg/?201810159124960526,TERRELL,C00662601,LANCE GOODEN FOR CONGRESS COMMITTEE,TX,75160,,Q3,2018,SB,ITEMIZED DISBURSEMENTS,0.00,D,"",Q,4101820181599588322,SB23.4982,2018,C00662601
A,ADD,,,CHIP ROY FOR CONGRESS,CHIP,H8TX21307,ROY,,"ROY, CHIP",H,HOUSE,21,TX,TEXAS,,,,,,C00427401,,,,,,,1000.0,2018-09-25,POLITICAL CONTRIBUTION,CONTRIBUTIONS,24K,CONTRIBUTION MADE TO NON-AFFILIATED,G2018,,CCM,CAMPAIGN COMMITTEE,GENERAL,2018,1271369,F3X,201810159124960526,23,Contributions to Federal Candidates/Committees and Other Political Committees,4101520181599337525,2018-10-19T03:50:50.089000,,,,false,,,,,,,,,,http://docquery.fec.gov/cgi-bin/fecimg/?201810159124960526,AUSTIN,C00662767,CHIP ROY FOR CONGRESS,TX,78735,,Q3,2018,SB,ITEMIZED DISBURSEMENTS,0.00,D,"",Q,4101820181599588320,SB23.4985,2018,C00662767
A,ADD,,,,,,,,,,,,,,,,,,,C00427401,,,,,,,98.5,2018-09-17,REPORTING SERVICES,OTHER,,,,,ORG,ORGANIZATION,,,1271369,F3X,201810159124960525,21B,Other Federal Operating Expenditures,4101520181599337525,2018-10-19T03:50:50.089000,,,,false,,,,,,,,,,http://docquery.fec.gov/cgi-bin/fecimg/?201810159124960525,DULLES,,"MORGAN, MEREDITH & ASSOCIATES",VA,20166,,Q3,2018,SB,ITEMIZED DISBURSEMENTS,0.00,D,"",Q,4101820181599588318,SB21B.4996,2018,
A,ADD,,,,,,,,,,,,,,,,,,,C00427401,,,,,,,1832.02,2018-09-17,FUNDRAISING CONSULTING,OTHER,,,,,ORG,ORGANIZATION,,,1271369,F3X,201810159124960524,21B,Other Federal Operating Expenditures,4101520181599337525,2018-10-19T03:50:50.089000,,,,false,,,,,,,,,,http://docquery.fec.gov/cgi-bin/fecimg/?201810159124960524,WASHINGTON,,"DRUCKER LAWHON, LLP",DC,20002,,Q3,2018,SB,ITEMIZED DISBURSEMENTS,0.00,D,"",Q,4101820181599588316,SB21B.4995,2018,
A,ADD,,,,,,,,,,,,,,,,,,,C00427401,,,,,,,1000.0,2018-07-03,FUNDRAISING CONSULTING,OTHER,,,,,ORG,ORGANIZATION,,,1271369,F3X,201810159124960524,21B,Other Federal Operating Expenditures,4101520181599337525,2018-10-19T03:50:50.089000,,,,false,,,,,,,,,,http://docquery.fec.gov/cgi-bin/fecimg/?201810159124960524,WASHINGTON,,"DRUCKER LAWHON, LLP",DC,20002,,Q3,2018,SB,ITEMIZED DISBURSEMENTS,0.00,D,"",Q,4101820181599588314,SB21B.4971,2018,
A,ADD,,,,,,,,,,,,,,,,,,,C00427401,,,,,,,2050.0,2018-07-03,FUNDRAISING CONSULTING,OTHER,,,,,ORG,ORGANIZATION,,,1271369,F3X,201810159124960524,21B,Other Federal Operating Expenditures,4101520181599337525,2018-10-19T03:50:50.089000,,,,false,,,,,,,,,,http://docquery.fec.gov/cgi-bin/fecimg/?201810159124960524,WASHINGTON,,"DRUCKER LAWHON, LLP",DC,20002,,Q3,2018,SB,ITEMIZED DISBURSEMENTS,0.00,D,"",Q,4101820181599588312,SB21B.4969,2018,
A,ADD,,,HURD FOR CONGRESS,WILLIAM,H0TX23086,HURD,,"HURD, WILLIAM",H,HOUSE,23,TX,TEXAS,,,,,,C00427401,,,,,,,2000.0,2018-06-26,POLITICAL CONTRIBUTION,CONTRIBUTIONS,24K,CONTRIBUTION MADE TO NON-AFFILIATED,G2018,,CCM,CAMPAIGN COMMITTEE,GENERAL,2018,1245828,F3X,201807139115416241,23,Contributions to Federal Candidates/Committees and Other Political Committees,4071320181575852741,2018-07-17T02:44:36.249000,,,,false,,,,,,,,,,http://docquery.fec.gov/cgi-bin/fecimg/?201807139115416241,SAN ANTONIO,C00545467,HURD FOR CONGRESS,TX,78245,,Q2,2018,SB,ITEMIZED DISBURSEMENTS,0.00,D,"",Q,4071620181575992011,SB23.4968,2018,C00545467
A,ADD,,,,,,,,,,,,,,,,,,,C00427401,,,,,,,2800.0,2018-05-20,ST./LOCAL  POLITICAL CONTIRBUTION,OTHER,,,,,COM,OTHER COMMITTEE,,,1245828,F3X,201807139115416242,29,Other Disbursements,4071320181575852741,2018-07-17T02:44:18.214000,,,,false,,,,,,,,,,http://docquery.fec.gov/cgi-bin/fecimg/?201807139115416242,CEDAR PARK,,TONY DALE FOR STATE REPRESENTATIVE,TX,78613,,Q2,2018,SB,ITEMIZED DISBURSEMENTS,0.00,D,"",Q,4071620181575992013,SB29.4959,2018,
A,ADD,,,,,,,,,,,,,,,,,,,C00427401,,,,,,,71.5,2018-05-20,REPORTING SERVICES,OTHER,,,,,ORG,ORGANIZATION,,,1245828,F3X,201807139115416240,21B,Other Federal Operating Expenditures,4071320181575852741,2018-07-17T02:44:07.537000,,,,false,,,,,,,,,,http://docquery.fec.gov/cgi-bin/fecimg/?201807139115416240,DULLES,,"MORGAN, MEREDITH & ASSOCIATES",VA,20166,,Q2,2018,SB,ITEMIZED DISBURSEMENTS,0.00,D,"",Q,4071620181575992009,SB21B.4957,2018,
A,ADD,,,,,,,,,,,,,,,,,,,C00427401,,,,,,,7419.79,2018-04-26,FUNDRAISING CONSULTING,OTHER,,,,,ORG,ORGANIZATION,,,1245828,F3X,201807139115416240,21B,Other Federal Operating Expenditures,4071320181575852741,2018-07-17T02:44:38.615000,,,,false,,,,,,,,,,http://docquery.fec.gov/cgi-bin/fecimg/?201807139115416240,WASHINGTON,,"DRUCKER LAWHON, LLP",DC,20002,,Q2,2018,SB,ITEMIZED DISBURSEMENTS,0.00,D,"",Q,4071620181575992007,SB21B.4962,2018,
A,ADD,,,STEVE CHABOT FOR CONGRESS,STEVE,H8OH01043,CHABOT,,"CHABOT, STEVE",H,HOUSE,01,OH,OHIO,,,,,,C00427401,,,,,,,1000.0,2018-03-20,POLITICAL DONATION,CONTRIBUTIONS,24K,CONTRIBUTION MADE TO NON-AFFILIATED,P2018,,CCM,CAMPAIGN COMMITTEE,PRIMARY,2018,1241953,F3X,201807059115239179,23,Contributions to Federal Candidates/Committees and Other Political Committees,4070520181575297757,2018-07-06T02:43:35.938000,,,,false,,,,,,,,,,http://docquery.fec.gov/cgi-bin/fecimg/?201807059115239179,CINCINNATI,C00301838,STEVE CHABOT FOR CONGRESS,OH,45211,,Q1,2018,SB,ITEMIZED DISBURSEMENTS,0.00,D,"",Q,4070520181575335016,SB23.4963,2018,C00301838
N,NO CHANGE,,,,,,,,,,,,,,,,,,,C00427401,,,,,,,113.0,2018-03-20,REPORTING SERVICE,OTHER,,,,,ORG,ORGANIZATION,,,1241953,F3X,201807059115239178,21B,Other Federal Operating Expenditures,4070520181575297757,2018-07-06T02:43:25.787000,,,,false,,,,,,,,,,http://docquery.fec.gov/cgi-bin/fecimg/?201807059115239178,DULLES,,"MORGAN, MEREDITH & ASSOCIATES",VA,20166,,Q1,2018,SB,ITEMIZED DISBURSEMENTS,0.00,D,"",Q,4070520181575335014,SB21B.4953,2018,
N,NO CHANGE,,,,,,,,,,,,,,,,,,,C00427401,,,,,,,1050.0,2018-03-20,FUNDRAISING CONSULTING,OTHER,,,,,ORG,ORGANIZATION,,,1241953,F3X,201807059115239178,21B,Other Federal Operating Expenditures,4070520181575297757,2018-07-06T02:43:25.787000,,,,false,,,,,,,,,,http://docquery.fec.gov/cgi-bin/fecimg/?201807059115239178,WASHINGTON,,"DRUCKER LAWHON, LLP",DC,20002,,Q1,2018,SB,ITEMIZED DISBURSEMENTS,0.00,D,"",Q,4070520181575335012,SB21B.4955,2018,
N,NO CHANGE,,,,,,,,,,,,,,,,,,,C00427401,,,,,,,4550.0,2018-03-09,FUNDRAISING CONSULTING,OTHER,,,,,ORG,ORGANIZATION,,,1241953,F3X,201807059115239178,21B,Other Federal Operating Expenditures,4070520181575297757,2018-07-06T02:43:25.787000,,,,false,,,,,,,,,,http://docquery.fec.gov/cgi-bin/fecimg/?201807059115239178,WASHINGTON,,"DRUCKER LAWHON, LLP",DC,20002,,Q1,2018,SB,ITEMIZED DISBURSEMENTS,0.00,D,"",Q,4070520181575335010,SB21B.4952,2018,
A,ADD,,,,,,,,,,,,,,,,,,,C00427401,,,,,,,162.5,2018-02-20,REPORTING SERVICES,OTHER,,,,,ORG,ORGANIZATION,,,1211993,F3X,201803019095638991,21B,Other Federal Operating Expenditures,4030120181516200185,2018-03-03T03:36:11.754000,,,,false,,,,,,,,,,http://docquery.fec.gov/cgi-bin/fecimg/?201803019095638991,DULLES,,"MORGAN, MEREDITH & ASSOCIATES",VA,20166,,12S,2018,SB,ITEMIZED DISBURSEMENTS,0.00,D,"",Q,4030220181518819326,SB21B.4943,2018,
A,ADD,,,,,,,,,,,,,,,,,,,C00427401,,,,,,,1000.0,2018-02-20,FUNDRAISING CONSULTING,OTHER,,,,,ORG,ORGANIZATION,,,1211993,F3X,201803019095638991,21B,Other Federal Operating Expenditures,4030120181516200185,2018-03-03T03:36:11.754000,,,,false,,,,,,,,,,http://docquery.fec.gov/cgi-bin/fecimg/?201803019095638991,WASHINGTON,,"DRUCKER LAWHON, LLP",DC,20002,,12S,2018,SB,ITEMIZED DISBURSEMENTS,0.00,D,"",Q,4030220181518819325,SB21B.4942,2018,
A,ADD,,,RICK FOR CONGRESS,RICK,H8PA18231,SACCONE,,"SACCONE, RICK",H,HOUSE,18,PA,PENNSYLVANIA,,,,,,C00427401,,,,,,,1000.0,2018-01-24,POLITICAL CONTRIBUTION,CONTRIBUTIONS,24K,CONTRIBUTION MADE TO NON-AFFILIATED,S2018,SPECIAL-GENERAL,CCM,CAMPAIGN COMMITTEE,SPECIAL,2018,1211993,F3X,201803019095638992,23,Contributions to Federal Candidates/Committees and Other Political Committees,4030120181516200185,2018-03-03T03:36:10.372000,,,,false,,,,,,,,,,http://docquery.fec.gov/cgi-bin/fecimg/?201803019095638992,ELIZABETH,C00658708,RICK FOR CONGRESS,PA,15037,,12S,2018,SB,ITEMIZED DISBURSEMENTS,0.00,D,"",Q,4030220181518819327,SB23.4941,2018,C00658708
A,ADD,,,,,,,,,,,,,,,,,,,C00427401,,,,,,,2052.6,2018-01-09,FUNDRAISING CONSULTING,OTHER,,,,,ORG,ORGANIZATION,,,1211993,F3X,201803019095638991,21B,Other Federal Operating Expenditures,4030120181516200185,2018-03-03T03:36:11.754000,,,,false,,,,,,,,,,http://docquery.fec.gov/cgi-bin/fecimg/?201803019095638991,WASHINGTON,,"DRUCKER LAWHON, LLP",DC,20002,,12S,2018,SB,ITEMIZED DISBURSEMENTS,0.00,D,"",Q,4030220181518819324,SB21B.4934,2018,
A,ADD,,,,,,,,,,,,,,,,,,,C00427401,,,,,,,25000.0,2017-11-17,POLITICAL CONTIRBUTION,CONTRIBUTIONS,24K,CONTRIBUTION MADE TO NON-AFFILIATED,P,,PAC,POLITICAL ACTION COMMITTEE,PRIMARY,,1204333,F3X,201801319091143664,23,Contributions to Federal Candidates/Committees and Other Political Committees,4013120181503502005,2018-02-08T03:40:17.689000,,,,false,,,,,,,,,,http://docquery.fec.gov/cgi-bin/fecimg/?201801319091143664,WASHINGTON,C00075820,NATIONAL REPUBLICAN CONGRESSIONAL COMMITTEE,DC,20003,,YE,2017,SB,ITEMIZED DISBURSEMENTS,0.00,D,"",Q,4020720181504117113,SB23.4903,2018,C00075820
A,ADD,,,FRELINGHUYSEN FOR CONGRESS,RODNEY P.,H2NJ05014,FRELINGHUYSEN,,"FRELINGHUYSEN, RODNEY P.",H,HOUSE,11,NJ,NEW JERSEY,,,,,,C00427401,,,,,,,2700.0,2017-11-17,POLITICAL CONTRIBUTION,CONTRIBUTIONS,24K,CONTRIBUTION MADE TO NON-AFFILIATED,P2018,,CCM,CAMPAIGN COMMITTEE,PRIMARY,2018,1204333,F3X,201801319091143664,23,Contributions to Federal Candidates/Committees and Other Political Committees,4013120181503502005,2018-02-08T03:40:18.774000,,,,false,,,,,,,,,,http://docquery.fec.gov/cgi-bin/fecimg/?201801319091143664,MORRISTOWN,C00299404,FRELINGHUYSEN FOR CONGRESS,NJ,07960,,YE,2017,SB,ITEMIZED DISBURSEMENTS,0.00,D,"",Q,4020720181504117112,SB23.4908,2018,C00299404
A,ADD,,,CULBERSON FOR CONGRESS,JOHN,H0TX07055,CULBERSON,,"CULBERSON, JOHN",H,HOUSE,07,TX,TEXAS,,,,,,C00427401,,,,,,,2700.0,2017-11-17,POLITICAL CONTIBUTION,CONTRIBUTIONS,24K,CONTRIBUTION MADE TO NON-AFFILIATED,P2018,,CCM,CAMPAIGN COMMITTEE,PRIMARY,2018,1204333,F3X,201801319091143664,23,Contributions to Federal Candidates/Committees and Other Political Committees,4013120181503502005,2018-02-08T03:40:23.088000,,,,false,,,,,,,,,,http://docquery.fec.gov/cgi-bin/fecimg/?201801319091143664,HOUSTON,C00343236,CULBERSON FOR CONGRESS,TX,77241,,YE,2017,SB,ITEMIZED DISBURSEMENTS,0.00,D,"",Q,4020720181504117110,SB23.4904,2018,C00343236
A,ADD,,,,,,,,,,,,,,,,,,,C00427401,,,,,,,92.5,2017-11-17,REPORTING SERVICES,OTHER,,,,,ORG,ORGANIZATION,,,1204333,F3X,201801319091143663,21B,Other Federal Operating Expenditures,4013120181503502005,2018-02-08T03:40:27.383000,,,,false,,,,,,,,,,http://docquery.fec.gov/cgi-bin/fecimg/?201801319091143663,DULLES,,"MORGAN, MEREDITH & ASSOCIATES",VA,20166,,YE,2017,SB,ITEMIZED DISBURSEMENTS,0.00,D,"",Q,4020720181504117108,SB21B.4901,2018,
A,ADD,,,,,,,,,,,,,,,,,,,C00427401,,,,,,,1025.0,2017-11-17,FUNDRAISING CONSULTING,OTHER,,,,,ORG,ORGANIZATION,,,1204333,F3X,201801319091143662,21B,Other Federal Operating Expenditures,4013120181503502005,2018-02-08T03:40:12.992000,,,,false,,,,,,,,,,http://docquery.fec.gov/cgi-bin/fecimg/?201801319091143662,WASHINGTON,,"DRUCKER LAWHON, LLP",DC,20002,,YE,2017,SB,ITEMIZED DISBURSEMENTS,0.00,D,"",Q,4020720181504117102,SB21B.4902,2018,
A,ADD,,,,,,,,,,,,,,,,,,,C00427401,,,,,,,1079.89,2017-10-12,FUNDRAISING CONSULTING,OTHER,,,,,ORG,ORGANIZATION,,,1204333,F3X,201801319091143661,21B,Other Federal Operating Expenditures,4013120181503502005,2018-02-08T03:40:12.992000,,,,false,,,,,,,,,,http://docquery.fec.gov/cgi-bin/fecimg/?201801319091143661,WASHINGTON,,"DRUCKER LAWHON, LLP",DC,20002,,YE,2017,SB,ITEMIZED DISBURSEMENTS,0.00,D,"",Q,4020720181504117100,SB21B.4900,2018,
A,ADD,,,,,,,,,,,,,,,,,,,C00427401,,,,,,,3050.0,2017-08-30,FUNDRAISING CONSULTING,OTHER,,,,,ORG,ORGANIZATION,,,1204333,F3X,201801319091143661,21B,Other Federal Operating Expenditures,4013120181503502005,2018-02-08T03:40:12.992000,,,,false,,,,,,,,,,http://docquery.fec.gov/cgi-bin/fecimg/?201801319091143661,WASHINGTON,,"DRUCKER LAWHON, LLP",DC,20002,,YE,2017,SB,ITEMIZED DISBURSEMENTS,0.00,D,"",Q,4020720181504117098,SB21B.4899,2018,
A,ADD,,,,,,,,,,,,,,,,,,,C00427401,,,,,,,1025.0,2017-08-21,FUNDRAISING CONSULTING,OTHER,,,,,ORG,ORGANIZATION,,,1204333,F3X,201801319091143661,21B,Other Federal Operating Expenditures,4013120181503502005,2018-02-08T03:40:16.613000,,,,false,,,,,,,,,,http://docquery.fec.gov/cgi-bin/fecimg/?201801319091143661,WASHINGTON,,"DRUCKER LAWHON, LLP",DC,20002,,YE,2017,SB,ITEMIZED DISBURSEMENTS,0.00,D,"",Q,4020720181504117096,SB21B.4896,2018,
A,ADD,,,,,,,,,,,,,,,,,,,C00427401,,,,,,,100.0,2017-08-08,REPORTING SERVICES,OTHER,,,,,ORG,ORGANIZATION,,,1204333,F3X,201801319091143662,21B,Other Federal Operating Expenditures,4013120181503502005,2018-02-08T03:40:23.088000,,,,false,,,,,,,,,,http://docquery.fec.gov/cgi-bin/fecimg/?201801319091143662,DULLES,,"MORGAN, MEREDITH & ASSOCIATES",VA,20166,,YE,2017,SB,ITEMIZED DISBURSEMENTS,0.00,D,"",Q,4020720181504117106,SB21B.4893,2018,
A,ADD,,,,,,,,,,,,,,,,,,,C00427401,,,,,,,2100.0,2017-08-08,FUNDRAISING CONSULTING,OTHER,,,,,ORG,ORGANIZATION,,,1204333,F3X,201801319091143660,21B,Other Federal Operating Expenditures,4013120181503502005,2018-02-08T03:40:16.613000,,,,false,,,,,,,,,,http://docquery.fec.gov/cgi-bin/fecimg/?201801319091143660,WASHINGTON,,"DRUCKER LAWHON, LLP",DC,20002,,YE,2017,SB,ITEMIZED DISBURSEMENTS,0.00,D,"",Q,4020720181504117094,SB21B.4894,2018,
A,ADD,,,,,,,,,,,,,,,,,,,C00427401,,,,,,,205.5,2017-07-31,REPORTING SERVICES,OTHER,,,,,ORG,ORGANIZATION,,,1204333,F3X,201801319091143662,21B,Other Federal Operating Expenditures,4013120181503502005,2018-02-08T03:40:22.019000,,,,false,,,,,,,,,,http://docquery.fec.gov/cgi-bin/fecimg/?201801319091143662,DULLES,,"MORGAN, MEREDITH & ASSOCIATES",VA,20166,,YE,2017,SB,ITEMIZED DISBURSEMENTS,0.00,D,"",Q,4020720181504117104,SB21B.4890,2018,
A,ADD,,,,,,,,,,,,,,,,,,,C00427401,,,,,,,1025.0,2017-07-31,FUNDRAISING CONSULTING,OTHER,,,,,ORG,ORGANIZATION,,,1204333,F3X,201801319091143660,21B,Other Federal Operating Expenditures,4013120181503502005,2018-02-08T03:40:16.613000,,,,false,,,,,,,,,,http://docquery.fec.gov/cgi-bin/fecimg/?201801319091143660,WASHINGTON,,"DRUCKER LAWHON, LLP",DC,20002,,YE,2017,SB,ITEMIZED DISBURSEMENTS,0.00,D,"",Q,4020720181504117092,SB21B.4892,2018,
A,ADD,,,,,,,,,,,,,,,,,,,C00427401,,,,,,,2025.0,2017-07-31,FUNDRAISING CONSULTING,OTHER,,,,,ORG,ORGANIZATION,,,1204333,F3X,201801319091143660,21B,Other Federal Operating Expenditures,4013120181503502005,2018-02-08T03:40:17.689000,,,,false,,,,,,,,,,http://docquery.fec.gov/cgi-bin/fecimg/?201801319091143660,WASHINGTON,,"DRUCKER LAWHON, LLP",DC,20002,,YE,2017,SB,ITEMIZED DISBURSEMENTS,0.00,D,"",Q,4020720181504117090,SB21B.4891,2018,
A,ADD,,,,,,,,,,,,,,,,,,,C00427401,,,,,,,1039.58,2017-06-01,FUNDRAISING CONSULTING,OTHER,,,,,ORG,ORGANIZATION,,,1176978,F3X,201707319069904540,21B,Other Federal Operating Expenditures,4073120171442332468,2017-08-04T05:31:48.763000,,,,false,,,,,,,,,,http://docquery.fec.gov/cgi-bin/fecimg/?201707319069904540,WASHINGTON,,"DRUCKER LAWHON, LLP",DC,20002,,MY,2017,SB,ITEMIZED DISBURSEMENTS,0.00,D,"",Q,4080320171442503770,SB21B.4875,2018,
A,ADD,,,,,,,,,,,,,,,,,,,C00427401,,,,,,,93.0,2017-05-02,REPORTING SERVICES,OTHER,,,,,ORG,ORGANIZATION,,,1176978,F3X,201707319069904541,21B,Other Federal Operating Expenditures,4073120171442332468,2017-08-04T05:31:44.679000,,,,false,,,,,,,,,,http://docquery.fec.gov/cgi-bin/fecimg/?201707319069904541,DULLES,,"MORGAN, MEREDITH & ASSOCIATES",VA,20166,,MY,2017,SB,ITEMIZED DISBURSEMENTS,0.00,D,"",Q,4080320171442503772,SB21B.4876,2018,
A,ADD,,,KRISTI FOR CONGRESS,KRISTI LYNN,H0SD00054,NOEM,,"NOEM, KRISTI LYNN",H,HOUSE,00,SD,SOUTH DAKOTA,,,,,,C00427401,,,,,,,1500.0,2017-04-05,POLITICAL CONTRIBUITION,CONTRIBUTIONS,24K,CONTRIBUTION MADE TO NON-AFFILIATED,P2018,,CCM,CAMPAIGN COMMITTEE,PRIMARY,2018,1176978,F3X,201707319069904542,23,Contributions to Federal Candidates/Committees and Other Political Committees,4073120171442332468,2017-08-04T05:31:45.722000,,,,false,,,,,,,,,,http://docquery.fec.gov/cgi-bin/fecimg/?201707319069904542,SIOUX FALLS,C00476853,KRISTI FOR CONGRESS,SD,57101,,MY,2017,SB,ITEMIZED DISBURSEMENTS,0.00,D,"",Q,4080320171442503776,SB23.4856,2018,C00476853
A,ADD,,,,,,,,,,,,,,,,,,,C00427401,,,,,,,5732.33,2017-04-05,FUNDRAISING CONSULTING,OTHER,,,,,ORG,ORGANIZATION,,,1176978,F3X,201707319069904540,21B,Other Federal Operating Expenditures,4073120171442332468,2017-08-04T05:31:39.478000,,,,false,,,,,,,,,,http://docquery.fec.gov/cgi-bin/fecimg/?201707319069904540,WASHINGTON,,"DRUCKER LAWHON, LLP",DC,20002,,MY,2017,SB,ITEMIZED DISBURSEMENTS,0.00,D,"",Q,4080320171442503768,SB21B.4854,2018,
A,ADD,,,,,,,,,,,,,,,,,,,C00427401,,,,,,,1000.0,2017-01-26,FUNDRAISING CONSULTING,OTHER,,,,,ORG,ORGANIZATION,,,1176978,F3X,201707319069904540,21B,Other Federal Operating Expenditures,4073120171442332468,2017-08-04T05:31:48.762000,,,,false,,,,,,,,,,http://docquery.fec.gov/cgi-bin/fecimg/?201707319069904540,WASHINGTON,,"DRUCKER LAWHON, LLP",DC,20002,,MY,2017,SB,ITEMIZED DISBURSEMENTS,0.00,D,"",Q,4080320171442503766,SB21B.4848,2018,
A,ADD,,,,CAPTAIN CLAY,H6LA03148,HIGGINS,,"HIGGINS, CAPTAIN CLAY CAPT.",H,HOUSE,03,LA,LOUISIANA,CAPT.,,,,,C00427401,,,,,,,2000.0,2017-01-09,POLITICAL CONTRIBUTION - DEBT,CONTRIBUTIONS,24K,CONTRIBUTION MADE TO NON-AFFILIATED,P2016,RUNOFF - DEBT,PAC,POLITICAL ACTION COMMITTEE,PRIMARY,2016,1176978,F3X,201707319069904542,23,Contributions to Federal Candidates/Committees and Other Political Committees,4073120171442332468,2017-08-04T05:31:40.532000,,,,false,,,,,,,,,,http://docquery.fec.gov/cgi-bin/fecimg/?201707319069904542,LAFAYETTE,C00617662,CAPTAIN HIGGINS FOR CONGRESS,LA,70596,,MY,2017,SB,ITEMIZED DISBURSEMENTS,0.00,D,"",Q,4080320171442503774,SB23.4843,2018,C00617662
A,ADD,,,,,,,,,,,,,,,,,,,C00427401,,,,,,,58.5,2016-12-12,REPORTING SERVICES,OTHER,,,,,ORG,ORGANIZATION,,,1145039,F3X,201701319042223315,21B,Other Federal Operating Expenditures,4013120171369074387,2017-05-31T21:38:23.424343,,,,false,,,,,,,,,,http://docquery.fec.gov/cgi-bin/fecimg/?201701319042223315,DULLES,,"MORGAN, MEREDITH & ASSOCIATES",VA,20166,,YE,2016,SB,ITEMIZED DISBURSEMENTS,0.00,D,"",Q,4020620171369723446,SB21B.4838,2016,
N,NO CHANGE,,,,,,,,,,,,,,,,,,,C00427401,,,,,,,80.0,2016-11-18,REPORTING SERVICES,OTHER,,,,,ORG,ORGANIZATION,,,1137120,F3X,201701069040974923,21B,Other Federal Operating Expenditures,4010620171359581765,2017-05-31T21:38:23.424343,,,,false,,,,,,,,,,http://docquery.fec.gov/cgi-bin/fecimg/?201701069040974923,DULLES,,"MORGAN, MEREDITH & ASSOCIATES",VA,20166,,30G,2016,SB,ITEMIZED DISBURSEMENTS,0.00,D,"",Q,4011120171365018874,SB21B.4829,2016,
N,NO CHANGE,,,SMUCKER FOR CONGRESS,LLOYD K,H6PA16320,SMUCKER,,"SMUCKER, LLOYD K",H,HOUSE,16,PA,PENNSYLVANIA,,,,,,C00427401,,,,,,,1000.0,2016-11-12,POLITICAL CONTRIBUTION,CONTRIBUTIONS,24K,CONTRIBUTION MADE TO NON-AFFILIATED,P2018,,CCM,CAMPAIGN COMMITTEE,PRIMARY,2018,1137120,F3X,201701069040974925,23,Contributions to Federal Candidates/Committees and Other Political Committees,4010620171359581765,2017-05-31T21:38:23.424343,,,,false,,,,,,,,,,http://docquery.fec.gov/cgi-bin/fecimg/?201701069040974925,LANCASTER,C00599464,SMUCKER FOR CONGRESS,PA,17604,,30G,2016,SB,ITEMIZED DISBURSEMENTS,0.00,D,"",Q,4011120171365018884,SB23.4818,2016,C00599464
N,NO CHANGE,,,MIKE GALLAGHER FOR WISCONSIN,MICHAEL JOHN,H6WI08155,GALLAGHER,,"GALLAGHER, MICHAEL JOHN",H,HOUSE,08,WI,WISCONSIN,,,,,,C00427401,,,,,,,1000.0,2016-11-12,POLITICAL CONTRIBUTION,CONTRIBUTIONS,24K,CONTRIBUTION MADE TO NON-AFFILIATED,P2018,,CCM,CAMPAIGN COMMITTEE,PRIMARY,2018,1137120,F3X,201701069040974925,23,Contributions to Federal Candidates/Committees and Other Political Committees,4010620171359581765,2017-05-31T21:38:23.424343,,,,false,,,,,,,,,,http://docquery.fec.gov/cgi-bin/fecimg/?201701069040974925,GREEN BAY,C00610212,MIKE GALLAGHER FOR WISCONSIN,WI,54305,,30G,2016,SB,ITEMIZED DISBURSEMENTS,0.00,D,"",Q,4011120171365018882,SB23.4825,2016,C00610212
N,NO CHANGE,,,JASON LEWIS FOR CONGRESS,JASON MARK MR.,H6MN02149,LEWIS,,"LEWIS, JASON MARK MR.",H,HOUSE,02,MN,MINNESOTA,,,,,,C00427401,,,,,,,1000.0,2016-11-12,POLITICAL CONTRIBUTION,CONTRIBUTIONS,24K,CONTRIBUTION MADE TO NON-AFFILIATED,P2018,,CCM,CAMPAIGN COMMITTEE,PRIMARY,2018,1137120,F3X,201701069040974924,23,Contributions to Federal Candidates/Committees and Other Political Committees,4010620171359581765,2017-05-31T21:38:23.424343,,,,false,,,,,,,,,,http://docquery.fec.gov/cgi-bin/fecimg/?201701069040974924,COTTAGE GROVE,C00589234,JASON LEWIS FOR CONGRESS,MN,55016,,30G,2016,SB,ITEMIZED DISBURSEMENTS,0.00,D,"",Q,4011120171365018880,SB23.4815,2016,C00589234
N,NO CHANGE,,,DON BACON FOR CONGRESS,DONALD,H6NE02125,BACON,,"BACON, DONALD",H,HOUSE,02,NE,NEBRASKA,,,,,,C00427401,,,,,,,1000.0,2016-11-12,POLITICAL CONTRIBUTION,CONTRIBUTIONS,24K,CONTRIBUTION MADE TO NON-AFFILIATED,P2018,,CCM,CAMPAIGN COMMITTEE,PRIMARY,2018,1137120,F3X,201701069040974924,23,Contributions to Federal Candidates/Committees and Other Political Committees,4010620171359581765,2017-05-31T21:38:23.424343,,,,false,,,,,,,,,,http://docquery.fec.gov/cgi-bin/fecimg/?201701069040974924,OMAHA,C00575167,DON BACON FOR CONGRESS,NE,68139,,30G,2016,SB,ITEMIZED DISBURSEMENTS,0.00,D,"",Q,4011120171365018878,SB23.4822,2016,C00575167
C,CHANGE,,,BRIAN FITZPATRICK FOR CONGRESS,BRIAN,H6PA08277,FITZPATRICK,,"FITZPATRICK, BRIAN",H,HOUSE,08,PA,PENNSYLVANIA,,,,,,C00427401,,,,,,,1000.0,2016-11-12,POLITICAL CONTRIBUTION TO GENERAL 2016 DEBT,CONTRIBUTIONS,24K,CONTRIBUTION MADE TO NON-AFFILIATED,G2016,,CCM,CAMPAIGN COMMITTEE,GENERAL,2016,1137120,F3X,201701069040974924,23,Contributions to Federal Candidates/Committees and Other Political Committees,4010620171359581765,2017-05-31T21:38:23.424343,,,,false,,,,,,,,,,http://docquery.fec.gov/cgi-bin/fecimg/?201701069040974924,LANGHORNE,C00607416,BRIAN FITZPATRICK FOR CONGRESS,PA,19047,,30G,2016,SB,ITEMIZED DISBURSEMENTS,0.00,D,"",Q,4011120171365018876,SB23.4811,2016,C00607416
N,NO CHANGE,,,TARKANIAN FOR CONGRESS,DANNY,H2NV04045,TARKANIAN,,"TARKANIAN, DANNY",H,HOUSE,03,NV,NEVADA,,,,,,C00427401,,,,,,,2500.0,2016-10-31,POLITICAL CONTRIBUTION,CONTRIBUTIONS,24K,CONTRIBUTION MADE TO NON-AFFILIATED,G2016,,CCM,CAMPAIGN COMMITTEE,GENERAL,2016,1137120,F3X,201701069040974925,23,Contributions to Federal Candidates/Committees and Other Political Committees,4010620171359581765,2017-05-31T21:38:23.424343,,,,false,,,,,,,,,,http://docquery.fec.gov/cgi-bin/fecimg/?201701069040974925,LAS VEGAS,C00582320,TARKANIAN FOR CONGRESS,NV,89107,,30G,2016,SB,ITEMIZED DISBURSEMENTS,0.00,D,"",Q,4011120171365018886,SB23.4808,2016,C00582320
A,ADD,,,DOLD FOR CONGRESS,ROBERT JAMES JR,H0IL10302,DOLD,,"DOLD, ROBERT JAMES JR",H,HOUSE,10,IL,ILLINOIS,,,,,,C00427401,,,,,,,2000.0,2016-10-17,POLITICAL CONTRIBUTION,CONTRIBUTIONS,24K,CONTRIBUTION MADE TO NON-AFFILIATED,G2016,,CCM,CAMPAIGN COMMITTEE,GENERAL,2016,1118468,F3X,201610279036651278,23,Contributions to Federal Candidates/Committees and Other Political Committees,4102720161345537138,2017-05-31T21:38:23.424343,,,,false,,,,,,,,,,http://docquery.fec.gov/cgi-bin/fecimg/?201610279036651278,LIBERTYVILLE,C00465971,DOLD FOR CONGRESS,IL,60048,,12G,2016,SB,ITEMIZED DISBURSEMENTS,0.00,D,"",Q,4113020161354976210,SB23.4763,2016,C00465971
A,ADD,,,"YOUNG FOR IOWA, INC.",DAVID,H4IA03115,YOUNG,,"YOUNG, DAVID",H,HOUSE,03,IA,IOWA,,,,,,C00427401,,,,,,,2000.0,2016-10-12,POLITICAL CONTRIBUTION,CONTRIBUTIONS,24K,CONTRIBUTION MADE TO NON-AFFILIATED,G2016,,CCM,CAMPAIGN COMMITTEE,GENERAL,2016,1118468,F3X,201610279036651280,23,Contributions to Federal Candidates/Committees and Other Political Committees,4102720161345537138,2017-05-31T21:38:23.424343,,,,false,,,,,,,,,,http://docquery.fec.gov/cgi-bin/fecimg/?201610279036651280,VAN METER,C00545616,"YOUNG FOR IOWA, INC.",IA,50261,,12G,2016,SB,ITEMIZED DISBURSEMENTS,0.00,D,"",Q,4113020161354976222,SB23.4766,2016,C00545616
A,ADD,,,STEVE KNIGHT FOR CONGRESS,STEVE,H4CA25123,KNIGHT,,"KNIGHT, STEVE",H,HOUSE,25,CA,CALIFORNIA ,,,,,,C00427401,,,,,,,2000.0,2016-10-12,POLITICAL CONTRIBUTION,CONTRIBUTIONS,24K,CONTRIBUTION MADE TO NON-AFFILIATED,G2016,,CCM,CAMPAIGN COMMITTEE,GENERAL,2016,1118468,F3X,201610279036651280,23,Contributions to Federal Candidates/Committees and Other Political Committees,4102720161345537138,2017-05-31T21:38:23.424343,,,,false,,,,,,,,,,http://docquery.fec.gov/cgi-bin/fecimg/?201610279036651280,HILMAR,C00554014,STEVE KNIGHT FOR CONGRESS,CA,95324,,12G,2016,SB,ITEMIZED DISBURSEMENTS,0.00,D,"",Q,4113020161354976220,SB23.4786,2016,C00554014
A,ADD,,,RYAN COSTELLO FOR CONGRESS,RYAN A,H0PA06076,COSTELLO,,"COSTELLO, RYAN A",H,HOUSE,06,PA,PENNSYLVANIA,,,,,,C00427401,,,,,,,2000.0,2016-10-12,POLITICAL CONTRIBUTION,CONTRIBUTIONS,24K,CONTRIBUTION MADE TO NON-AFFILIATED,G2016,,CCM,CAMPAIGN COMMITTEE,GENERAL,2016,1118468,F3X,201610279036651279,23,Contributions to Federal Candidates/Committees and Other Political Committees,4102720161345537138,2017-05-31T21:38:23.424343,,,,false,,,,,,,,,,http://docquery.fec.gov/cgi-bin/fecimg/?201610279036651279,WEST CHESTER,C00554899,RYAN COSTELLO FOR CONGRESS,PA,19381,,12G,2016,SB,ITEMIZED DISBURSEMENTS,0.00,D,"",Q,4113020161354976218,SB23.4793,2016,C00554899
A,ADD,,,,,,,,,,,,,,,,,,,C00427401,,,,,,,2000.0,2016-10-12,POLITICAL CONTRIBUTION,CONTRIBUTIONS,24K,CONTRIBUTION MADE TO NON-AFFILIATED,G2016,,PTY,POLITICAL PARTY COMMITTEE,GENERAL,2016,1118468,F3X,201610279036651279,23,Contributions to Federal Candidates/Committees and Other Political Committees,4102720161345537138,2017-05-31T21:38:23.424343,,,,false,,,,,,,,,,http://docquery.fec.gov/cgi-bin/fecimg/?201610279036651279,AUSTIN,C00143743,REPUBLICAN PARTY OF TEXAS,TX,78768,,12G,2016,SB,ITEMIZED DISBURSEMENTS,0.00,D,"",Q,4113020161354976216,SB23.4779,2016,C00143743
A,ADD,,,POLIQUIN FOR CONGRESS,BRUCE L,H4ME02234,POLIQUIN,,"POLIQUIN, BRUCE L",H,HOUSE,02,ME,MAINE,,,,,,C00427401,,,,,,,2000.0,2016-10-12,POLITICAL CONTRIBUTION,CONTRIBUTIONS,24K,CONTRIBUTION MADE TO NON-AFFILIATED,G2016,,CCM,CAMPAIGN COMMITTEE,GENERAL,2016,1118468,F3X,201610279036651279,23,Contributions to Federal Candidates/Committees and Other Political Committees,4102720161345537138,2017-05-31T21:38:23.424343,,,,false,,,,,,,,,,http://docquery.fec.gov/cgi-bin/fecimg/?201610279036651279,OAKLAND,C00518654,POLIQUIN FOR CONGRESS,ME,04963,,12G,2016,SB,ITEMIZED DISBURSEMENTS,0.00,D,"",Q,4113020161354976214,SB23.4772,2016,C00518654
A,ADD,,,FRIENDS OF FRANK GUINTA,FRANK,H0NH01217,GUINTA,,"GUINTA, FRANK",H,HOUSE,01,NH,NEW HAMPSHIRE,,,,,,C00427401,,,,,,,2000.0,2016-10-12,POLITICAL CONTRIBUTION,CONTRIBUTIONS,24K,CONTRIBUTION MADE TO NON-AFFILIATED,G2016,,CCM,CAMPAIGN COMMITTEE,GENERAL,2016,1118468,F3X,201610279036651278,23,Contributions to Federal Candidates/Committees and Other Political Committees,4102720161345537138,2017-05-31T21:38:23.424343,,,,false,,,,,,,,,,http://docquery.fec.gov/cgi-bin/fecimg/?201610279036651278,MANCHESTER,C00461350,FRIENDS OF FRANK GUINTA,NH,03105,,12G,2016,SB,ITEMIZED DISBURSEMENTS,0.00,D,"",Q,4113020161354976212,SB23.4775,2016,C00461350
A,ADD,,,CRESENT HARDY FOR CONGRESS,CRESENT,H4NV04017,HARDY,,"HARDY, CRESENT",H,HOUSE,04,NV,NEVADA,,,,,,C00427401,,,,,,,2000.0,2016-10-12,POLITICAL CONTRIBUTION,CONTRIBUTIONS,24K,CONTRIBUTION MADE TO NON-AFFILIATED,G2016,,CCM,CAMPAIGN COMMITTEE,GENERAL,2016,1118468,F3X,201610279036651278,23,Contributions to Federal Candidates/Committees and Other Political Committees,4102720161345537138,2017-05-31T21:38:23.424343,,,,false,,,,,,,,,,http://docquery.fec.gov/cgi-bin/fecimg/?201610279036651278,LAS VEGAS,C00550608,CRESENT HARDY FOR CONGRESS,NV,89136,,12G,2016,SB,ITEMIZED DISBURSEMENTS,0.00,D,"",Q,4113020161354976208,SB23.4783,2016,C00550608
A,ADD,,,COMSTOCK FOR CONGRESS,BARBARA J HONORABLE,H4VA10089,COMSTOCK,,"COMSTOCK, BARBARA J HONORABLE",H,HOUSE,10,VA,VIRGINIA ,,,,,,C00427401,,,,,,,2000.0,2016-10-12,POLITICAL CONTRIBUTION,CONTRIBUTIONS,24K,CONTRIBUTION MADE TO NON-AFFILIATED,G2016,,CCM,CAMPAIGN COMMITTEE,GENERAL,2016,1118468,F3X,201610279036651277,23,Contributions to Federal Candidates/Committees and Other Political Committees,4102720161345537138,2017-05-31T21:38:23.424343,,,,false,,,,,,,,,,http://docquery.fec.gov/cgi-bin/fecimg/?201610279036651277,MC LEAN,C00554261,COMSTOCK FOR CONGRESS,VA,22101,,12G,2016,SB,ITEMIZED DISBURSEMENTS,0.00,D,"",Q,4113020161354976206,SB23.4776,2016,C00554261
A,ADD,,,COFFMAN FOR CONGRESS 2012,MIKE,H8CO06138,COFFMAN,,"COFFMAN, MIKE",H,HOUSE,06,CO,COLORADO ,,,,,,C00427401,,,,,,,2000.0,2016-10-12,POLITICAL CONTRIBUTION,CONTRIBUTIONS,24K,CONTRIBUTION MADE TO NON-AFFILIATED,G2016,,CCM,CAMPAIGN COMMITTEE,GENERAL,2016,1118468,F3X,201610279036651277,23,Contributions to Federal Candidates/Committees and Other Political Committees,4102720161345537138,2017-05-31T21:38:23.424343,,,,false,,,,,,,,,,http://docquery.fec.gov/cgi-bin/fecimg/?201610279036651277,HIGHLANDS RANCH,C00497180,COFFMAN FOR CONGRESS 2012,CO,80129,,12G,2016,SB,ITEMIZED DISBURSEMENTS,0.00,D,"",Q,4113020161354976204,SB23.4771,2016,C00497180
A,ADD,,,CARLOS CURBELO CONGRESS,CARLOS,H4FL26038,CURBELO,,"CURBELO, CARLOS",H,HOUSE,26,FL,FLORIDA,,,,,,C00427401,,,,,,,2000.0,2016-10-12,POLITICAL CONTRIBUTION,CONTRIBUTIONS,24K,CONTRIBUTION MADE TO NON-AFFILIATED,G2016,,CCM,CAMPAIGN COMMITTEE,GENERAL,2016,1118468,F3X,201610279036651277,23,Contributions to Federal Candidates/Committees and Other Political Committees,4102720161345537138,2017-05-31T21:38:23.424343,,,,false,,,,,,,,,,http://docquery.fec.gov/cgi-bin/fecimg/?201610279036651277,MIAMI,C00546846,CARLOS CURBELO CONGRESS,FL,33173,,12G,2016,SB,ITEMIZED DISBURSEMENTS,0.00,D,"",Q,4113020161354976202,SB23.4767,2016,C00546846
A,ADD,,,BOUSTANY FOR SENATE INC,CHARLES W JR DR,S6LA00300,BOUSTANY,,"BOUSTANY, CHARLES W JR DR",S,SENATE,00,LA,LOUISIANA,,,,,,C00427401,,,,,,,1000.0,2016-09-30,POLITICAL CONTRIBUTION,CONTRIBUTIONS,24K,CONTRIBUTION MADE TO NON-AFFILIATED,G2016,,CCM,CAMPAIGN COMMITTEE,GENERAL,2016,1107024,F3X,201610149032516575,23,Contributions to Federal Candidates/Committees and Other Political Committees,4101420161343695607,2017-05-31T21:38:23.424343,,,,false,,,,,,,,,,http://docquery.fec.gov/cgi-bin/fecimg/?201610149032516575,LAFAYETTE,C00394866,BOUSTANY FOR SENATE INC,LA,70598,,Q3,2016,SB,ITEMIZED DISBURSEMENTS,0.00,D,"",Q,4102420161344581371,SB23.4744,2016,C00394866
A,ADD,,,MCSALLY FOR CONGRESS,MARTHA E,H2AZ08102,MCSALLY,,"MCSALLY, MARTHA E",H,HOUSE,02,AZ,ARIZONA ,,,,,,C00427401,,,,,,,1000.0,2016-09-28,POLITICAL CONTRIBUTION,CONTRIBUTIONS,24K,CONTRIBUTION MADE TO NON-AFFILIATED,G2016,,CCM,CAMPAIGN COMMITTEE,GENERAL,2016,1107024,F3X,201610149032516576,23,Contributions to Federal Candidates/Committees and Other Political Committees,4101420161343695607,2017-05-31T21:38:23.424343,,,,false,,,,,,,,,,http://docquery.fec.gov/cgi-bin/fecimg/?201610149032516576,TUCSON,C00512236,MCSALLY FOR CONGRESS,AZ,85731,,Q3,2016,SB,ITEMIZED DISBURSEMENTS,0.00,D,"",Q,4102420161344581377,SB23.4756,2016,C00512236
A,ADD,,,"YOUNG FOR IOWA, INC.",DAVID,H4IA03115,YOUNG,,"YOUNG, DAVID",H,HOUSE,03,IA,IOWA,,,,,,C00427401,,,,,,,2000.0,2016-09-16,POLITICAL CONTRIBUTION,CONTRIBUTIONS,24K,CONTRIBUTION MADE TO NON-AFFILIATED,G2016,,CCM,CAMPAIGN COMMITTEE,GENERAL,2016,1107024,F3X,201610149032516576,23,Contributions to Federal Candidates/Committees and Other Political Committees,4101420161343695607,2017-05-31T21:38:23.424343,,,,false,,,,,,,,,,http://docquery.fec.gov/cgi-bin/fecimg/?201610149032516576,VAN METER,C00545616,"YOUNG FOR IOWA, INC.",IA,50261,,Q3,2016,SB,ITEMIZED DISBURSEMENTS,0.00,D,"",Q,4102420161344581379,SB23.4757,2016,C00545616
A,ADD,,,HURD FOR CONGRESS,WILLIAM,H0TX23086,HURD,,"HURD, WILLIAM",H,HOUSE,23,TX,TEXAS,,,,,,C00427401,,,,,,,5000.0,2016-09-16,POLITICAL CONTRIBUTION,CONTRIBUTIONS,24K,CONTRIBUTION MADE TO NON-AFFILIATED,G2016,,CCM,CAMPAIGN COMMITTEE,GENERAL,2016,1107024,F3X,201610149032516575,23,Contributions to Federal Candidates/Committees and Other Political Committees,4101420161343695607,2017-05-31T21:38:23.424343,,,,false,,,,,,,,,,http://docquery.fec.gov/cgi-bin/fecimg/?201610149032516575,SAN ANTONIO,C00545467,HURD FOR CONGRESS,TX,78245,,Q3,2016,SB,ITEMIZED DISBURSEMENTS,0.00,D,"",Q,4102420161344581375,SB23.4749,2016,C00545467
A,ADD,,,,,S6IN00191,,,,S,SENATE,00,IN,INDIANA,,,,,,C00427401,,,,,,,1000.0,2016-09-16,POLITICAL CONTRIBUTION,CONTRIBUTIONS,24K,CONTRIBUTION MADE TO NON-AFFILIATED,G2016,,CCM,CAMPAIGN COMMITTEE,GENERAL,2016,1107024,F3X,201610149032516575,23,Contributions to Federal Candidates/Committees and Other Political Committees,4101420161343695607,2017-05-31T21:38:23.424343,,,,false,,,,,,,,,,http://docquery.fec.gov/cgi-bin/fecimg/?201610149032516575,BLOOMINGTON,C00459255,"FRIENDS OF TODD YOUNG, INC.",IN,47402,,Q3,2016,SB,ITEMIZED DISBURSEMENTS,0.00,D,"",Q,4102420161344581373,SB23.4753,2016,C00459255
A,ADD,,,,,,,,,,,,,,,,,,,C00427401,,,,,,,150.0,2016-08-04,REPORTING SERVICES,OTHER,,,,,ORG,ORGANIZATION,,,1107024,F3X,201610149032516574,21B,Other Federal Operating Expenditures,4101420161343695607,2017-05-31T21:38:23.424343,,,,false,,,,,,,,,,http://docquery.fec.gov/cgi-bin/fecimg/?201610149032516574,DULLES,,"MORGAN, MEREDITH & ASSOCIATES",VA,20166,,Q3,2016,SB,ITEMIZED DISBURSEMENTS,0.00,D,"",Q,4102420161344581369,SB21B.4747,2016,
A,ADD,,,,,,,,,,,,,,,,,,,C00427401,,,,,,,87.5,2016-06-10,REPORTING SERVICES,OTHER,,,,,ORG,ORGANIZATION,,,1086459,F3X,201607159020577190,21B,Other Federal Operating Expenditures,4071520161306646835,2017-05-31T21:38:23.424343,,,,false,,,,,,,,,,http://docquery.fec.gov/cgi-bin/fecimg/?201607159020577190,DULLES,,"MORGAN, MEREDITH & ASSOCIATES",VA,20166,,Q2,2016,SB,ITEMIZED DISBURSEMENTS,0.00,D,"",Q,4072520161307119739,SB21B.4728,2016,
A,ADD,,,,,,,,,,,,,,,,,,,C00427401,,,,,,,137.5,2016-05-24,REPORTING SERVICES,OTHER,,,,,ORG,ORGANIZATION,,,1086459,F3X,201607159020577190,21B,Other Federal Operating Expenditures,4071520161306646835,2017-05-31T21:38:23.424343,,,,false,,,,,,,,,,http://docquery.fec.gov/cgi-bin/fecimg/?201607159020577190,DULLES,,"MORGAN, MEREDITH & ASSOCIATES",VA,20166,,Q2,2016,SB,ITEMIZED DISBURSEMENTS,0.00,D,"",Q,4072520161307119737,SB21B.4727,2016,
N,NO CHANGE,,,,SAM,H2TX03118,JOHNSON,,"JOHNSON, SAM MR.",H,HOUSE,03,TX,TEXAS,MR.,,,,,C00427401,,,,,,,2000.0,2016-02-11,POLITICAL CONTRIBUTION,CONTRIBUTIONS,24K,CONTRIBUTION MADE TO NON-AFFILIATED,G2016,,CCM,CAMPAIGN COMMITTEE,GENERAL,2016,1086437,F3X,201607159020573437,23,Contributions to Federal Candidates/Committees and Other Political Committees,4071520161306646822,2017-05-31T21:38:23.424343,,,,false,,,,,,,,,,http://docquery.fec.gov/cgi-bin/fecimg/?201607159020573437,PLANO,C00250720,FRIENDS OF SAM JOHNSON,TX,75086,,Q1,2016,SB,ITEMIZED DISBURSEMENTS,0.00,D,"",Q,4072520161307119577,SB23.4711,2016,C00250720
N,NO CHANGE,,,,SAM,H2TX03118,JOHNSON,,"JOHNSON, SAM MR.",H,HOUSE,03,TX,TEXAS,MR.,,,,,C00427401,,,,,,,1000.0,2016-02-11,POLITICAL CONTRIBUTION,CONTRIBUTIONS,24K,CONTRIBUTION MADE TO NON-AFFILIATED,P2016,,CCM,CAMPAIGN COMMITTEE,PRIMARY,2016,1086437,F3X,201607159020573437,23,Contributions to Federal Candidates/Committees and Other Political Committees,4071520161306646822,2017-05-31T21:38:23.424343,,,,false,,,,,,,,,,http://docquery.fec.gov/cgi-bin/fecimg/?201607159020573437,PLANO,C00250720,FRIENDS OF SAM JOHNSON,TX,75086,,Q1,2016,SB,ITEMIZED DISBURSEMENTS,0.00,D,"",Q,4072520161307119575,SB23.4698,2016,C00250720
N,NO CHANGE,,,,CHARLES J,H0TN03254,FLEISCHMANN,,"FLEISCHMANN, CHARLES J",H,HOUSE,03,TN,TENNESSEE,,,,,,C00427401,,,,,,,2000.0,2016-01-07,POLITICAL CONTRIBUTION,CONTRIBUTIONS,24K,CONTRIBUTION MADE TO NON-AFFILIATED,P2016,,CCM,CAMPAIGN COMMITTEE,PRIMARY,2016,1086437,F3X,201607159020573437,23,Contributions to Federal Candidates/Committees and Other Political Committees,4071520161306646822,2017-05-31T21:38:23.424343,,,,false,,,,,,,,,,http://docquery.fec.gov/cgi-bin/fecimg/?201607159020573437,CHATTANOOGA,C00461822,"CHUCK FLEISCHMANN FOR CONGRESS COMMITTEE, INC.",TN,37401,,Q1,2016,SB,ITEMIZED DISBURSEMENTS,0.00,D,"",Q,4072520161307119573,SB23.4703,2016,C00461822
A,ADD,,,,SAM,H2TX03118,JOHNSON,,"JOHNSON, SAM MR.",H,HOUSE,03,TX,TEXAS,MR.,,,,,C00427401,,,,,,,2000.0,2015-12-31,POLITICAL CONTRIBUTION,CONTRIBUTIONS,24K,CONTRIBUTION MADE TO NON-AFFILIATED,P2016,,CCM,CAMPAIGN COMMITTEE,PRIMARY,2016,1061811,F3X,201604149012413370,23,Contributions to Federal Candidates/Committees and Other Political Committees,4041420161283138344,2017-05-31T21:38:23.424343,,,,false,,,,,,,,,,http://docquery.fec.gov/cgi-bin/fecimg/?201604149012413370,PLANO,C00250720,FRIENDS OF SAM JOHNSON,TX,75086,,YE,2015,SB,ITEMIZED DISBURSEMENTS,0.00,D,"",Q,4042020161283564514,SB23.4693,2016,C00250720
C,CHANGE,,,,SAM,H2TX03118,JOHNSON,,"JOHNSON, SAM MR.",H,HOUSE,03,TX,TEXAS,MR.,,,,,C00427401,,,,,,,2000.0,2015-12-15,POLITICAL CONTRIBUTION,CONTRIBUTIONS,24K,CONTRIBUTION MADE TO NON-AFFILIATED,P2016,,CCM,CAMPAIGN COMMITTEE,PRIMARY,2016,1061811,F3X,201604149012413370,23,Contributions to Federal Candidates/Committees and Other Political Committees,4041420161283138344,2017-05-31T21:38:23.424343,,,,false,,,,,,,,,,http://docquery.fec.gov/cgi-bin/fecimg/?201604149012413370,PLANO,C00250720,FRIENDS OF SAM JOHNSON,TX,75086,,YE,2015,SB,ITEMIZED DISBURSEMENTS,0.00,D,"",Q,4042020161283564512,SB23.4670,2016,C00250720
N,NO CHANGE,,,,,,,,,,,,,,,,,,,C00427401,,,,,,,65.0,2015-11-20,REPORTING SERVICES,OTHER,,,,,ORG,ORGANIZATION,,,1061811,F3X,201604149012413369,21B,Other Federal Operating Expenditures,4041420161283138344,2017-05-31T21:38:23.424343,,,,false,,,,,,,,,,http://docquery.fec.gov/cgi-bin/fecimg/?201604149012413369,DULLES,,"MORGAN, MEREDITH & ASSOCIATES",VA,20166,,YE,2015,SB,ITEMIZED DISBURSEMENTS,0.00,D,"",Q,4042020161283564510,SB21B.4667,2016,
N,NO CHANGE,,,,,,,,,,,,,,,,,,,C00427401,,,,,,,55.0,2015-11-03,REPORTING SERVICES,OTHER,,,,,ORG,ORGANIZATION,,,1061811,F3X,201604149012413369,21B,Other Federal Operating Expenditures,4041420161283138344,2017-05-31T21:38:23.424343,,,,false,,,,,,,,,,http://docquery.fec.gov/cgi-bin/fecimg/?201604149012413369,DULLES,,"MORGAN, MEREDITH & ASSOCIATES",VA,20166,,YE,2015,SB,ITEMIZED DISBURSEMENTS,0.00,D,"",Q,4042020161283564508,SB21B.4665,2016,
N,NO CHANGE,,,,,,,,,,,,,,,,,,,C00427401,,,,,,,170.0,2015-08-26,REPORTING SERVICES,OTHER,,,,,ORG,ORGANIZATION,,,1061811,F3X,201604149012413369,21B,Other Federal Operating Expenditures,4041420161283138344,2017-05-31T21:38:23.424343,,,,false,,,,,,,,,,http://docquery.fec.gov/cgi-bin/fecimg/?201604149012413369,DULLES,,"MORGAN, MEREDITH & ASSOCIATES",VA,20166,,YE,2015,SB,ITEMIZED DISBURSEMENTS,0.00,D,"",Q,4042020161283564506,SB21B.4664,2016,
A,ADD,,,,,,,,,,,,,,,,,,,C00427401,,,,,,,87.5,2015-06-05,REPORTING SERVICES,OTHER,,,,,ORG,ORGANIZATION,,,1019901,F3X,201507319000515663,21B,Other Federal Operating Expenditures,4073120151248079616,2017-05-31T21:38:23.424343,,,,false,,,,,,,,,,http://docquery.fec.gov/cgi-bin/fecimg/?201507319000515663,DULLES,,"MORGAN, MEREDITH & ASSOCIATES",VA,20166,,MY,2015,SB,ITEMIZED DISBURSEMENTS,0.00,D,"",Q,4073120151248154338,SB21B.4650,2016,
A,ADD,,,,,,,,,,,,,,,,,,,C00427401,,,,,,,475.49,2015-01-20,REPORTING SERVICES,OTHER,,,,,ORG,ORGANIZATION,,,1019901,F3X,201507319000515663,21B,Other Federal Operating Expenditures,4073120151248079616,2017-05-31T21:38:23.424343,,,,false,,,,,,,,,,http://docquery.fec.gov/cgi-bin/fecimg/?201507319000515663,DULLES,,"MORGAN, MEREDITH & ASSOCIATES",VA,20166,,MY,2015,SB,ITEMIZED DISBURSEMENTS,0.00,D,"",Q,4073120151248154337,SB21B.4640,2016,
A,ADD,SB23,SB23.4642,,,,,,,,,,,,,,,,,C00427401,,,,,,,1376.06,2014-12-03,TRAVEL - RENTAL CAR,ADMINISTRATIVE,,,P2016,,ORG,ORGANIZATION,PRIMARY,2016,1019208,F3X,201507309000464255,23,Contributions to Federal Candidates/Committees and Other Political Committees,4073020151248023547,2017-05-31T20:47:10.556366,X,,,true,,,,,,,,,,http://docquery.fec.gov/cgi-bin/fecimg/?201507309000464255,HOUSTON,,ALAMO,TX,77061,,YE,2014,SB,ITEMIZED DISBURSEMENTS,0.00,D,"",Q,4073120151248136496,SB23.4642.4,2014,
A,ADD,SB23,SB23.4642,,,,,,,,,,,,,,,,,C00427401,,,,,,,300.0,2014-12-03,TRAVEL - LODGING,TRAVEL,,,P2016,,IND,INDIVIDUAL,PRIMARY,2016,1019208,F3X,201507309000464255,23,Contributions to Federal Candidates/Committees and Other Political Committees,4073020151248023547,2017-05-31T20:47:10.556366,X,,,true,,,,RACHEL,TRISTAN,,,,,http://docquery.fec.gov/cgi-bin/fecimg/?201507309000464255,WASHINGTON,,"TRISTAN, RACHEL",DC,20003,,YE,2014,SB,ITEMIZED DISBURSEMENTS,0.00,D,"",Q,4073120151248136495,SB23.4642.3,2014,
A,ADD,SB23,SB23.4642,,,,,,,,,,,,,,,,,C00427401,,,,,,,300.0,2014-12-03,TRAVEL - FOOD & BEVERAGE,OTHER,,,P2016,,IND,INDIVIDUAL,PRIMARY,2016,1019208,F3X,201507309000464255,23,Contributions to Federal Candidates/Committees and Other Political Committees,4073020151248023547,2017-05-31T20:47:10.556366,X,,,true,,,,RACHEL,TRISTAN,,,,,http://docquery.fec.gov/cgi-bin/fecimg/?201507309000464255,WASHINGTON,,"TRISTAN, RACHEL",DC,20003,,YE,2014,SB,ITEMIZED DISBURSEMENTS,0.00,D,"",Q,4073120151248136494,SB23.4642.2,2014,
A,ADD,SB23,SB23.4642,,,,,,,,,,,,,,,,,C00427401,,,,,,,300.0,2014-12-03,TRAVEL - LODGING,TRAVEL,,,P2016,,IND,INDIVIDUAL,PRIMARY,2016,1019208,F3X,201507309000464254,23,Contributions to Federal Candidates/Committees and Other Political Committees,4073020151248023547,2017-05-31T20:47:10.556366,X,,,true,,,,TAYLOR,GILLIAM,,,,,http://docquery.fec.gov/cgi-bin/fecimg/?201507309000464254,WASHINGTON,,"GILLIAM, TAYLOR",DC,20003,,YE,2014,SB,ITEMIZED DISBURSEMENTS,0.00,D,"",Q,4073120151248136493,SB23.4642.1,2014,
A,ADD,SB23,SB23.4642,,,,,,,,,,,,,,,,,C00427401,,,,,,,300.0,2014-12-03,TRAVEL - FOOD & BEVERAGE,OTHER,,,P2016,,IND,INDIVIDUAL,PRIMARY,2016,1019208,F3X,201507309000464254,23,Contributions to Federal Candidates/Committees and Other Political Committees,4073020151248023547,2017-05-31T20:47:10.556366,X,,,true,,,,TAYLOR,GILLIAM,,,,,http://docquery.fec.gov/cgi-bin/fecimg/?201507309000464254,WASHINGTON,,"GILLIAM, TAYLOR",DC,20003,,YE,2014,SB,ITEMIZED DISBURSEMENTS,0.00,D,"",Q,4073120151248136492,SB23.4642.0,2014,
A,ADD,,,,BRIAN,H6TX02079,BABIN,,"BABIN, BRIAN",H,HOUSE,36,TX,TEXAS,,,,,,C00427401,,,,,,,2576.0,2014-12-03,IN KIND: EVENT - TRAVEL & FOOD FOR REINFORSEMENTS,OTHER,24Z,IN-KIND CONTRIBUTION MADE TO REGISTERED FILER,P2016,,CCM,CAMPAIGN COMMITTEE,PRIMARY,2016,1019208,F3X,201507309000464254,23,Contributions to Federal Candidates/Committees and Other Political Committees,4073020151248023547,2017-05-31T20:47:10.556366,,,,false,,,,,,,,,,http://docquery.fec.gov/cgi-bin/fecimg/?201507309000464254,WOODVILLE,C00553859,DR BRIAN BABIN FOR CONGRESS,TX,75979,,YE,2014,SB,ITEMIZED DISBURSEMENTS,0.00,D,"",Q,4073120151248136491,SB23.4642,2014,C00553859
A,ADD,,,,,,,,,,,,,,,,,,,C00427401,,,,,,,15000.0,2014-11-04,POLITICAL CONTRIBUTION,OTHER,,,,,PAC,POLITICAL ACTION COMMITTEE,,,979506,F3X,14952960542,23,Contributions to Federal Candidates/Committees and Other Political Committees,4120420141232037622,2017-05-31T20:47:10.556366,,,,false,,,,,,,,,,http://docquery.fec.gov/cgi-bin/fecimg/?14952960542,WASHINGTON,,NATIONAL REPUBLICAN CONGRESSIONAL COMMITTEE,DC,20003,,30G,2014,SB,ITEMIZED DISBURSEMENTS,0.00,D,"",Q,4122320141233592713,SB23.4626,2014,
A,ADD,,,,,,,,,,,,,,,,,,,C00427401,,,,,,,15000.0,2014-11-04,POLITICAL CONTRIBUTION,OTHER,,,,,PAC,POLITICAL ACTION COMMITTEE,,,979506,F3X,14952960542,23,Contributions to Federal Candidates/Committees and Other Political Committees,4120420141232037622,2017-05-31T20:47:10.556366,,,,false,,,,,,,,,,http://docquery.fec.gov/cgi-bin/fecimg/?14952960542,WASHINGTON,,NATIONAL REPUBLICAN CONGRESSIONAL COMMITTEE,DC,20003,,30G,2014,SB,ITEMIZED DISBURSEMENTS,0.00,D,"",Q,4122320141233592712,SB23.4624,2014,
A,ADD,,,,,,,,,,,,,,,,,,,C00427401,,,,,,,10847.0,2014-11-04,POLITICAL CONTRIBUTION,CONTRIBUTIONS,24K,CONTRIBUTION MADE TO NON-AFFILIATED,P,,PAC,POLITICAL ACTION COMMITTEE,PRIMARY,,979506,F3X,14952960542,23,Contributions to Federal Candidates/Committees and Other Political Committees,4120420141232037622,2017-05-31T20:47:10.556366,,,,false,,,,,,,,,,http://docquery.fec.gov/cgi-bin/fecimg/?14952960542,ALEXANDRIA,C00480061,HOUSE MAJORITY TRUST,VA,22314,,30G,2014,SB,ITEMIZED DISBURSEMENTS,0.00,D,"",Q,4122320141233592711,SB23.4620,2014,C00480061
A,ADD,,,,,,,,,,,,,,,,,,,C00427401,,,,,,,137.5,2014-11-03,REPORTING SERVICE,OTHER,,,,,ORG,ORGANIZATION,,,979506,F3X,14952960541,21B,Other Federal Operating Expenditures,4120420141232037622,2017-05-31T20:47:10.556366,,,,false,,,,,,,,,,http://docquery.fec.gov/cgi-bin/fecimg/?14952960541,DULLES,,"MORGAN, MEREDITH & ASSOCIATES",VA,20166,,30G,2014,SB,ITEMIZED DISBURSEMENTS,0.00,D,"",Q,4122320141233592709,SB21B.4589,2014,
A,ADD,,,,,,,,,,,,,,,,,,,C00427401,,,,,,,1271.4,2014-10-16,DONOR GIFTS,OTHER,,,,,ORG,ORGANIZATION,,,979506,F3X,14952960541,21B,Other Federal Operating Expenditures,4120420141232037622,2017-05-31T20:47:10.556366,,,,false,,,,,,,,,,http://docquery.fec.gov/cgi-bin/fecimg/?14952960541,ROUND ROCK,,WAG A BAG,TX,78664,,30G,2014,SB,ITEMIZED DISBURSEMENTS,0.00,D,"",Q,4122320141233592710,SB21B.4583,2014,
A,ADD,,,,,,,,,,,,,,,,,,,C00427401,,,,,,,211.97,2014-10-09,REPORTING SERVICES,OTHER,,,,,ORG,ORGANIZATION,,,967002,F3X,14952416545,21B,Other Federal Operating Expenditures,4102320141226386847,2017-05-31T20:47:10.556366,,,,false,,,,,,,,,,http://docquery.fec.gov/cgi-bin/fecimg/?14952416545,DULLES,,"MORGAN, MEREDITH & ASSOCIATES",VA,20166,,12G,2014,SB,ITEMIZED DISBURSEMENTS,0.00,D,"",Q,4111920141231637155,SB21B.4579,2014,
A,ADD,,,,CHARLES J,H0TN03254,FLEISCHMANN,,"FLEISCHMANN, CHARLES J",H,HOUSE,03,TN,TENNESSEE,,,,,,C00427401,,,,,,,2500.0,2014-07-31,POLITICAL CONTRIBUTION,CONTRIBUTIONS,24K,CONTRIBUTION MADE TO NON-AFFILIATED,P2014,,CCM,CAMPAIGN COMMITTEE,PRIMARY,2014,959366,F3X,14978363921,23,Contributions to Federal Candidates/Committees and Other Political Committees,4101620141226093981,2017-05-31T20:47:10.556366,,,,false,,,,,,,,,,http://docquery.fec.gov/cgi-bin/fecimg/?14978363921,CHATTANOOGA,C00461822,"CHUCK FLEISCHMANN FOR CONGRESS COMMITTEE, INC.",TN,37401,,Q3,2014,SB,ITEMIZED DISBURSEMENTS,0.00,D,"",Q,4110520141226714483,SB23.4574,2014,C00461822
A,ADD,,,,,,,,,,,,,,,,,,,C00427401,,,,,,,4800.0,2014-06-17,IN-KIND - EVENT - SITE RENTAL,ADMINISTRATIVE,,,,,IND,INDIVIDUAL,,,939399,F3X,14941807492,21B,Other Federal Operating Expenditures,4071520141217131066,2017-05-31T20:47:10.556366,,,,false,,,,FRED,ZEIDMAN,,,,,http://docquery.fec.gov/cgi-bin/fecimg/?14941807492,HOUSTON,,"ZEIDMAN, FRED",TX,77056,,Q2,2014,SB,ITEMIZED DISBURSEMENTS,0.00,D,"",Q,4072320141218314899,SB21B.4562,2014,
A,ADD,,,,KEN,H2CA37023,CALVERT,,"CALVERT, KEN",H,HOUSE,42,CA,CALIFORNIA ,,,,,,C00427401,,,,,,,5000.0,2014-05-15,POLITICAL CONTRIBUTION,CONTRIBUTIONS,24K,CONTRIBUTION MADE TO NON-AFFILIATED,P2014,,CCM,CAMPAIGN COMMITTEE,PRIMARY,2014,939399,F3X,14941807493,23,Contributions to Federal Candidates/Committees and Other Political Committees,4071520141217131066,2017-05-31T20:47:10.556366,,,,false,,,,,,,,,,http://docquery.fec.gov/cgi-bin/fecimg/?14941807493,CORONA,C00257337,KEN CALVERT FOR CONGRESS COMMITTEE,CA,92877,,Q2,2014,SB,ITEMIZED DISBURSEMENTS,0.00,D,"",Q,4072320141218314900,SB23.4549,2014,C00257337
A,ADD,,,,,,,,,,,,,,,,,,,C00427401,,,,,,,289.0,2014-05-14,REPORTING SERVICES,OTHER,,,,,ORG,ORGANIZATION,,,939399,F3X,14941807492,21B,Other Federal Operating Expenditures,4071520141217131066,2017-05-31T20:47:10.556366,,,,false,,,,,,,,,,http://docquery.fec.gov/cgi-bin/fecimg/?14941807492,DULLES,,"MORGAN, MEREDITH & ASSOCIATES",VA,20166,,Q2,2014,SB,ITEMIZED DISBURSEMENTS,0.00,D,"",Q,4072320141218314898,SB21B.4547,2014,
A,ADD,,,,,,,,,,,,,,,,,,,C00427401,,,,,,,100.49,2014-04-03,REPORTING SERVICES,OTHER,,,,,ORG,ORGANIZATION,,,939399,F3X,14941807492,21B,Other Federal Operating Expenditures,4071520141217131066,2017-05-31T20:47:10.556366,,,,false,,,,,,,,,,http://docquery.fec.gov/cgi-bin/fecimg/?14941807492,DULLES,,"MORGAN, MEREDITH & ASSOCIATES",VA,20166,,Q2,2014,SB,ITEMIZED DISBURSEMENTS,0.00,D,"",Q,4072320141218314897,SB21B.4548,2014,
A,ADD,,,,,,,,,,,,,,,,,,,C00427401,,,,,,,75.0,2013-09-10,REPORTING SERVICES,OTHER,,,,,ORG,ORGANIZATION,,,905162,F3X,14940249511,21B,Other Federal Operating Expenditures,4013120141204851477,2017-05-31T20:47:10.556366,,,,false,,,,,,,,,,http://docquery.fec.gov/cgi-bin/fecimg/?14940249511,DULLES,,"MORGAN, MEREDITH & ASSOCIATES",VA,20166,,YE,2013,SB,ITEMIZED DISBURSEMENTS,0.00,D,"",Q,4031820141210548725,SB21B.4533,2014,
A,ADD,,,,JOHN ERWIN II,H8GA12011,STONE,,"STONE, JOHN ERWIN II",H,HOUSE,12,GA,GEORGIA,,,,,,C00427401,,,,,,,2500.0,2013-08-21,POLITICAL CONTRIBUTION,CONTRIBUTIONS,24K,CONTRIBUTION MADE TO NON-AFFILIATED,P2014,,CCM,CAMPAIGN COMMITTEE,PRIMARY,2014,905162,F3X,14940249512,23,Contributions to Federal Candidates/Committees and Other Political Committees,4013120141204851477,2017-05-31T20:47:10.556366,,,,false,,,,,,,,,,http://docquery.fec.gov/cgi-bin/fecimg/?14940249512,MARKHAM,C00444422,COMMITTEE TO ELECT JOHN STONE,VA,22643,,YE,2013,SB,ITEMIZED DISBURSEMENTS,0.00,D,"",Q,4031820141210548726,SB23.4529,2014,C00444422
A,ADD,,,,,,,,,,,,,,,,,,,C00427401,,,,,,,87.5,2013-08-01,REPORTING SERVICES,OTHER,,,,,ORG,ORGANIZATION,,,905162,F3X,14940249511,21B,Other Federal Operating Expenditures,4013120141204851477,2017-05-31T20:47:10.556366,,,,false,,,,,,,,,,http://docquery.fec.gov/cgi-bin/fecimg/?14940249511,DULLES,,"MORGAN, MEREDITH & ASSOCIATES",VA,20166,,YE,2013,SB,ITEMIZED DISBURSEMENTS,0.00,D,"",Q,4031820141210548724,SB21B.4527,2014,
A,ADD,,,,,,,,,,,,,,,,,,,C00427401,,,,,,,136.2,2013-07-15,REPORTING SERVICES,OTHER,,,,,ORG,ORGANIZATION,,,905162,F3X,14940249511,21B,Other Federal Operating Expenditures,4013120141204851477,2017-05-31T20:47:10.556366,,,,false,,,,,,,,,,http://docquery.fec.gov/cgi-bin/fecimg/?14940249511,DULLES,,"MORGAN, MEREDITH & ASSOCIATES",VA,20166,,YE,2013,SB,ITEMIZED DISBURSEMENTS,0.00,D,"",Q,4031820141210548723,SB21B.4526,2014,
A,ADD,,,,DAVID CHESTON MR.,H2NC07096,ROUZER,,"ROUZER, DAVID CHESTON MR.",H,HOUSE,07,NC,NORTH CAROLINA,,,,,,C00427401,,,,,,,1000.0,2013-06-28,POLITICAL CONTRIBUTION,CONTRIBUTIONS,24K,CONTRIBUTION MADE TO NON-AFFILIATED,G2012,,CCM,CAMPAIGN COMMITTEE,GENERAL,2012,881206,F3X,13941260225,23,Contributions to Federal Candidates/Committees and Other Political Committees,4072220131193325752,2017-05-31T20:47:10.556366,,,,false,,,,,,,,,,http://docquery.fec.gov/cgi-bin/fecimg/?13941260225,SMITHFIELD,C00501643,DAVID ROUZER FOR CONGRESS,NC,27577,,MY,2013,SB,ITEMIZED DISBURSEMENTS,0.00,D,"",Q,4081320131195375784,SB23.4522,2014,C00501643
A,ADD,,,,DAVID CHESTON MR.,H2NC07096,ROUZER,,"ROUZER, DAVID CHESTON MR.",H,HOUSE,07,NC,NORTH CAROLINA,,,,,,C00427401,,,,,,,-1000.0,2013-06-28,"11/9/12, CHECK LOST IN MAIL",CONTRIBUTIONS,24K,CONTRIBUTION MADE TO NON-AFFILIATED,G2012,,CCM,CAMPAIGN COMMITTEE,GENERAL,2012,881206,F3X,13941260225,23,Contributions to Federal Candidates/Committees and Other Political Committees,4072220131193325752,2017-05-31T20:47:10.556366,,,,false,,,,,,,,,,http://docquery.fec.gov/cgi-bin/fecimg/?13941260225,SMITHFIELD,C00501643,DAVID ROUZER FOR CONGRESS,NC,27577,,MY,2013,SB,ITEMIZED DISBURSEMENTS,0.00,D,"",Q,4081320131195375783,SB23.4521,2014,C00501643
A,ADD,,,,,,,,,,,,,,,,,,,C00427401,,,,,,,238.94,2013-01-28,COMPLIANCE REPORTING SERVICE,OTHER,,,,,ORG,ORGANIZATION,,,881206,F3X,13941260224,21B,Other Federal Operating Expenditures,4072220131193325752,2017-05-31T20:47:10.556366,,,,false,,,,,,,,,,http://docquery.fec.gov/cgi-bin/fecimg/?13941260224,DULLES,,"MORGAN, MEREDITH & ASSOCIATES",VA,20166,,MY,2013,SB,ITEMIZED DISBURSEMENTS,0.00,D,"",Q,4081320131195375782,SB21B.4513,2014,
A,ADD,,,,,,,,,,,,,,,,,,,C00427401,,,,,,,127.45,2012-11-13,REPORTING SERVICES,OTHER,,,,,ORG,ORGANIZATION,,,838319,F3X,12940859192,21B,Other Federal Operating Expenditures,4120620121174165340,2017-05-31T20:12:38.059660,,,,false,,,,,,,,,,http://docquery.fec.gov/cgi-bin/fecimg/?12940859192,DULLES,,"MORGAN, MEREDITH & ASSOCIATES",VA,20166,,30G,2012,SB,ITEMIZED DISBURSEMENTS,0.00,D,"",Q,4121720121176048557,SB21B.4507,2012,
A,ADD,,,,DAVID CHESTON MR.,H2NC07096,ROUZER,,"ROUZER, DAVID CHESTON MR.",H,HOUSE,07,NC,NORTH CAROLINA,,,,,,C00427401,,,,,,,1000.0,2012-11-09,DEBT RELIEF,CONTRIBUTIONS,24K,CONTRIBUTION MADE TO NON-AFFILIATED,G2012,,CCM,CAMPAIGN COMMITTEE,GENERAL,2012,838319,F3X,12940859193,23,Contributions to Federal Candidates/Committees and Other Political Committees,4120620121174165340,2017-05-31T20:12:38.059660,,,,false,,,,,,,,,,http://docquery.fec.gov/cgi-bin/fecimg/?12940859193,SMITHFIELD,C00501643,DAVID ROUZER FOR CONGRESS,NC,27577,,30G,2012,SB,ITEMIZED DISBURSEMENTS,0.00,D,"",Q,4121720121176048558,SB23.4506,2012,C00501643
A,ADD,,,,MARTHA E,H2AZ08102,MCSALLY,,"MCSALLY, MARTHA E",H,HOUSE,02,AZ,ARIZONA ,,,,,,C00427401,,,,,,,1000.0,2012-09-21,POLITICAL CONTRIBUTION,CONTRIBUTIONS,24K,CONTRIBUTION MADE TO NON-AFFILIATED,G2012,,CCM,CAMPAIGN COMMITTEE,GENERAL,2012,817564,F3X,12954390872,23,Contributions to Federal Candidates/Committees and Other Political Committees,4101520121167231379,2017-05-31T20:12:38.059660,,,,false,,,,,,,,,,http://docquery.fec.gov/cgi-bin/fecimg/?12954390872,TUCSON,C00512236,MCSALLY FOR CONGRESS,AZ,85731,,Q3,2012,SB,ITEMIZED DISBURSEMENTS,0.00,D,"",Q,4103120121168903093,SB23.4471,2012,C00512236
A,ADD,,,,LOUIE,H4TX04039,GOHMERT,,"GOHMERT, LOUIE",H,HOUSE,01,TX,TEXAS,,,,,,C00427401,,,,,,,1000.0,2012-09-21,POLITICAL CONTRIBUTION,CONTRIBUTIONS,24K,CONTRIBUTION MADE TO NON-AFFILIATED,G2012,,CCM,CAMPAIGN COMMITTEE,GENERAL,2012,817564,F3X,12954390872,23,Contributions to Federal Candidates/Committees and Other Political Committees,4101520121167231379,2017-05-31T20:12:38.059660,,,,false,,,,,,,,,,http://docquery.fec.gov/cgi-bin/fecimg/?12954390872,TYLER,C00386532,LOUIE GOHMERT FOR CONGRESS COMMITTEE,TX,75711,,Q3,2012,SB,ITEMIZED DISBURSEMENTS,0.00,D,"",Q,4103120121168903092,SB23.4478,2012,C00386532
A,ADD,,,,RICHARD,H2NC08185,HUDSON,LANE,"HUDSON, RICHARD LANE MR. JR.",H,HOUSE,08,NC,NORTH CAROLINA,MR.,JR.,,,,C00427401,,,,,,,1000.0,2012-09-21,POLITICAL CONTRIBUTION,CONTRIBUTIONS,24K,CONTRIBUTION MADE TO NON-AFFILIATED,G2012,,CCM,CAMPAIGN COMMITTEE,GENERAL,2012,817564,F3X,12954390871,23,Contributions to Federal Candidates/Committees and Other Political Committees,4101520121167231379,2017-05-31T20:12:38.059660,,,,false,,,,,,,,,,http://docquery.fec.gov/cgi-bin/fecimg/?12954390871,CONCORD,C00504522,HUDSON FOR CONGRESS,NC,28027,,Q3,2012,SB,ITEMIZED DISBURSEMENTS,0.00,D,"",Q,4103120121168903091,SB23.4467,2012,C00504522
A,ADD,,,,DOUGLAS ALLEN,H2GA09150,COLLINS,,"COLLINS, DOUGLAS ALLEN",H,HOUSE,09,GA,GEORGIA,,,,,,C00427401,,,,,,,1000.0,2012-09-21,POLITICAL CONTRIBUTION,CONTRIBUTIONS,24K,CONTRIBUTION MADE TO NON-AFFILIATED,G2012,,CCM,CAMPAIGN COMMITTEE,GENERAL,2012,817564,F3X,12954390871,23,Contributions to Federal Candidates/Committees and Other Political Committees,4101520121167231379,2017-05-31T20:12:38.059660,,,,false,,,,,,,,,,http://docquery.fec.gov/cgi-bin/fecimg/?12954390871,GAINESVILLE,C00502039,COLLINS FOR CONGRESS,GA,30503,,Q3,2012,SB,ITEMIZED DISBURSEMENTS,0.00,D,"",Q,4103120121168903090,SB23.4475,2012,C00502039
A,ADD,,,,,,,,,,,,,,,,,,,C00427401,,,,,,,229.0,2012-09-18,COMPLIANCE REPORTING SERVICE,OTHER,,,,,ORG,ORGANIZATION,,,817564,F3X,12954390870,21B,Other Federal Operating Expenditures,4101520121167231379,2017-05-31T20:12:38.059660,,,,false,,,,,,,,,,http://docquery.fec.gov/cgi-bin/fecimg/?12954390870,DULLES,,"MORGAN, MEREDITH & ASSOCIATES",VA,20166,,Q3,2012,SB,ITEMIZED DISBURSEMENTS,0.00,D,"",Q,4103120121168903088,SB21B.4481,2012,
A,ADD,,,,RONALD D,H2FL00292,DESANTIS,,"DESANTIS, RONALD D",H,HOUSE,06,FL,FLORIDA,,,,,,C00427401,,,,,,,1000.0,2012-09-13,POLITICAL CONTRIBUTION,CONTRIBUTIONS,24K,CONTRIBUTION MADE TO NON-AFFILIATED,G2012,,CCM,CAMPAIGN COMMITTEE,GENERAL,2012,817564,F3X,12954390872,23,Contributions to Federal Candidates/Committees and Other Political Committees,4101520121167231379,2017-05-31T20:12:38.059660,,,,false,,,,,,,,,,http://docquery.fec.gov/cgi-bin/fecimg/?12954390872,POINTE VEDRA,C00511568,RON DESANTIS FOR CONGRESS,FL,32004,,Q3,2012,SB,ITEMIZED DISBURSEMENTS,0.00,D,"",Q,4103120121168903094,SB23.4493,2012,C00511568
A,ADD,,,,BRIAN PHILLIP,H4CA49032,BILBRAY,,"BILBRAY, BRIAN PHILLIP",H,HOUSE,52,CA,CALIFORNIA ,,,,,,C00427401,,,,,,,2000.0,2012-09-13,POLITICAL CONTRIBUTION,CONTRIBUTIONS,24K,CONTRIBUTION MADE TO NON-AFFILIATED,G2012,,CCM,CAMPAIGN COMMITTEE,GENERAL,2012,817564,F3X,12954390871,23,Contributions to Federal Candidates/Committees and Other Political Committees,4101520121167231379,2017-05-31T20:12:38.059660,,,,false,,,,,,,,,,http://docquery.fec.gov/cgi-bin/fecimg/?12954390871,IMPERIAL BEACH,C00300830,BRIAN BILBRAY FOR CONGRESS,CA,91932,,Q3,2012,SB,ITEMIZED DISBURSEMENTS,0.00,D,"",Q,4103120121168903089,SB23.4484,2012,C00300830
A,ADD,,,,,,,,,,,,,,,,,,,C00427401,,,,,,,112.5,2012-07-30,COMPLIANCE REPORTING SERVICES,OTHER,,,,,ORG,ORGANIZATION,,,817564,F3X,12954390870,21B,Other Federal Operating Expenditures,4101520121167231379,2017-05-31T20:12:38.059660,,,,false,,,,,,,,,,http://docquery.fec.gov/cgi-bin/fecimg/?12954390870,DULLES,,"MORGAN, MEREDITH & ASSOCIATES",VA,20166,,Q3,2012,SB,ITEMIZED DISBURSEMENTS,0.00,D,"",Q,4103120121168903087,SB21B.4443,2012,
A,ADD,,,,,,,,,,,,,,,,,,,C00427401,,,,,,,100.45,2012-07-02,COMPLIANCE REPORTING SERVICE,OTHER,,,,,ORG,ORGANIZATION,,,817564,F3X,12954390870,21B,Other Federal Operating Expenditures,4101520121167231379,2017-05-31T20:12:38.059660,,,,false,,,,,,,,,,http://docquery.fec.gov/cgi-bin/fecimg/?12954390870,DULLES,,"MORGAN, MEREDITH & ASSOCIATES",VA,20166,,Q3,2012,SB,ITEMIZED DISBURSEMENTS,0.00,D,"",Q,4103120121168903086,SB21B.4441,2012,
A,ADD,,,,RICHARD,H2NC08185,HUDSON,LANE,"HUDSON, RICHARD LANE MR. JR.",H,HOUSE,08,NC,NORTH CAROLINA,MR.,JR.,,,,C00427401,,,,,,,5000.0,2012-06-06,POLITICAL CONTRIBUTION,CONTRIBUTIONS,24K,CONTRIBUTION MADE TO NON-AFFILIATED,G2012,,CCM,CAMPAIGN COMMITTEE,GENERAL,2012,796494,F3X,12952419484,23,Contributions to Federal Candidates/Committees and Other Political Committees,4071320121158956608,2017-05-31T20:12:38.059660,,,,false,,,,,,,,,,http://docquery.fec.gov/cgi-bin/fecimg/?12952419484,CONCORD,C00504522,HUDSON FOR CONGRESS,NC,28027,,Q2,2012,SB,ITEMIZED DISBURSEMENTS,0.00,D,"",Q,4073120121159994012,SB23.4435,2012,C00504522
A,ADD,,,,,,,,,,,,,,,,,,,C00427401,,,,,,,162.5,2012-06-05,ELECTION COMPLIANCE SERVICE,OTHER,,,,,ORG,ORGANIZATION,,,796494,F3X,12952419483,21B,Other Federal Operating Expenditures,4071320121158956608,2017-05-31T20:12:38.059660,,,,false,,,,,,,,,,http://docquery.fec.gov/cgi-bin/fecimg/?12952419483,DULLES,,"MORGAN, MEREDITH & ASSOCIATES",VA,20166,,Q2,2012,SB,ITEMIZED DISBURSEMENTS,0.00,D,"",Q,4073120121159994011,SB21B.4436,2012,
A,ADD,,,,JESSE,H0AZ08015,KELLY,,"KELLY, JESSE",H,HOUSE,02,AZ,ARIZONA ,,,,,,C00427401,,,,,,,1000.0,2012-05-17,POLITICAL CONTRIBUTION,CONTRIBUTIONS,24K,CONTRIBUTION MADE TO NON-AFFILIATED,P2012,,CCM,CAMPAIGN COMMITTEE,PRIMARY,2012,796494,F3X,12952419484,23,Contributions to Federal Candidates/Committees and Other Political Committees,4071320121158956608,2017-05-31T20:12:38.059660,,,,false,,,,,,,,,,http://docquery.fec.gov/cgi-bin/fecimg/?12952419484,TUCSON,C00460808,KELLY FOR CONGRESS,AZ,85752,,Q2,2012,SB,ITEMIZED DISBURSEMENTS,0.00,D,"",Q,4073120121159994013,SB23.4432,2012,C00460808
A,ADD,,,,TIM,H2PA18143,MURPHY,,"MURPHY, TIM",H,HOUSE,18,PA,PENNSYLVANIA,,,,,,C00427401,,,,,,,1000.0,2012-03-31,POLITICAL CONTRIBUTION,CONTRIBUTIONS,24K,CONTRIBUTION MADE TO NON-AFFILIATED,P2012,,CCM,CAMPAIGN COMMITTEE,PRIMARY,2012,776398,F3X,12951394046,23,Contributions to Federal Candidates/Committees and Other Political Committees,4041320121154730333,2017-05-31T20:12:38.059660,,,,false,,,,,,,,,,http://docquery.fec.gov/cgi-bin/fecimg/?12951394046,PITTSBURGH,C00372201,TIM MURPHY FOR CONGRESS,PA,15234,,Q1,2012,SB,ITEMIZED DISBURSEMENTS,0.00,D,"",Q,4050820121155726303,SB23.4385,2012,C00372201
A,ADD,,,,FRANCISCO,H4TX28046,CANSECO,RAUL QUICO,"CANSECO, FRANCISCO RAUL QUICO",H,HOUSE,23,TX,TEXAS,,,,,,C00427401,,,,,,,3000.0,2012-03-22,POLITICAL CONTRIBUTION,CONTRIBUTIONS,24K,CONTRIBUTION MADE TO NON-AFFILIATED,P2012,,CCM,CAMPAIGN COMMITTEE,PRIMARY,2012,776398,F3X,12951394045,23,Contributions to Federal Candidates/Committees and Other Political Committees,4041320121154730333,2017-05-31T20:12:38.059660,,,,false,,,,,,,,,,http://docquery.fec.gov/cgi-bin/fecimg/?12951394045,SAN ANTONIO,C00394353,CANSECO FOR CONGRESS,TX,78230,,Q1,2012,SB,ITEMIZED DISBURSEMENTS,0.00,D,"",Q,4050820121155726300,SB23.4373,2012,C00394353
A,ADD,,,,RICHARD,H2NC08185,HUDSON,LANE,"HUDSON, RICHARD LANE MR. JR.",H,HOUSE,08,NC,NORTH CAROLINA,MR.,JR.,,,,C00427401,,,,,,,1000.0,2012-03-05,POLITICAL CONTRIBUTION,CONTRIBUTIONS,24K,CONTRIBUTION MADE TO NON-AFFILIATED,P2012,,CCM,CAMPAIGN COMMITTEE,PRIMARY,2012,776398,F3X,12951394045,23,Contributions to Federal Candidates/Committees and Other Political Committees,4041320121154730333,2017-05-31T20:12:38.059660,,,,false,,,,,,,,,,http://docquery.fec.gov/cgi-bin/fecimg/?12951394045,CONCORD,C00504522,HUDSON FOR CONGRESS,NC,28027,,Q1,2012,SB,ITEMIZED DISBURSEMENTS,0.00,D,"",Q,4050820121155726301,SB23.4388,2012,C00504522
A,ADD,,,,,,,,,,,,,,,,,,,C00427401,,,,,,,215.94,2012-02-17,REPORTING SERVICES,OTHER,,,,2012,ORG,ORGANIZATION,,,776398,F3X,12951394044,21B,Other Federal Operating Expenditures,4041320121154730333,2017-05-31T20:12:38.059660,,,,false,,,,,,,,,,http://docquery.fec.gov/cgi-bin/fecimg/?12951394044,DULLES,,"MORGAN, MEREDITH & ASSOCIATES",VA,20166,,Q1,2012,SB,ITEMIZED DISBURSEMENTS,0.00,D,"",Q,4050820121155726299,SB21B.4364,2012,
A,ADD,,,,THOMAS,H4IA05102,LATHAM,,"LATHAM, THOMAS",H,HOUSE,03,IA,IOWA,,,,,,C00427401,,,,,,,5000.0,2012-02-09,POLITICAL CONTRIBUTION,CONTRIBUTIONS,24K,CONTRIBUTION MADE TO NON-AFFILIATED,P2012,,CCM,CAMPAIGN COMMITTEE,PRIMARY,2012,776398,F3X,12951394045,23,Contributions to Federal Candidates/Committees and Other Political Committees,4041320121154730333,2017-05-31T20:12:38.059660,,,,false,,,,,,,,,,http://docquery.fec.gov/cgi-bin/fecimg/?12951394045,DES MOINES,C00287045,LATHAM FOR CONGRESS,IA,50301,,Q1,2012,SB,ITEMIZED DISBURSEMENTS,0.00,D,"",Q,4050820121155726302,SB23.4389,2012,C00287045
A,ADD,,,,,,,,,,,,,,,,,,,C00427401,,,,,,,85.94,2011-12-17,REPORTING SERVICES,OTHER,,,,2011,ORG,ORGANIZATION,,,761440,F3X,12970195046,21B,Other Federal Operating Expenditures,4013020121150093845,2017-05-31T20:12:38.059660,,,,false,,,,,,,,,,http://docquery.fec.gov/cgi-bin/fecimg/?12970195046,DULLES,,"MORGAN, MEREDITH & ASSOCIATES",VA,20166,,YE,2011,SB,ITEMIZED DISBURSEMENTS,0.00,D,"",Q,4022320121152242743,SB21B.4356,2012,
A,ADD,,,,MIKE,H8CO06138,COFFMAN,,"COFFMAN, MIKE",H,HOUSE,06,CO,COLORADO ,,,,,,C00427401,,,,,,,1000.0,2011-12-14,POLITICAL CONTRIBUTION,CONTRIBUTIONS,24K,CONTRIBUTION MADE TO NON-AFFILIATED,P2012,,CCM,CAMPAIGN COMMITTEE,PRIMARY,2012,761440,F3X,12970195047,23,Contributions to Federal Candidates/Committees and Other Political Committees,4013020121150093845,2017-05-31T20:12:38.059660,,,,false,,,,,,,,,,http://docquery.fec.gov/cgi-bin/fecimg/?12970195047,HIGHLANDS RANCH,C00497180,COFFMAN FOR CONGRESS 2012,CO,80129,,YE,2011,SB,ITEMIZED DISBURSEMENTS,0.00,D,"",Q,4022320121152242747,SB23.4357,2012,C00497180
A,ADD,,,,STEVE MR.,H2IA05072,KING,,"KING, STEVE MR.",H,HOUSE,05,IA,IOWA,,,,,,C00427401,,,,,,,1000.0,2011-11-18,POLITICAL CONTRIBUTION,CONTRIBUTIONS,24K,CONTRIBUTION MADE TO NON-AFFILIATED,P2012,,CCM,CAMPAIGN COMMITTEE,PRIMARY,2012,761440,F3X,12970195049,23,Contributions to Federal Candidates/Committees and Other Political Committees,4013020121150093845,2017-05-31T20:12:38.059660,,,,false,,,,,,,,,,http://docquery.fec.gov/cgi-bin/fecimg/?12970195049,EARLY,C00373563,KING FOR CONGRESS,IA,50535,,YE,2011,SB,ITEMIZED DISBURSEMENTS,0.00,D,"",Q,4022320121152242751,SB23.4350,2012,C00373563
A,ADD,,,,RICHARD,H2NC08185,HUDSON,LANE,"HUDSON, RICHARD LANE MR. JR.",H,HOUSE,08,NC,NORTH CAROLINA,MR.,JR.,,,,C00427401,,,,,,,500.0,2011-11-03,POLITICAL CONTRIBUTION,CONTRIBUTIONS,24K,CONTRIBUTION MADE TO NON-AFFILIATED,G2012,,CCM,CAMPAIGN COMMITTEE,GENERAL,2012,761440,F3X,12970195048,23,Contributions to Federal Candidates/Committees and Other Political Committees,4013020121150093845,2017-05-31T20:12:38.059660,,,,false,,,,,,,,,,http://docquery.fec.gov/cgi-bin/fecimg/?12970195048,CONCORD,C00504522,HUDSON FOR CONGRESS,NC,28027,,YE,2011,SB,ITEMIZED DISBURSEMENTS,0.00,D,"",Q,4022320121152242749,SB23.4362,2012,C00504522
A,ADD,,,,RICHARD,H2NC08185,HUDSON,LANE,"HUDSON, RICHARD LANE MR. JR.",H,HOUSE,08,NC,NORTH CAROLINA,MR.,JR.,,,,C00427401,,,,,,,2500.0,2011-11-03,POLITICAL CONTRIBUTION,CONTRIBUTIONS,24K,CONTRIBUTION MADE TO NON-AFFILIATED,P2012,,CCM,CAMPAIGN COMMITTEE,PRIMARY,2012,761440,F3X,12970195048,23,Contributions to Federal Candidates/Committees and Other Political Committees,4013020121150093845,2017-05-31T20:12:38.059660,,,,false,,,,,,,,,,http://docquery.fec.gov/cgi-bin/fecimg/?12970195048,CONCORD,C00504522,HUDSON FOR CONGRESS,NC,28027,,YE,2011,SB,ITEMIZED DISBURSEMENTS,0.00,D,"",Q,4022320121152242748,SB23.4353,2012,C00504522
A,ADD,,,,W TODD,S2MO00429,AKIN,,"AKIN, W TODD",S,SENATE,00,MO,MISSOURI,,,,,,C00427401,,,,,,,2500.0,2011-09-29,POLITICAL CONTRIBUTION,CONTRIBUTIONS,24K,CONTRIBUTION MADE TO NON-AFFILIATED,G2012,,CCM,CAMPAIGN COMMITTEE,GENERAL,2012,761440,F3X,12970195049,23,Contributions to Federal Candidates/Committees and Other Political Committees,4013020121150093845,2017-05-31T20:12:38.059660,,,,false,,,,,,,,,,http://docquery.fec.gov/cgi-bin/fecimg/?12970195049,ST LOUIS,C00343475,TODD AKIN FOR SENATE,MO,63131,,YE,2011,SB,ITEMIZED DISBURSEMENTS,0.00,D,"",Q,4022320121152242753,SB23.4363,2012,C00343475
A,ADD,,,,W TODD,S2MO00429,AKIN,,"AKIN, W TODD",S,SENATE,00,MO,MISSOURI,,,,,,C00427401,,,,,,,2500.0,2011-09-29,POLITICAL CONTRIBUTION,CONTRIBUTIONS,24K,CONTRIBUTION MADE TO NON-AFFILIATED,P2012,,CCM,CAMPAIGN COMMITTEE,PRIMARY,2012,761440,F3X,12970195049,23,Contributions to Federal Candidates/Committees and Other Political Committees,4013020121150093845,2017-05-31T20:12:38.059660,,,,false,,,,,,,,,,http://docquery.fec.gov/cgi-bin/fecimg/?12970195049,ST LOUIS,C00343475,TODD AKIN FOR SENATE,MO,63131,,YE,2011,SB,ITEMIZED DISBURSEMENTS,0.00,D,"",Q,4022320121152242752,SB23.4343,2012,C00343475
A,ADD,,,,JAIME,H0WA03187,HERRERA,,"HERRERA, JAIME",H,HOUSE,03,WA,WASHINGTON,,,,,,C00427401,,,,,,,1000.0,2011-09-29,POLITICAL CONTRIBUTION,CONTRIBUTIONS,24K,CONTRIBUTION MADE TO NON-AFFILIATED,P2012,,CCM,CAMPAIGN COMMITTEE,PRIMARY,2012,761440,F3X,12970195048,23,Contributions to Federal Candidates/Committees and Other Political Committees,4013020121150093845,2017-05-31T20:12:38.059660,,,,false,,,,,,,,,,http://docquery.fec.gov/cgi-bin/fecimg/?12970195048,RIDGEFIELD,C00472704,JAIME HERRERA FOR CONGRESS,WA,98642,,YE,2011,SB,ITEMIZED DISBURSEMENTS,0.00,D,"",Q,4022320121152242750,SB23.4347,2012,C00472704
A,ADD,,,,FRANCISCO,H4TX28046,CANSECO,RAUL QUICO,"CANSECO, FRANCISCO RAUL QUICO",H,HOUSE,23,TX,TEXAS,,,,,,C00427401,,,,,,,2000.0,2011-09-21,POLITICAL CONTRIBUTION,CONTRIBUTIONS,24K,CONTRIBUTION MADE TO NON-AFFILIATED,P2012,,CCM,CAMPAIGN COMMITTEE,PRIMARY,2012,761440,F3X,12970195047,23,Contributions to Federal Candidates/Committees and Other Political Committees,4013020121150093845,2017-05-31T20:12:38.059660,,,,false,,,,,,,,,,http://docquery.fec.gov/cgi-bin/fecimg/?12970195047,SAN ANTONIO,C00394353,CANSECO FOR CONGRESS,TX,78230,,YE,2011,SB,ITEMIZED DISBURSEMENTS,0.00,D,"",Q,4022320121152242746,SB23.4340,2012,C00394353
A,ADD,,,,,,,,,,,,,,,,,,,C00427401,,,,,,,170.0,2011-08-12,REPORTING SERVICES,OTHER,,,,2011,ORG,ORGANIZATION,,,761440,F3X,12970195046,21B,Other Federal Operating Expenditures,4013020121150093845,2017-05-31T20:12:38.059660,,,,false,,,,,,,,,,http://docquery.fec.gov/cgi-bin/fecimg/?12970195046,DULLES,,"MORGAN, MEREDITH & ASSOCIATES",VA,20166,,YE,2011,SB,ITEMIZED DISBURSEMENTS,0.00,D,"",Q,4022320121152242742,SB21B.4337,2012,
A,ADD,,,,MARK,H2NV02395,AMODEI,E.,"AMODEI, MARK E.",H,HOUSE,02,NV,NEVADA,,,,,,C00427401,,,,,,,1000.0,2011-08-03,POLITICAL CONTRIBUTION,CONTRIBUTIONS,24K,CONTRIBUTION MADE TO NON-AFFILIATED,P2012,,CCM,CAMPAIGN COMMITTEE,PRIMARY,2012,761440,F3X,12970195047,23,Contributions to Federal Candidates/Committees and Other Political Committees,4013020121150093845,2017-05-31T20:12:38.059660,,,,false,,,,,,,,,,http://docquery.fec.gov/cgi-bin/fecimg/?12970195047,CARSON CITY,C00496760,AMODEI FOR NEVADA,NV,89703,,YE,2011,SB,ITEMIZED DISBURSEMENTS,0.00,D,"",Q,4022320121152242745,SB23.4331,2012,C00496760
A,ADD,,,,,,,,,,,,,,,,,,,C00427401,,,,,,,975.01,2011-07-13,FUNDRAISING CONSULTING,OTHER,,,,2011,ORG,ORGANIZATION,,,761440,F3X,12970195046,21B,Other Federal Operating Expenditures,4013020121150093845,2017-05-31T20:12:38.059660,,,,false,,,,,,,,,,http://docquery.fec.gov/cgi-bin/fecimg/?12970195046,HONOLULU,,THE CATALYST GROUP LLC,HI,96816,,YE,2011,SB,ITEMIZED DISBURSEMENTS,0.00,D,"",Q,4022320121152242744,SB21B.4325,2012,
A,ADD,,,,PATRICK L,H0PA07082,MEEHAN,,"MEEHAN, PATRICK L",H,HOUSE,07,PA,PENNSYLVANIA,,,,,,C00427401,,,,,,,1000.0,2011-06-30,POLITICAL CONTRIBUTION,CONTRIBUTIONS,24K,CONTRIBUTION MADE TO NON-AFFILIATED,P2011,2011,CCM,CAMPAIGN COMMITTEE,PRIMARY,2011,739584,F3X,11932121591,23,Contributions to Federal Candidates/Committees and Other Political Committees,4072920111141800053,2017-05-31T20:12:38.059660,,,,false,,,,,,,,,,http://docquery.fec.gov/cgi-bin/fecimg/?11932121591,MEDIA,C00466870,PAT MEEHAN FOR CONGRESS,PA,19063,,MY,2011,SB,ITEMIZED DISBURSEMENTS,0.00,D,"",Q,4082420111142413703,SB23.4318,2012,C00466870
A,ADD,,,,MICHAEL J.,H0NY01160,FITZPATRICK,,"FITZPATRICK, MICHAEL J.",H,HOUSE,01,NY,NEW YORK,,,,,,C00427401,,,,,,,1000.0,2011-06-30,POLITICAL CONTRIBUTION,CONTRIBUTIONS,24K,CONTRIBUTION MADE TO NON-AFFILIATED,P2011,2011,CCM,CAMPAIGN COMMITTEE,PRIMARY,2011,739584,F3X,11932121591,23,Contributions to Federal Candidates/Committees and Other Political Committees,4072920111141800053,2017-05-31T20:12:38.059660,,,,false,,,,,,,,,,http://docquery.fec.gov/cgi-bin/fecimg/?11932121591,SAINT JAMES,C00479915,MIKE FITZPATRICK NY1 FOR CONGRESS,NY,11780,,MY,2011,SB,ITEMIZED DISBURSEMENTS,0.00,D,"",Q,4082420111142413702,SB23.4319,2012,C00479915
A,ADD,,,,RANDOLPH BLAKE,H0TX27061,FARENTHOLD,,"FARENTHOLD, RANDOLPH BLAKE",H,HOUSE,27,TX,TEXAS,,,,,,C00427401,,,,,,,1000.0,2011-06-16,POLITICAL CONTRIBUTION,CONTRIBUTIONS,24K,CONTRIBUTION MADE TO NON-AFFILIATED,P2011,2011,CCM,CAMPAIGN COMMITTEE,PRIMARY,2011,739584,F3X,11932121591,23,Contributions to Federal Candidates/Committees and Other Political Committees,4072920111141800053,2017-05-31T20:12:38.059660,,,,false,,,,,,,,,,http://docquery.fec.gov/cgi-bin/fecimg/?11932121591,CORPUS CHRISTI,C00473736,ELECT BLAKE FARENTHOLD COMMITTEE,TX,78463,,MY,2011,SB,ITEMIZED DISBURSEMENTS,0.00,D,"",Q,4082420111142413701,SB23.4314,2012,C00473736
A,ADD,,,,,,,,,,,,,,,,,,,C00427401,,,,,,,225.0,2011-02-17,REPORTING SERVICES,OTHER,,,O2011,2011,ORG,ORGANIZATION,,2011,739584,F3X,11932121590,21B,Other Federal Operating Expenditures,4072920111141800053,2017-05-31T20:12:38.059660,,,,false,,,,,,,,,,http://docquery.fec.gov/cgi-bin/fecimg/?11932121590,DULLES,,"MORGAN, MEREDITH & ASSOCIATES",VA,20166,,MY,2011,SB,ITEMIZED DISBURSEMENTS,0.00,D,"",Q,4082420111142413700,SB21B.4304,2012,
A,ADD,,,,PATRICK L,H0PA07082,MEEHAN,,"MEEHAN, PATRICK L",H,HOUSE,07,PA,PENNSYLVANIA,,,,,,C00427401,,,,,,,1000.0,2010-10-18,POLITICAL CONTRIBUTION,CONTRIBUTIONS,24K,CONTRIBUTION MADE TO NON-AFFILIATED,G2010,,CCM,CAMPAIGN COMMITTEE,GENERAL,2010,521421,F3X,10931953098,23,Contributions to Federal Candidates/Committees and Other Political Committees,4120220101132070656,2017-06-01T17:07:28.925142,,,,false,,,,,,,,,,http://docquery.fec.gov/cgi-bin/fecimg/?10931953098,MEDIA,C00466870,PAT MEEHAN FOR CONGRESS,PA,19063,,30G,2010,SB,ITEMIZED DISBURSEMENTS,,D,"",Q,4020920111135497279,SB23.4298,2010,C00466870
A,ADD,,,,,,,,,,,,,,,,,,,C00427401,,,,,,,125.0,2010-10-18,REPORTING SERVICES,OTHER,,,,,ORG,ORGANIZATION,,,521421,F3X,10931953097,21B,Other Federal Operating Expenditures,4120220101132070656,2017-06-01T17:07:28.925142,,,,false,,,,,,,,,,http://docquery.fec.gov/cgi-bin/fecimg/?10931953097,DULLES,,"MORGAN, MEREDITH & ASSOCIATES",VA,20166,,30G,2010,SB,ITEMIZED DISBURSEMENTS,,D,"",Q,4020920111135497277,SB21B.4301,2010,
A,ADD,,,,JAMES AUSTIN,H0GA08099,SCOTT,,"SCOTT, JAMES AUSTIN",H,HOUSE,08,GA,GEORGIA,,,,,,C00427401,,,,,,,1000.0,2010-10-16,POLITICAL CONTRIBUTION,CONTRIBUTIONS,24K,CONTRIBUTION MADE TO NON-AFFILIATED,G2010,,CCM,CAMPAIGN COMMITTEE,GENERAL,2010,521421,F3X,10931953098,23,Contributions to Federal Candidates/Committees and Other Political Committees,4120220101132070656,2017-06-01T17:07:28.925142,,,,false,,,,,,,,,,http://docquery.fec.gov/cgi-bin/fecimg/?10931953098,MACON,C00482737,AUSTIN SCOTT FOR CONGRESS INC,GA,31221,,30G,2010,SB,ITEMIZED DISBURSEMENTS,,D,"",Q,4020920111135497278,SB23.4296,2010,C00482737
A,ADD,,,,KRISTI LYNN,H0SD00054,NOEM,,"NOEM, KRISTI LYNN",H,HOUSE,00,SD,SOUTH DAKOTA,,,,,,C00427401,,,,,,,1000.0,2010-09-30,POLITICAL CONTRIBUTION,CONTRIBUTIONS,24K,CONTRIBUTION MADE TO NON-AFFILIATED,G2010,,CCM,CAMPAIGN COMMITTEE,GENERAL,2010,500225,F3X,10991332109,23,Contributions to Federal Candidates/Committees and Other Political Committees,4101520101130367988,2017-06-01T17:07:28.925142,,,,false,,,,,,,,,,http://docquery.fec.gov/cgi-bin/fecimg/?10991332109,SIOUX FALLS,C00476853,KRISTI FOR CONGRESS,SD,57101,,Q3,2010,SB,ITEMIZED DISBURSEMENTS,,D,"",Q,4110920101131355694,SB23.4281,2010,C00476853
A,ADD,,,,JAIME,H0WA03187,HERRERA,,"HERRERA, JAIME",H,HOUSE,03,WA,WASHINGTON,,,,,,C00427401,,,,,,,1000.0,2010-09-30,POLITICAL CONTRIBUTION,CONTRIBUTIONS,24K,CONTRIBUTION MADE TO NON-AFFILIATED,G2010,,CCM,CAMPAIGN COMMITTEE,GENERAL,2010,500225,F3X,10991332107,23,Contributions to Federal Candidates/Committees and Other Political Committees,4101520101130367988,2017-06-01T17:07:28.925142,,,,false,,,,,,,,,,http://docquery.fec.gov/cgi-bin/fecimg/?10991332107,RIDGEFIELD,C00472704,JAIME HERRERA FOR CONGRESS,WA,98642,,Q3,2010,SB,ITEMIZED DISBURSEMENTS,,D,"",Q,4110920101131355690,SB23.4278,2010,C00472704
A,ADD,,,,DIANE LYNN,H0TN06257,BLACK,,"BLACK, DIANE LYNN",H,HOUSE,06,TN,TENNESSEE,,,,,,C00427401,,,,,,,1000.0,2010-09-30,POLITICAL CONTRIBUTION,CONTRIBUTIONS,24K,CONTRIBUTION MADE TO NON-AFFILIATED,G2010,,CCM,CAMPAIGN COMMITTEE,GENERAL,2010,500225,F3X,10991332106,23,Contributions to Federal Candidates/Committees and Other Political Committees,4101520101130367988,2017-06-01T17:07:28.925142,,,,false,,,,,,,,,,http://docquery.fec.gov/cgi-bin/fecimg/?10991332106,GALLATIN,C00472878,DIANE BLACK FOR CONGRESS,TN,37066,,Q3,2010,SB,ITEMIZED DISBURSEMENTS,,D,"",Q,4110920101131355685,SB23.4275,2010,C00472878
A,ADD,,,,ANN MARIE,H0NY25078,BUERKLE,,"BUERKLE, ANN MARIE",H,HOUSE,25,NY,NEW YORK,,,,,,C00427401,,,,,,,1000.0,2010-09-30,POLITICAL CONTRIBUTION,CONTRIBUTIONS,24K,CONTRIBUTION MADE TO NON-AFFILIATED,G2010,,CCM,CAMPAIGN COMMITTEE,GENERAL,2010,500225,F3X,10991332104,23,Contributions to Federal Candidates/Committees and Other Political Committees,4101520101130367988,2017-06-01T17:07:28.925142,,,,false,,,,,,,,,,http://docquery.fec.gov/cgi-bin/fecimg/?10991332104,SYRACUSE,C00473751,ANN MARIE BUERKLE FOR CONGRESS,NY,13215,,Q3,2010,SB,ITEMIZED DISBURSEMENTS,,D,"",Q,4110920101131355679,SB23.4272,2010,C00473751
A,ADD,,,,MICHEL,H0NY15111,FAULKNER,,"FAULKNER, MICHEL",H,HOUSE,15,NY,NEW YORK,,,,,,C00427401,,,,,,,500.0,2010-09-29,POLITICAL CONTRIBUTION,CONTRIBUTIONS,24K,CONTRIBUTION MADE TO NON-AFFILIATED,G2010,,CCM,CAMPAIGN COMMITTEE,GENERAL,2010,500225,F3X,10991332109,23,Contributions to Federal Candidates/Committees and Other Political Committees,4101520101130367988,2017-06-01T17:07:28.925142,,,,false,,,,,,,,,,http://docquery.fec.gov/cgi-bin/fecimg/?10991332109,NEW YORK,C00470997,MICHEL FAULKNER FOR CONGRESS,NY,10025,,Q3,2010,SB,ITEMIZED DISBURSEMENTS,,D,"",Q,4110920101131355696,SB23.4289,2010,C00470997
A,ADD,,,,DAN,H0WI03068,KAPANKE,,"KAPANKE, DAN",H,HOUSE,03,WI,WISCONSIN,,,,,,C00427401,,,,,,,1000.0,2010-09-29,POLITICAL CONTRIBUTION,CONTRIBUTIONS,24K,CONTRIBUTION MADE TO NON-AFFILIATED,G2010,,CCM,CAMPAIGN COMMITTEE,GENERAL,2010,500225,F3X,10991332108,23,Contributions to Federal Candidates/Committees and Other Political Committees,4101520101130367988,2017-06-01T17:07:28.925142,,,,false,,,,,,,,,,http://docquery.fec.gov/cgi-bin/fecimg/?10991332108,LA CROSSE,C00464842,KAPANKE FOR CONGRESS,WI,54601,,Q3,2010,SB,ITEMIZED DISBURSEMENTS,,D,"",Q,4110920101131355693,SB23.4269,2010,C00464842
A,ADD,,,,,,,,,,,,,,,,,,,C00427401,,,,,,,150.0,2010-09-29,REPORTING SERVICES,OTHER,,,,,ORG,ORGANIZATION,,,500225,F3X,10991332103,21B,Other Federal Operating Expenditures,4101520101130367988,2017-06-01T17:07:28.925142,,,,false,,,,,,,,,,http://docquery.fec.gov/cgi-bin/fecimg/?10991332103,DULLES,,"MORGAN, MEREDITH & ASSOCIATES",VA,20166,,Q3,2010,SB,ITEMIZED DISBURSEMENTS,,D,"",Q,4110920101131355678,SB21B.4285,2010,
A,ADD,,,,SCOTT R,H6CO03139,TIPTON,,"TIPTON, SCOTT R",H,HOUSE,03,CO,COLORADO ,,,,,,C00427401,,,,,,,1000.0,2010-09-28,POLITICAL CONTRIBUTION,CONTRIBUTIONS,24K,CONTRIBUTION MADE TO NON-AFFILIATED,G2010,,CCM,CAMPAIGN COMMITTEE,GENERAL,2010,500225,F3X,10991332113,23,Contributions to Federal Candidates/Committees and Other Political Committees,4101520101130367988,2017-06-01T17:07:28.925142,,,,false,,,,,,,,,,http://docquery.fec.gov/cgi-bin/fecimg/?10991332113,CORTEZ,C00470757,VOTETIPTON.COM,CO,81321,,Q3,2010,SB,ITEMIZED DISBURSEMENTS,,D,"",Q,4110920101131355708,SB23.4252,2010,C00470757
A,ADD,,,,STEVE,H0TN08246,FINCHER,,"FINCHER, STEVE",H,HOUSE,08,TN,TENNESSEE,,,,,,C00427401,,,,,,,1000.0,2010-09-28,POLITICAL CONTRIBUTION,CONTRIBUTIONS,24K,CONTRIBUTION MADE TO NON-AFFILIATED,G2010,,CCM,CAMPAIGN COMMITTEE,GENERAL,2010,500225,F3X,10991332112,23,Contributions to Federal Candidates/Committees and Other Political Committees,4101520101130367988,2017-06-01T17:07:28.925142,,,,false,,,,,,,,,,http://docquery.fec.gov/cgi-bin/fecimg/?10991332112,JACKSON,C00466854,STEVE FINCHER FOR CONGRESS,TN,38308,,Q3,2010,SB,ITEMIZED DISBURSEMENTS,,D,"",Q,4110920101131355705,SB23.4230,2010,C00466854
A,ADD,,,,RYAN L,H0CO07026,FRAZIER,,"FRAZIER, RYAN L",H,HOUSE,07,CO,COLORADO ,,,,,,C00427401,,,,,,,1000.0,2010-09-28,POLITICAL CONTRIBUTION,CONTRIBUTIONS,24K,CONTRIBUTION MADE TO NON-AFFILIATED,G2010,,CCM,CAMPAIGN COMMITTEE,GENERAL,2010,500225,F3X,10991332111,23,Contributions to Federal Candidates/Committees and Other Political Committees,4101520101130367988,2017-06-01T17:07:28.925142,,,,false,,,,,,,,,,http://docquery.fec.gov/cgi-bin/fecimg/?10991332111,EDGEWATER,C00461020,RYAN FRAZIER FOR COLORADO,CO,80214,,Q3,2010,SB,ITEMIZED DISBURSEMENTS,,D,"",Q,4110920101131355702,SB23.4243,2010,C00461020
A,ADD,,,,REID,H0WI08075,RIBBLE,,"RIBBLE, REID",H,HOUSE,08,WI,WISCONSIN,,,,,,C00427401,,,,,,,1000.0,2010-09-28,POLITICAL CONTRIBUTION,CONTRIBUTIONS,24K,CONTRIBUTION MADE TO NON-AFFILIATED,G2010,,CCM,CAMPAIGN COMMITTEE,GENERAL,2010,500225,F3X,10991332111,23,Contributions to Federal Candidates/Committees and Other Political Committees,4101520101130367988,2017-06-01T17:07:28.925142,,,,false,,,,,,,,,,http://docquery.fec.gov/cgi-bin/fecimg/?10991332111,APPLETON,C00463620,RIBBLE FOR CONGRESS,WI,54912,,Q3,2010,SB,ITEMIZED DISBURSEMENTS,,D,"",Q,4110920101131355701,SB23.4236,2010,C00463620
A,ADD,,,,MO,H0AL05163,BROOKS,,"BROOKS, MO",H,HOUSE,05,AL,ALABAMA,,,,,,C00427401,,,,,,,1000.0,2010-09-28,POLITICAL CONTRIBUTION,CONTRIBUTIONS,24K,CONTRIBUTION MADE TO NON-AFFILIATED,G2010,,CCM,CAMPAIGN COMMITTEE,GENERAL,2010,500225,F3X,10991332110,23,Contributions to Federal Candidates/Committees and Other Political Committees,4101520101130367988,2017-06-01T17:07:28.925142,,,,false,,,,,,,,,,http://docquery.fec.gov/cgi-bin/fecimg/?10991332110,HUNTSVILLE,C00464149,MOBROOKSFORCONGRESS.COM,AL,35802,,Q3,2010,SB,ITEMIZED DISBURSEMENTS,,D,"",Q,4110920101131355698,SB23.4267,2010,C00464149
A,ADD,,,,MICHAEL,H0NY13074,GRIMM,,"GRIMM, MICHAEL",H,HOUSE,13,NY,NEW YORK,,,,,,C00427401,,,,,,,1000.0,2010-09-28,POLITICAL CONTRIBUTION,CONTRIBUTIONS,24K,CONTRIBUTION MADE TO NON-AFFILIATED,G2010,,CCM,CAMPAIGN COMMITTEE,GENERAL,2010,500225,F3X,10991332109,23,Contributions to Federal Candidates/Committees and Other Political Committees,4101520101130367988,2017-06-01T17:07:28.925142,,,,false,,,,,,,,,,http://docquery.fec.gov/cgi-bin/fecimg/?10991332109,BROOKLYN,C00470807,MICHAEL GRIMM FOR CONGRESS,NY,11215,,Q3,2010,SB,ITEMIZED DISBURSEMENTS,,D,"",Q,4110920101131355695,SB23.4231,2010,C00470807
A,ADD,,,,JOHN J II,H0RI01065,LOUGHLIN,,"LOUGHLIN, JOHN J II",H,HOUSE,01,RI,RHODE ISLAND,,,,,,C00427401,,,,,,,1000.0,2010-09-28,POLITICAL CONTRIBUTION,CONTRIBUTIONS,24K,CONTRIBUTION MADE TO NON-AFFILIATED,G2010,,CCM,CAMPAIGN COMMITTEE,GENERAL,2010,500225,F3X,10991332107,23,Contributions to Federal Candidates/Committees and Other Political Committees,4101520101130367988,2017-06-01T17:07:28.925142,,,,false,,,,,,,,,,http://docquery.fec.gov/cgi-bin/fecimg/?10991332107,ADAMSVILLE,C00460923,FRIENDS OF JOHN LOUGHLIN,RI,02801,,Q3,2010,SB,ITEMIZED DISBURSEMENTS,,D,"",Q,4110920101131355688,SB23.4254,2010,C00460923
A,ADD,,,,CHARLES K,H0HI01157,DJOU,,"DJOU, CHARLES K",H,HOUSE,01,HI,HAWAII,,,,,,C00427401,,,,,,,1000.0,2010-09-28,POLITICAL CONTRIBUTION,CONTRIBUTIONS,24K,CONTRIBUTION MADE TO NON-AFFILIATED,G2010,,CCM,CAMPAIGN COMMITTEE,GENERAL,2010,500225,F3X,10991332106,23,Contributions to Federal Candidates/Committees and Other Political Committees,4101520101130367988,2017-06-01T17:07:28.925142,,,,false,,,,,,,,,,http://docquery.fec.gov/cgi-bin/fecimg/?10991332106,HONOLULU,C00441451,DJOU FOR HAWAII,HI,96823,,Q3,2010,SB,ITEMIZED DISBURSEMENTS,,D,"",Q,4110920101131355686,SB23.4227,2010,C00441451
A,ADD,,,,ANH 'JOSEPH',H8LA02112,CAO,,"CAO, ANH 'JOSEPH'",H,HOUSE,02,LA,LOUISIANA,,,,,,C00427401,,,,,,,1000.0,2010-09-27,POLITICAL CONTRIBUTION,CONTRIBUTIONS,24K,CONTRIBUTION MADE TO NON-AFFILIATED,G2010,,CCM,CAMPAIGN COMMITTEE,GENERAL,2010,500225,F3X,10991332108,23,Contributions to Federal Candidates/Committees and Other Political Committees,4101520101130367988,2017-06-01T17:07:28.925142,,,,false,,,,,,,,,,http://docquery.fec.gov/cgi-bin/fecimg/?10991332108,NEW ORLEANS,C00455808,JOSEPH CAO FOR CONGRESS,LA,70156,,Q3,2010,SB,ITEMIZED DISBURSEMENTS,,D,"",Q,4110920101131355692,SB23.4241,2010,C00455808
A,ADD,,,,FRANK,H0NH01217,GUINTA,,"GUINTA, FRANK",H,HOUSE,01,NH,NEW HAMPSHIRE,,,,,,C00427401,,,,,,,1000.0,2010-09-24,POLITICAL CONTRIBUTION,CONTRIBUTIONS,24K,CONTRIBUTION MADE TO NON-AFFILIATED,G2010,,CCM,CAMPAIGN COMMITTEE,GENERAL,2010,500225,F3X,10991332106,23,Contributions to Federal Candidates/Committees and Other Political Committees,4101520101130367988,2017-06-01T17:07:28.925142,,,,false,,,,,,,,,,http://docquery.fec.gov/cgi-bin/fecimg/?10991332106,MANCHESTER,C00461350,FRIENDS OF FRANK GUINTA,NH,03105,,Q3,2010,SB,ITEMIZED DISBURSEMENTS,,D,"",Q,4110920101131355687,SB23.4246,2010,C00461350
A,ADD,,,,DAVID,H4AZ06045,SCHWEIKERT,,"SCHWEIKERT, DAVID",H,HOUSE,05,AZ,ARIZONA ,,,,,,C00427401,,,,,,,1000.0,2010-09-18,POLITICAL CONTIRUBTION,CONTRIBUTIONS,24K,CONTRIBUTION MADE TO NON-AFFILIATED,G2010,,CCM,CAMPAIGN COMMITTEE,GENERAL,2010,500225,F3X,10991332105,23,Contributions to Federal Candidates/Committees and Other Political Committees,4101520101130367988,2017-06-01T17:07:28.925142,,,,false,,,,,,,,,,http://docquery.fec.gov/cgi-bin/fecimg/?10991332105,FOUNTAIN HILLS,C00440727,DAVID SCHWEIKERT FOR CONGRESS,AZ,85268,,Q3,2010,SB,ITEMIZED DISBURSEMENTS,,D,"",Q,4110920101131355684,SB23.4181,2010,C00440727
A,ADD,,,,PAUL ANTHONY,H0AZ01259,GOSAR,,"GOSAR, PAUL ANTHONY",H,HOUSE,01,AZ,ARIZONA ,,,,,,C00427401,,,,,,,1000.0,2010-09-17,POLITICAL CONTRIBUTION,CONTRIBUTIONS,24K,CONTRIBUTION MADE TO NON-AFFILIATED,G2010,,CCM,CAMPAIGN COMMITTEE,GENERAL,2010,500225,F3X,10991332110,23,Contributions to Federal Candidates/Committees and Other Political Committees,4101520101130367988,2017-06-01T17:07:28.925142,,,,false,,,,,,,,,,http://docquery.fec.gov/cgi-bin/fecimg/?10991332110,FLAGSTAFF,C00461806,PAUL GOSAR FOR CONGRESS,AZ,86004,,Q3,2010,SB,ITEMIZED DISBURSEMENTS,,D,"",Q,4110920101131355699,SB23.4182,2010,C00461806
A,ADD,,,,VICKY JO,H0MO04086,HARTZLER,,"HARTZLER, VICKY JO",H,HOUSE,04,MO,MISSOURI,,,,,,C00427401,,,,,,,1000.0,2010-09-16,POLITICAL CONTRIBUTION,CONTRIBUTIONS,24K,CONTRIBUTION MADE TO NON-AFFILIATED,G2010,,CCM,CAMPAIGN COMMITTEE,GENERAL,2010,500225,F3X,10991332113,23,Contributions to Federal Candidates/Committees and Other Political Committees,4101520101130367988,2017-06-01T17:07:28.925142,,,,false,,,,,,,,,,http://docquery.fec.gov/cgi-bin/fecimg/?10991332113,HARRISONVILLE,C00464602,VICKY HARTZLER FOR CONGRESS,MO,64701,,Q3,2010,SB,ITEMIZED DISBURSEMENTS,,D,"",Q,4110920101131355707,SB23.4196,2010,C00464602
A,ADD,,,,THOMAS W II,H0NY29054,REED,,"REED, THOMAS W II",H,HOUSE,29,NY,NEW YORK,,,,,,C00427401,,,,,,,1000.0,2010-09-16,POLITICAL CONTRIBUTION,CONTRIBUTIONS,24K,CONTRIBUTION MADE TO NON-AFFILIATED,G2010,,CCM,CAMPAIGN COMMITTEE,GENERAL,2010,500225,F3X,10991332113,23,Contributions to Federal Candidates/Committees and Other Political Committees,4101520101130367988,2017-06-01T17:07:28.925142,,,,false,,,,,,,,,,http://docquery.fec.gov/cgi-bin/fecimg/?10991332113,CORNING,C00464032,TOM REED FOR CONGRESS,NY,14830,,Q3,2010,SB,ITEMIZED DISBURSEMENTS,,D,"",Q,4110920101131355706,SB23.4223,2010,C00464032
A,ADD,,,,SANDY,H0FL24049,ADAMS,,"ADAMS, SANDY",H,HOUSE,24,FL,FLORIDA,,,,,,C00427401,,,,,,,1000.0,2010-09-16,POLITICAL CONTRIBUTION,CONTRIBUTIONS,24K,CONTRIBUTION MADE TO NON-AFFILIATED,G2010,,CCM,CAMPAIGN COMMITTEE,GENERAL,2010,500225,F3X,10991332112,23,Contributions to Federal Candidates/Committees and Other Political Committees,4101520101130367988,2017-06-01T17:07:28.925142,,,,false,,,,,,,,,,http://docquery.fec.gov/cgi-bin/fecimg/?10991332112,ORLANDO,C00463877,SANDY ADAMS FOR CONGRESS,FL,32802,,Q3,2010,SB,ITEMIZED DISBURSEMENTS,,D,"",Q,4110920101131355703,SB23.4193,2010,C00463877
A,ADD,,,,JON,H0NJ03153,RUNYAN,,"RUNYAN, JON",H,HOUSE,03,NJ,NEW JERSEY,,,,,,C00427401,,,,,,,1000.0,2010-09-16,POLITICAL CONTRIBUTION,CONTRIBUTIONS,24K,CONTRIBUTION MADE TO NON-AFFILIATED,G2010,,CCM,CAMPAIGN COMMITTEE,GENERAL,2010,500225,F3X,10991332108,23,Contributions to Federal Candidates/Committees and Other Political Committees,4101520101130367988,2017-06-01T17:07:28.925142,,,,false,,,,,,,,,,http://docquery.fec.gov/cgi-bin/fecimg/?10991332108,COLONIA,C00477661,"JON RUNYAN FOR CONGRESS, INC",NJ,07067,,Q3,2010,SB,ITEMIZED DISBURSEMENTS,,D,"",Q,4110920101131355691,SB23.4185,2010,C00477661
A,ADD,,,,NAN,H0NY19139,HAYWORTH,,"HAYWORTH, NAN",H,HOUSE,19,NY,NEW YORK,,,,,,C00427401,,,,,,,1000.0,2010-09-16,POLITICAL CONTRIBUTIONS,CONTRIBUTIONS,24K,CONTRIBUTION MADE TO NON-AFFILIATED,G2010,,CCM,CAMPAIGN COMMITTEE,GENERAL,2010,500225,F3X,10991332107,23,Contributions to Federal Candidates/Committees and Other Political Committees,4101520101130367988,2017-06-01T17:07:28.925142,,,,false,,,,,,,,,,http://docquery.fec.gov/cgi-bin/fecimg/?10991332107,CARMEL,C00466490,FRIENDS OF NAN HAYWORTH,NY,10512,,Q3,2010,SB,ITEMIZED DISBURSEMENTS,,D,"",Q,4110920101131355689,SB23.4218,2010,C00466490
A,ADD,,,,CHRISTOPHER PATRICK,H0NY20095,GIBSON,,"GIBSON, CHRISTOPHER PATRICK",H,HOUSE,20,NY,NEW YORK,,,,,,C00427401,,,,,,,1000.0,2010-09-16,POLITICAL CONTRIBUTION,CONTRIBUTIONS,24K,CONTRIBUTION MADE TO NON-AFFILIATED,G2010,,CCM,CAMPAIGN COMMITTEE,GENERAL,2010,500225,F3X,10991332104,23,Contributions to Federal Candidates/Committees and Other Political Committees,4101520101130367988,2017-06-01T17:07:28.925142,,,,false,,,,,,,,,,http://docquery.fec.gov/cgi-bin/fecimg/?10991332104,HUDSON,C00477984,CHRIS GIBSON FOR CONGRESS,NY,12534,,Q3,2010,SB,ITEMIZED DISBURSEMENTS,,D,"",Q,4110920101131355681,SB23.4188,2010,C00477984
A,ADD,,,,DANIEL J,H0MI01088,BENISHEK,,"BENISHEK, DANIEL J",H,HOUSE,01,MI,MICHIGAN,,,,,,C00427401,,,,,,,1000.0,2010-09-16,POLITICAL CONTRIBUTION,CONTRIBUTIONS,24K,CONTRIBUTION MADE TO NON-AFFILIATED,G2010,,CCM,CAMPAIGN COMMITTEE,GENERAL,2010,500225,F3X,10991332104,23,Contributions to Federal Candidates/Committees and Other Political Committees,4101520101130367988,2017-06-01T17:07:28.925142,,,,false,,,,,,,,,,http://docquery.fec.gov/cgi-bin/fecimg/?10991332104,CRYSTAL FALLS,C00476325,BENISHEK FOR CONGRESS,MI,49920,,Q3,2010,SB,ITEMIZED DISBURSEMENTS,,D,"",Q,4110920101131355680,SB23.4224,2010,C00476325
A,ADD,,,,KEVIN W,H0KS03137,YODER,,"YODER, KEVIN W",H,HOUSE,03,KS,KANSAS,,,,,,C00427401,,,,,,,1000.0,2010-09-15,POLITICAL CONTRIBUTION,CONTRIBUTIONS,24K,CONTRIBUTION MADE TO NON-AFFILIATED,G2010,,CCM,CAMPAIGN COMMITTEE,GENERAL,2010,500225,F3X,10991332114,23,Contributions to Federal Candidates/Committees and Other Political Committees,4101520101130367988,2017-06-01T17:07:28.925142,,,,false,,,,,,,,,,http://docquery.fec.gov/cgi-bin/fecimg/?10991332114,OVERLAND PARK,C00472365,YODER FOR CONGRESS,KS,66225,,Q3,2010,SB,ITEMIZED DISBURSEMENTS,,D,"",Q,4110920101131355710,SB23.4263,2010,C00472365
A,ADD,,,,TIMOTHY L.,H4MI07103,WALBERG,,"WALBERG, TIMOTHY L.",H,HOUSE,07,MI,MICHIGAN,,,,,,C00427401,,,,,,,1000.0,2010-09-15,POLITICAL CONTRIBUTION,CONTRIBUTIONS,24K,CONTRIBUTION MADE TO NON-AFFILIATED,G2010,,CCM,CAMPAIGN COMMITTEE,GENERAL,2010,500225,F3X,10991332114,23,Contributions to Federal Candidates/Committees and Other Political Committees,4101520101130367988,2017-06-01T17:07:28.925142,,,,false,,,,,,,,,,http://docquery.fec.gov/cgi-bin/fecimg/?10991332114,TIPTON,C00390724,WALBERG FOR CONGRESS,MI,49287,,Q3,2010,SB,ITEMIZED DISBURSEMENTS,,D,"",Q,4110920101131355709,SB23.4206,2010,C00390724
A,ADD,,,,WILLIAM STEVE II,H0FL02110,SOUTHERLAND,,"SOUTHERLAND, WILLIAM STEVE II",H,HOUSE,02,FL,FLORIDA,,,,,,C00427401,,,,,,,1000.0,2010-09-15,POLITICAL CONTRIBUTIONS,CONTRIBUTIONS,24K,CONTRIBUTION MADE TO NON-AFFILIATED,G2010,,CCM,CAMPAIGN COMMITTEE,GENERAL,2010,500225,F3X,10991332112,23,Contributions to Federal Candidates/Committees and Other Political Committees,4101520101130367988,2017-06-01T17:07:28.925142,,,,false,,,,,,,,,,http://docquery.fec.gov/cgi-bin/fecimg/?10991332112,LYNN HAVEN,C00468959,SOUTHERLAND FOR CONGRESS,FL,32444,,Q3,2010,SB,ITEMIZED DISBURSEMENTS,,D,"",Q,4110920101131355704,SB23.4204,2010,C00468959
A,ADD,,,,RANDY,H0IL14080,HULTGREN,,"HULTGREN, RANDY",H,HOUSE,14,IL,ILLINOIS,,,,,,C00427401,,,,,,,1000.0,2010-09-15,POLITICAL CONTRIBUTION,CONTRIBUTIONS,24K,CONTRIBUTION MADE TO NON-AFFILIATED,G2010,,CCM,CAMPAIGN COMMITTEE,GENERAL,2010,500225,F3X,10991332111,23,Contributions to Federal Candidates/Committees and Other Political Committees,4101520101130367988,2017-06-01T17:07:28.925142,,,,false,,,,,,,,,,http://docquery.fec.gov/cgi-bin/fecimg/?10991332111,BATAVIA,C00467522,RANDY HULTGREN FOR CONGRESS,IL,60510,,Q3,2010,SB,ITEMIZED DISBURSEMENTS,,D,"",Q,4110920101131355700,SB23.4259,2010,C00467522
A,ADD,,,,GEORGE J JR,H0PA03271,KELLY,,"KELLY, GEORGE J JR",H,HOUSE,03,PA,PENNSYLVANIA,,,,,,C00427401,,,,,,,1000.0,2010-09-15,POLITICAL CONTRIBUTION,CONTRIBUTIONS,24K,CONTRIBUTION MADE TO NON-AFFILIATED,G2010,,CCM,CAMPAIGN COMMITTEE,GENERAL,2010,500225,F3X,10991332110,23,Contributions to Federal Candidates/Committees and Other Political Committees,4101520101130367988,2017-06-01T17:07:28.925142,,,,false,,,,,,,,,,http://docquery.fec.gov/cgi-bin/fecimg/?10991332110,LYNDORA,C00474189,MIKE KELLY FOR CONGRESS,PA,16045,,Q3,2010,SB,ITEMIZED DISBURSEMENTS,,D,"",Q,4110920101131355697,SB23.4209,2010,C00474189
A,ADD,,,,DANIEL,H0FL08208,WEBSTER,,"WEBSTER, DANIEL",H,HOUSE,08,FL,FLORIDA,,,,,,C00427401,,,,,,,1000.0,2010-09-15,POLITICAL CONTRIBUTION,CONTRIBUTIONS,24K,CONTRIBUTION MADE TO NON-AFFILIATED,G2010,,CCM,CAMPAIGN COMMITTEE,GENERAL,2010,500225,F3X,10991332105,23,Contributions to Federal Candidates/Committees and Other Political Committees,4101520101130367988,2017-06-01T17:07:28.925142,,,,false,,,,,,,,,,http://docquery.fec.gov/cgi-bin/fecimg/?10991332105,ORLANDO,C00481911,DANIEL WEBSTER FOR CONGRESS,FL,32805,,Q3,2010,SB,ITEMIZED DISBURSEMENTS,,D,"",Q,4110920101131355683,SB23.4199,2010,C00481911
A,ADD,,,,CHARLES J,H0TN03254,FLEISCHMANN,,"FLEISCHMANN, CHARLES J",H,HOUSE,03,TN,TENNESSEE,,,,,,C00427401,,,,,,,500.0,2010-09-15,POLITICAL CONTRIBUTION,CONTRIBUTIONS,24K,CONTRIBUTION MADE TO NON-AFFILIATED,G2010,,CCM,CAMPAIGN COMMITTEE,GENERAL,2010,500225,F3X,10991332105,23,Contributions to Federal Candidates/Committees and Other Political Committees,4101520101130367988,2017-06-01T17:07:28.925142,,,,false,,,,,,,,,,http://docquery.fec.gov/cgi-bin/fecimg/?10991332105,CHATTANOOGA,C00461822,"CHUCK FLEISCHMANN FOR CONGRESS COMMITTEE, INC.",TN,37401,,Q3,2010,SB,ITEMIZED DISBURSEMENTS,,D,"",Q,4110920101131355682,SB23.4212,2010,C00461822
A,ADD,,,,DAVE,H4WA08071,REICHERT,,"REICHERT, DAVE",H,HOUSE,08,WA,WASHINGTON,,,,,,C00427401,,,,,,,1000.0,2010-06-24,POLITICAL CONTRIBUTION,CONTRIBUTIONS,24K,CONTRIBUTION MADE TO NON-AFFILIATED,P2010,,CCM,CAMPAIGN COMMITTEE,PRIMARY,2010,483897,F3X,10991022007,23,Contributions to Federal Candidates/Committees and Other Political Committees,4072220101127688634,2017-06-01T17:07:28.925142,,,,false,,,,,,,,,,http://docquery.fec.gov/cgi-bin/fecimg/?10991022007,BELLEVUE,C00397737,FRIENDS OF DAVE REICHERT,WA,98015,,Q2,2010,SB,ITEMIZED DISBURSEMENTS,,D,"",Q,4081820101128655758,SB23.4176,2010,C00397737
N,NO CHANGE,,,,,,,,,,,,,,,,,,,C00427401,,,,,,,162.5,2010-05-24,REPORTING SERVICES,OTHER,,,,,ORG,ORGANIZATION,,,483897,F3X,10991022006,21B,Other Federal Operating Expenditures,4072220101127688634,2017-06-01T17:07:28.925142,,,,false,,,,,,,,,,http://docquery.fec.gov/cgi-bin/fecimg/?10991022006,DULLES,,"MORGAN, MEREDITH & ASSOCIATES",VA,20166,,Q2,2010,SB,ITEMIZED DISBURSEMENTS,,D,"",Q,4081820101128655757,SB21B.4161,2010,
N,NO CHANGE,,,,TIMOTHY RAYMOND,H0PA12090,BURNS,,"BURNS, TIMOTHY RAYMOND",H,HOUSE,12,PA,PENNSYLVANIA,,,,,,C00427401,,,,,,,1000.0,2010-04-21,POLITICAL CONTRIBUTION,CONTRIBUTIONS,24K,CONTRIBUTION MADE TO NON-AFFILIATED,P2010,,CCM,CAMPAIGN COMMITTEE,PRIMARY,2010,483897,F3X,10991022007,23,Contributions to Federal Candidates/Committees and Other Political Committees,4072220101127688634,2017-06-01T17:07:28.925142,,,,false,,,,,,,,,,http://docquery.fec.gov/cgi-bin/fecimg/?10991022007,EIGHTY FOUR,C00461202,TIM BURNS FOR CONGRESS,PA,15330,,Q2,2010,SB,ITEMIZED DISBURSEMENTS,,D,"",Q,4081820101128655759,SB23.4158,2010,C00461202
A,ADD,,,,JEFF,H0OK05122,CLOUD,,"CLOUD, JEFF",H,HOUSE,05,OK,OKLAHOMA,,,,,,C00427401,,,,,,,-1000.0,2010-03-15,11/19/09 CHECK LOST IN MAIL/NOT REISSUED,CONTRIBUTIONS,24K,CONTRIBUTION MADE TO NON-AFFILIATED,P2010,,CCM,CAMPAIGN COMMITTEE,PRIMARY,2010,461963,F3X,10990545709,23,Contributions to Federal Candidates/Committees and Other Political Committees,4041520101125184156,2017-06-01T17:07:28.925142,,,,false,,,,,,,,,,http://docquery.fec.gov/cgi-bin/fecimg/?10990545709,OKLAHOMA CITY,C00468843,CLOUD FOR CONGRESS,OK,73113,,Q1,2010,SB,ITEMIZED DISBURSEMENTS,,D,"",Q,4042920101125923179,SB23.4141,2010,C00468843
A,ADD,,,,STEVE,H0TN08246,FINCHER,,"FINCHER, STEVE",H,HOUSE,08,TN,TENNESSEE,,,,,,C00427401,,,,,,,1000.0,2009-11-19,POLITICAL CONTRIBUTION,CONTRIBUTIONS,24K,CONTRIBUTION MADE TO NON-AFFILIATED,P2010,,CCM,CAMPAIGN COMMITTEE,PRIMARY,2010,448722,F3X,10930223397,23,Contributions to Federal Candidates/Committees and Other Political Committees,4012920101122815372,2017-06-01T17:07:28.925142,,,,false,,,,,,,,,,http://docquery.fec.gov/cgi-bin/fecimg/?10930223397,JACKSON,C00466854,STEVE FINCHER FOR CONGRESS,TN,38308,,YE,2009,SB,ITEMIZED DISBURSEMENTS,,D,"",Q,4030120101123950470,SB23.4135,2010,C00466854
A,ADD,,,,ROBERT,H0VA05095,HURT,,"HURT, ROBERT",H,HOUSE,05,VA,VIRGINIA ,,,,,,C00427401,,,,,,,1000.0,2009-11-19,POLITICAL CONTRIBUTION,CONTRIBUTIONS,24K,CONTRIBUTION MADE TO NON-AFFILIATED,P2010,,CCM,CAMPAIGN COMMITTEE,PRIMARY,2010,448722,F3X,10930223397,23,Contributions to Federal Candidates/Committees and Other Political Committees,4012920101122815372,2017-06-01T17:07:28.925142,,,,false,,,,,,,,,,http://docquery.fec.gov/cgi-bin/fecimg/?10930223397,CHATHAM,C00468405,ROBERT HURT FOR CONGRESS,VA,24531,,YE,2009,SB,ITEMIZED DISBURSEMENTS,,D,"",Q,4030120101123950469,SB23.4121,2010,C00468405
A,ADD,,,,JEFF,H0OK05122,CLOUD,,"CLOUD, JEFF",H,HOUSE,05,OK,OKLAHOMA,,,,,,C00427401,,,,,,,1000.0,2009-11-19,POLITICAL CONTRIBUTION,CONTRIBUTIONS,24K,CONTRIBUTION MADE TO NON-AFFILIATED,P2010,,CCM,CAMPAIGN COMMITTEE,PRIMARY,2010,448722,F3X,10930223397,23,Contributions to Federal Candidates/Committees and Other Political Committees,4012920101122815372,2017-06-01T17:07:28.925142,,,,false,,,,,,,,,,http://docquery.fec.gov/cgi-bin/fecimg/?10930223397,OKLAHOMA CITY,C00468843,CLOUD FOR CONGRESS,OK,73113,,YE,2009,SB,ITEMIZED DISBURSEMENTS,,D,"",Q,4030120101123950468,SB23.4134,2010,C00468843
A,ADD,,,,,,,,,,,,,,,,,,,C00427401,,,,,,,100.0,2009-11-19,REPORTING SERVICES,OTHER,,,,,ORG,ORGANIZATION,,,448722,F3X,10930223396,21B,Other Federal Operating Expenditures,4012920101122815372,2017-06-01T17:07:28.925142,,,,false,,,,,,,,,,http://docquery.fec.gov/cgi-bin/fecimg/?10930223396,HERNDON,,"MORGAN, MEREDITH & ASSOCIATES",VA,20171,,YE,2009,SB,ITEMIZED DISBURSEMENTS,,D,"",Q,4030120101123950467,SB21B.4119,2010,
A,ADD,,,,,,,,,,,,,,,,,,,C00427401,,,,,,,2637.5,2009-05-06,REPORTING SERVICES & SOFTWARE,OTHER,,,,,ORG,ORGANIZATION,,,422880,F3X,29934235908,21B,Other Federal Operating Expenditures,4071020091116256037,2017-06-01T17:07:28.925142,,,,false,,,,,,,,,,http://docquery.fec.gov/cgi-bin/fecimg/?29934235908,HERNDON,,"MORGAN, MEREDITH & ASSOCIATES",VA,20171,,MY,2009,SB,ITEMIZED DISBURSEMENTS,,D,"",Q,4073020091117156504,SB21B.4110,2010,
A,ADD,,,,,,,,,,,,,,,,,,,C00427401,,,,,,,500.0,2009-05-06,PAC BOOKKEEPING CONSULTING,OTHER,,,,,ORG,ORGANIZATION,,,422880,F3X,29934235908,21B,Other Federal Operating Expenditures,4071020091116256037,2017-06-01T17:07:28.925142,,,,false,,,,,,,,,,http://docquery.fec.gov/cgi-bin/fecimg/?29934235908,BETHESDA,,CAMPAIGN FINANCIAL SERVICES,MD,20814,,MY,2009,SB,ITEMIZED DISBURSEMENTS,,D,"",Q,4073020091117156503,SB21B.4112,2010,
A,ADD,,,,,,,,,,,,,,,,,,,C00427401,,,,,,,500.0,2008-12-17,PAC BOOKKEEPING CONSULTING,OTHER,,,,,ORG,ORGANIZATION,,,399750,F3X,29932041149,21B,Other Federal Operating Expenditures,4013020091106673268,2017-06-01T16:42:03.383133,,,PAC BOOKKEEPING CONSULTING,false,,,,,,,,,,http://docquery.fec.gov/cgi-bin/fecimg/?29932041149,BETHESDA,,CAMPAIGN FINANCIAL SERVICES,MD,20814,,YE,2008,SB,ITEMIZED DISBURSEMENTS,,D,"",Q,4013020091106738858,90108.E82,2008,
A,ADD,,,,,,,,,,,,,,,,,,,C00427401,,,,,,,150.0,2008-12-05,PAC SOFTWARE SERVICE,OTHER,,,,,ORG,ORGANIZATION,,,399750,F3X,29932041149,21B,Other Federal Operating Expenditures,4013020091106673268,2017-06-01T16:42:03.383133,,,PAC SOFTWARE SERVICE,false,,,,,,,,,,http://docquery.fec.gov/cgi-bin/fecimg/?29932041149,SAN DIEGO,,COMPLETE CAMPAIGNS,CA,921231880,,YE,2008,SB,ITEMIZED DISBURSEMENTS,,D,"",Q,4013020091106738859,90108.E63,2008,
A,ADD,,,,,,,,,,,,,,,,001,Administrative/Salary/Overhead Expenses ,,C00427401,,,,,,,500.0,2008-11-21,PAC BOOKKEEPING CONSULTING,OTHER,,,,,ORG,ORGANIZATION,,,388195,F3X,28993340698,21B,Other Federal Operating Expenditures,4120320081101729924,2017-06-01T16:42:03.383133,,,,false,,,,,,,,,,http://docquery.fec.gov/cgi-bin/fecimg/?28993340698,BETHESDA,,CAMPAIGN FINANCIAL SERVICES,MD,20814,,30G,2008,SB,ITEMIZED DISBURSEMENTS,,D,"",Q,4012320091104741460,SB21B-633-586-E,2008,
A,ADD,,,,,,,,,,,,,,,,001,Administrative/Salary/Overhead Expenses ,,C00427401,,,,,,,150.0,2008-11-14,PAC SOFTWARE SERVICE,OTHER,,,,,ORG,ORGANIZATION,,,388195,F3X,28993340697,21B,Other Federal Operating Expenditures,4120320081101729924,2017-06-01T16:42:03.383133,,,,false,,,,,,,,,,http://docquery.fec.gov/cgi-bin/fecimg/?28993340697,SAN DIEGO,,COMPLETE CAMPAIGNS,CA,921231880,,30G,2008,SB,ITEMIZED DISBURSEMENTS,,D,"",Q,4012320091104741459,SB21B-10-585-E,2008,
A,ADD,,,,ANDREW P.,H8MD01094,HARRIS,,"HARRIS, ANDREW P.",H,HOUSE,01,MD,MARYLAND,,,011,Political Contributions,,C00427401,,,,,,,1000.0,2008-10-27,PAC CONTRIBUTION,CONTRIBUTIONS,24K,CONTRIBUTION MADE TO NON-AFFILIATED,G2008,,COM,OTHER COMMITTEE,GENERAL,2008,388195,F3X,28993340699,23,Contributions to Federal Candidates/Committees and Other Political Committees,4120320081101729924,2017-06-01T16:42:03.383133,,,,false,,,,,,,,,,http://docquery.fec.gov/cgi-bin/fecimg/?28993340699,ANNAPOLIS,C00435974,ANDY HARRIS FOR CONGRESS,MD,21404,,30G,2008,SB,ITEMIZED DISBURSEMENTS,,D,"",Q,4012320091104741461,SB23-789-581-E,2008,C00435974
A,ADD,,,,,,,,,,,,,,,,001,Administrative/Salary/Overhead Expenses ,,C00427401,,,,,,,450.0,2008-10-27,PAC SOFTWARE SERVICE,OTHER,,,,,ORG,ORGANIZATION,,,388195,F3X,28993340697,21B,Other Federal Operating Expenditures,4120320081101729924,2017-06-01T16:42:03.383133,,,,false,,,,,,,,,,http://docquery.fec.gov/cgi-bin/fecimg/?28993340697,SAN DIEGO,,COMPLETE CAMPAIGNS,CA,921231880,,30G,2008,SB,ITEMIZED DISBURSEMENTS,,D,"",Q,4012320091104741458,SB21B-10-579-E,2008,
A,ADD,,,,,,,,,,,,,,,,001,Administrative/Salary/Overhead Expenses ,,C00427401,,,,,,,1000.0,2008-10-16,PAC BOOKKEEPING CONSULTING,OTHER,,,,,ORG,ORGANIZATION,,,388195,F3X,28993340697,21B,Other Federal Operating Expenditures,4120320081101729924,2017-06-01T16:42:03.383133,,,,false,,,,,,,,,,http://docquery.fec.gov/cgi-bin/fecimg/?28993340697,BETHESDA,,CAMPAIGN FINANCIAL SERVICES,MD,20814,,30G,2008,SB,ITEMIZED DISBURSEMENTS,,D,"",Q,4012320091104741457,SB21B-633-577-E,2008,
A,ADD,,,,STEVE,H8OH01043,CHABOT,,"CHABOT, STEVE",H,HOUSE,01,OH,OHIO,,,011,Political Contributions,,C00427401,,,,,,,1000.0,2008-10-14,PAC CONTRIBUTION,CONTRIBUTIONS,24K,CONTRIBUTION MADE TO NON-AFFILIATED,G2008,,COM,OTHER COMMITTEE,GENERAL,2008,375838,F3X,28992907934,23,Contributions to Federal Candidates/Committees and Other Political Committees,4102320081098363125,2017-06-01T16:42:03.383133,,,,false,,,,,,,,,,http://docquery.fec.gov/cgi-bin/fecimg/?28992907934,CINCINNATI,C00301838,STEVE CHABOT FOR CONGRESS,OH,45211,,12G,2008,SB,ITEMIZED DISBURSEMENTS,,D,"",Q,4120120081101668826,SB23-59-574-E,2008,C00301838
A,ADD,,,,JON,H0NV01078,PORTER,,"PORTER, JON",H,HOUSE,03,NV,NEVADA,,,011,Political Contributions,,C00427401,,,,,,,1000.0,2008-10-14,PAC CONTRIBUTION,CONTRIBUTIONS,24K,CONTRIBUTION MADE TO NON-AFFILIATED,G2008,,COM,OTHER COMMITTEE,GENERAL,2008,375838,F3X,28992907933,23,Contributions to Federal Candidates/Committees and Other Political Committees,4102320081098363125,2017-06-01T16:42:03.383133,,,,false,,,,,,,,,,http://docquery.fec.gov/cgi-bin/fecimg/?28992907933,LAS VEGAS,C00367367,PORTER FOR CONGRESS,NV,89126,,12G,2008,SB,ITEMIZED DISBURSEMENTS,,D,"",Q,4120120081101668825,SB23-68-573-E,2008,C00367367
A,ADD,,,,RICHARD N.,H8GA08043,GODDARD,,"GODDARD, RICHARD N.",H,HOUSE,08,GA,GEORGIA,,,011,Political Contributions,,C00427401,,,,,,,1000.0,2008-10-14,PAC CONTRIBUTION,CONTRIBUTIONS,24K,CONTRIBUTION MADE TO NON-AFFILIATED,G2008,,COM,OTHER COMMITTEE,GENERAL,2008,375838,F3X,28992907933,23,Contributions to Federal Candidates/Committees and Other Political Committees,4102320081098363125,2017-06-01T16:42:03.383133,,,,false,,,,,,,,,,http://docquery.fec.gov/cgi-bin/fecimg/?28992907933,WARNER ROBINS,C00435875,GODDARD FOR CONGRESS,GA,31095,,12G,2008,SB,ITEMIZED DISBURSEMENTS,,D,"",Q,4120120081101668824,SB23-316-572-E,2008,C00435875
A,ADD,,,,DAVE,H4WA08071,REICHERT,,"REICHERT, DAVE",H,HOUSE,08,WA,WASHINGTON,,,011,Political Contributions,,C00427401,,,,,,,1000.0,2008-10-14,PAC CONTRIBUTION,CONTRIBUTIONS,24K,CONTRIBUTION MADE TO NON-AFFILIATED,G2008,,COM,OTHER COMMITTEE,GENERAL,2008,375838,F3X,28992907933,23,Contributions to Federal Candidates/Committees and Other Political Committees,4102320081098363125,2017-06-01T16:42:03.383133,,,,false,,,,,,,,,,http://docquery.fec.gov/cgi-bin/fecimg/?28992907933,BELLEVUE,C00397737,FRIENDS OF DAVE REICHERT,WA,98015,,12G,2008,SB,ITEMIZED DISBURSEMENTS,,D,"",Q,4120120081101668823,SB23-94-576-E,2008,C00397737
A,ADD,,,,,,,,,,,,,,,,001,Administrative/Salary/Overhead Expenses ,,C00427401,,,,,,,500.0,2008-09-22,PAC BOOKKEEPING CONSULTING,OTHER,,,,,ORG,ORGANIZATION,,,371356,F3X,28933555389,21B,Other Federal Operating Expenditures,4101720081097708277,2017-06-01T16:42:03.383133,,,,false,,,,,,,,,,http://docquery.fec.gov/cgi-bin/fecimg/?28933555389,BETHESDA,,CAMPAIGN FINANCIAL SERVICES,MD,20814,,M10,2008,SB,ITEMIZED DISBURSEMENTS,,D,"",Q,4111420081101055796,SB21B-633-571-E,2008,
A,ADD,,,,,,,,,,,,,,,,003,Solicitation and Fundraising Expenses ,,C00427401,,,,,,,2652.0,2008-09-11,PAC FUNDRAISING CONSULTING,OTHER,,,,,IND,INDIVIDUAL,,,371356,F3X,28933555388,21B,Other Federal Operating Expenditures,4101720081097708277,2017-06-01T16:42:03.383133,,,,false,,,,,,,,,,http://docquery.fec.gov/cgi-bin/fecimg/?28933555388,ARLINGTON,,"WRIGHT, BETSY",VA,222074133,,M10,2008,SB,ITEMIZED DISBURSEMENTS,,D,"",Q,4111420081101055795,SB21B-300-567-E,2008,
A,ADD,,,,,,,,,,,,,,,,001,Administrative/Salary/Overhead Expenses ,,C00427401,,,,,,,450.0,2008-09-11,PAC SOFTWARE SERVICE,OTHER,,,,,ORG,ORGANIZATION,,,371356,F3X,28933555388,21B,Other Federal Operating Expenditures,4101720081097708277,2017-06-01T16:42:03.383133,,,,false,,,,,,,,,,http://docquery.fec.gov/cgi-bin/fecimg/?28933555388,SAN DIEGO,,COMPLETE CAMPAIGNS,CA,92102,,M10,2008,SB,ITEMIZED DISBURSEMENTS,,D,"",Q,4111420081101055794,SB21B-10-568-E,2008,
A,ADD,,,,,,,,,,,,,,,,001,Administrative/Salary/Overhead Expenses ,,C00427401,,,,,,,500.0,2008-09-11,PAC BOOKKEEPING CONSULTING,OTHER,,,,,ORG,ORGANIZATION,,,371356,F3X,28933555388,21B,Other Federal Operating Expenditures,4101720081097708277,2017-06-01T16:42:03.383133,,,,false,,,,,,,,,,http://docquery.fec.gov/cgi-bin/fecimg/?28933555388,BETHESDA,,CAMPAIGN FINANCIAL SERVICES,MD,20814,,M10,2008,SB,ITEMIZED DISBURSEMENTS,,D,"",Q,4111420081101055793,SB21B-633-569-E,2008,
A,ADD,,,,,,,,,,,,,,,,001,Administrative/Salary/Overhead Expenses ,,C00427401,,,,,,,150.0,2008-08-15,PAC SOFTWARE SERVICE,OTHER,,,,,ORG,ORGANIZATION,,,362904,F3X,28992161335,21B,Other Federal Operating Expenditures,4091820081095834420,2017-06-01T16:42:03.383133,,,,false,,,,,,,,,,http://docquery.fec.gov/cgi-bin/fecimg/?28992161335,SAN DIEGO,,COMPLETE CAMPAIGNS,CA,92102,,M9,2008,SB,ITEMIZED DISBURSEMENTS,,D,"",Q,4092220081096095848,SB21B-10-563-E,2008,
A,ADD,,,,,,,,,,,,,,,,001,Administrative/Salary/Overhead Expenses ,,C00427401,,,,,,,1000.0,2008-08-15,PAC BOOKKEEPING CONSULTING,OTHER,,,,,ORG,ORGANIZATION,,,362904,F3X,28992161335,21B,Other Federal Operating Expenditures,4091820081095834420,2017-06-01T16:42:03.383133,,,,false,,,,,,,,,,http://docquery.fec.gov/cgi-bin/fecimg/?28992161335,BETHESDA,,CAMPAIGN FINANCIAL SERVICES,MD,20814,,M9,2008,SB,ITEMIZED DISBURSEMENTS,,D,"",Q,4092220081096095847,SB21B-633-560-E,2008,
A,ADD,,,,,,,,,,,,,,,,001,Administrative/Salary/Overhead Expenses ,,C00427401,,,,,,,1000.0,2008-08-15,PAC BOOKKEEPING CONSULTING,OTHER,,,,,ORG,ORGANIZATION,,,362904,F3X,28992161335,21B,Other Federal Operating Expenditures,4091820081095834420,2017-06-01T16:42:03.383133,,,,false,,,,,,,,,,http://docquery.fec.gov/cgi-bin/fecimg/?28992161335,BETHESDA,,CAMPAIGN FINANCIAL SERVICES,MD,20814,,M9,2008,SB,ITEMIZED DISBURSEMENTS,,D,"",Q,4092220081096095846,SB21B-633-548-E,2008,
A,ADD,,,,,,,,,,,,,,,,001,Administrative/Salary/Overhead Expenses ,,C00427401,,,,,,,9995.6,2008-07-22,PAC CATERING & FACILITY RENTAL,ADMINISTRATIVE,,,,,IND,INDIVIDUAL,,,357372,F3X,28991719041,21B,Other Federal Operating Expenditures,4081520081093543688,2017-06-01T16:42:03.383133,,,,false,,,,,,,,,,http://docquery.fec.gov/cgi-bin/fecimg/?28991719041,WASHINGTON,,"WRIGHT, BETSY",DC,200073402,,M8,2008,SB,ITEMIZED DISBURSEMENTS,,D,"",Q,4082720081094456428,SB21B-300-549-E,2008,
A,ADD,,,,TIMOTHY,H8AZ08018,BEE,,"BEE, TIMOTHY",H,HOUSE,08,AZ,ARIZONA ,,,011,Political Contributions,,C00427401,,,,,,,1000.0,2008-07-18,PAC CONTRIBUTION,CONTRIBUTIONS,24K,CONTRIBUTION MADE TO NON-AFFILIATED,P2008,,COM,OTHER COMMITTEE,PRIMARY,2008,357372,F3X,28991719044,23,Contributions to Federal Candidates/Committees and Other Political Committees,4081520081093543688,2017-06-01T16:42:03.383133,,,,false,,,,,,,,,,http://docquery.fec.gov/cgi-bin/fecimg/?28991719044,TUCSON,C00438408,TIM BEE FOR CONGRESS,AZ,85751,,M8,2008,SB,ITEMIZED DISBURSEMENTS,,D,"",Q,4082720081094456435,SB23-768-551-E,2008,C00438408
A,ADD,,,,KIRK,H8OH16066,SCHURING,,"SCHURING, KIRK",H,HOUSE,16,OH,OHIO,,,011,Political Contributions,,C00427401,,,,,,,1000.0,2008-07-18,PAC CONTRIBUTION,CONTRIBUTIONS,24K,CONTRIBUTION MADE TO NON-AFFILIATED,G2008,,COM,OTHER COMMITTEE,GENERAL,2008,357372,F3X,28991719043,23,Contributions to Federal Candidates/Committees and Other Political Committees,4081520081093543688,2017-06-01T16:42:03.383133,,,,false,,,,,,,,,,http://docquery.fec.gov/cgi-bin/fecimg/?28991719043,CANTON,C00435685,SCHURING FOR CONGRESS COMMITTEE,OH,44702,,M8,2008,SB,ITEMIZED DISBURSEMENTS,,D,"",Q,4082720081094456434,SB23-778-556-E,2008,C00435685
A,ADD,,,,AARON,H8IL18043,SCHOCK,,"SCHOCK, AARON",H,HOUSE,18,IL,ILLINOIS,,,011,Political Contributions,,C00427401,,,,,,,1000.0,2008-07-18,PAC CONTRIBUTION,CONTRIBUTIONS,24K,CONTRIBUTION MADE TO NON-AFFILIATED,G2008,,COM,OTHER COMMITTEE,GENERAL,2008,357372,F3X,28991719043,23,Contributions to Federal Candidates/Committees and Other Political Committees,4081520081093543688,2017-06-01T16:42:03.383133,,,,false,,,,,,,,,,http://docquery.fec.gov/cgi-bin/fecimg/?28991719043,PEORIA,C00437756,SCHOCK FOR CONGRESS,IL,61612,,M8,2008,SB,ITEMIZED DISBURSEMENTS,,D,"",Q,4082720081094456433,SB23-776-555-E,2008,C00437756
A,ADD,,,,TOM,H8PA08133,MANION,,"MANION, TOM",H,HOUSE,08,PA,PENNSYLVANIA,,,011,Political Contributions,,C00427401,,,,,,,1000.0,2008-07-18,PAC CONTRIBUTION,CONTRIBUTIONS,24K,CONTRIBUTION MADE TO NON-AFFILIATED,G2008,,COM,OTHER COMMITTEE,GENERAL,2008,357372,F3X,28991719043,23,Contributions to Federal Candidates/Committees and Other Political Committees,4081520081093543688,2017-06-01T16:42:03.383133,,,,false,,,,,,,,,,http://docquery.fec.gov/cgi-bin/fecimg/?28991719043,DOYLESTOWN,C00443333,MANION FOR CONGRESS,PA,18901,,M8,2008,SB,ITEMIZED DISBURSEMENTS,,D,"",Q,4082720081094456432,SB23-774-554-E,2008,C00443333
A,ADD,,,,LYLE,H8TX23097,LARSON,,"LARSON, LYLE",H,HOUSE,23,TX,TEXAS,,,011,Political Contributions,,C00427401,,,,,,,1000.0,2008-07-18,PAC CONTRIBUTION,CONTRIBUTIONS,24K,CONTRIBUTION MADE TO NON-AFFILIATED,G2008,,COM,OTHER COMMITTEE,GENERAL,2008,357372,F3X,28991719042,23,Contributions to Federal Candidates/Committees and Other Political Committees,4081520081093543688,2017-06-01T16:42:03.383133,,,,false,,,,,,,,,,http://docquery.fec.gov/cgi-bin/fecimg/?28991719042,SAN ANTONIO,C00443531,LYLE LARSON FOR CONGRESS,TX,78217,,M8,2008,SB,ITEMIZED DISBURSEMENTS,,D,"",Q,4082720081094456431,SB23-772-553-E,2008,C00443531
A,ADD,,,,LOU,H2PA11098,BARLETTA,,"BARLETTA, LOU",H,HOUSE,11,PA,PENNSYLVANIA,,,011,Political Contributions,,C00427401,,,,,,,1000.0,2008-07-18,PAC CONTRIBUTION,CONTRIBUTIONS,24K,CONTRIBUTION MADE TO NON-AFFILIATED,G2008,,COM,OTHER COMMITTEE,GENERAL,2008,357372,F3X,28991719042,23,Contributions to Federal Candidates/Committees and Other Political Committees,4081520081093543688,2017-06-01T16:42:03.383133,,,,false,,,,,,,,,,http://docquery.fec.gov/cgi-bin/fecimg/?28991719042,HAZLETON,C00445122,LOU BARLETTA FOR CONGRESS,PA,18201,,M8,2008,SB,ITEMIZED DISBURSEMENTS,,D,"",Q,4082720081094456430,SB23-766-550-E,2008,C00445122
A,ADD,,,,CHRISTOPHER L.,H8PA10113,HACKETT,,"HACKETT, CHRISTOPHER L.",H,HOUSE,10,PA,PENNSYLVANIA,,,011,Political Contributions,,C00427401,,,,,,,1000.0,2008-07-18,PAC CONTRIBUTION,CONTRIBUTIONS,24K,CONTRIBUTION MADE TO NON-AFFILIATED,G2008,,COM,OTHER COMMITTEE,GENERAL,2008,357372,F3X,28991719042,23,Contributions to Federal Candidates/Committees and Other Political Committees,4081520081093543688,2017-06-01T16:42:03.383133,,,,false,,,,,,,,,,http://docquery.fec.gov/cgi-bin/fecimg/?28991719042,DALLAS,C00438457,CHRIS HACKETT FOR CONGRESS,PA,18612,,M8,2008,SB,ITEMIZED DISBURSEMENTS,,D,"",Q,4082720081094456429,SB23-770-552-E,2008,C00438457
A,ADD,,,,,,,,,,,,,,,,001,Administrative/Salary/Overhead Expenses ,,C00427401,,,,,,,300.0,2008-07-16,PAC SOFTWARE SERVICE,OTHER,,,,,ORG,ORGANIZATION,,,357372,F3X,28991719041,21B,Other Federal Operating Expenditures,4081520081093543688,2017-06-01T16:42:03.383133,,,,false,,,,,,,,,,http://docquery.fec.gov/cgi-bin/fecimg/?28991719041,SAN DIEGO,,COMPLETE CAMPAIGNS,CA,92102,,M8,2008,SB,ITEMIZED DISBURSEMENTS,,D,"",Q,4082720081094456427,SB21B-10-547-E,2008,
A,ADD,,,,,,,,,,,,,,,,,,,C00427401,,,,,,,1000.0,2008-07-01,INKIND: FOOD AND BEVERAGE,OTHER,,,,,IND,INDIVIDUAL,,,357372,F3X,28991719041,21B,Other Federal Operating Expenditures,4081520081093543688,2017-06-01T16:42:03.383133,,,,false,,,,,,,,,,http://docquery.fec.gov/cgi-bin/fecimg/?28991719041,WASHINGTON,,"MEYERS, LARRY",DC,200031804,,M8,2008,SB,ITEMIZED DISBURSEMENTS,,D,"",Q,4082720081094456426,SB21B-781-559-I,2008,
A,ADD,,,,,,,,,,,,,,,,001,Administrative/Salary/Overhead Expenses ,,C00427401,,,,,,,1021.74,2008-06-30,PAC BOOKKEEPING CONSULTING,OTHER,,,,,ORG,ORGANIZATION,,,352969,F3X,28991501812,21B,Other Federal Operating Expenditures,4071820081091958305,2017-06-01T16:42:03.383133,,,,false,,,,,,,,,,http://docquery.fec.gov/cgi-bin/fecimg/?28991501812,BETHESDA,,CAMPAIGN FINANCIAL SERVICES,MD,20814,,M7,2008,SB,ITEMIZED DISBURSEMENTS,,D,"",Q,4081320081093448667,SB21B-633-485-E,2008,
A,ADD,,,,,,,,,,,,,,,,001,Administrative/Salary/Overhead Expenses ,,C00427401,,,,,,,1000.0,2008-06-30,PAC BOOKKEEPING CONSULTING,OTHER,,,,,ORG,ORGANIZATION,,,352969,F3X,28991501812,21B,Other Federal Operating Expenditures,4071820081091958305,2017-06-01T16:42:03.383133,,,,false,,,,,,,,,,http://docquery.fec.gov/cgi-bin/fecimg/?28991501812,BETHESDA,,CAMPAIGN FINANCIAL SERVICES,MD,20814,,M7,2008,SB,ITEMIZED DISBURSEMENTS,,D,"",Q,4081320081093448666,SB21B-633-484-E,2008,
A,ADD,,,,,,,,,,,,,,,,001,Administrative/Salary/Overhead Expenses ,,C00427401,,,,,,,150.0,2008-05-19,PAC SOFTWARE SERVICE,OTHER,,,,,ORG,ORGANIZATION,,,344768,F3X,28991267378,21B,Other Federal Operating Expenditures,4061720081090894462,2017-06-01T16:42:03.383133,,,,false,,,,,,,,,,http://docquery.fec.gov/cgi-bin/fecimg/?28991267378,SAN DIEGO,,COMPLETE CAMPAIGNS,CA,92102,,M6,2008,SB,ITEMIZED DISBURSEMENTS,,D,"",Q,4061720081090917408,SB21B-10-483-E,2008,
A,ADD,,,,TIMOTHY L. HON.,H4MI07103,WALBERG,,"WALBERG, TIMOTHY L. HON.",H,HOUSE,07,MI,MICHIGAN,,,011,Political Contributions,,C00427401,,,,,,,1000.0,2008-04-22,PAC CONTRIBUTION,CONTRIBUTIONS,24K,CONTRIBUTION MADE TO NON-AFFILIATED,P2008,,COM,OTHER COMMITTEE,PRIMARY,2008,339856,F3X,28991019411,23,Contributions to Federal Candidates/Committees and Other Political Committees,4051920081089261192,2017-06-01T16:42:03.383133,,,,false,,,,,,,,,,http://docquery.fec.gov/cgi-bin/fecimg/?28991019411,TIPTON,C00390724,WALBERG FOR CONGRESS,MI,49287,,M5,2008,SB,ITEMIZED DISBURSEMENTS,,D,"",Q,4052920081090101522,SB23-311-479-E,2008,C00390724
A,ADD,,,,WILLIAM T. HON.,H6ID01177,SALI,,"SALI, WILLIAM T. HON.",H,HOUSE,01,ID,IDAHO,,,011,Political Contributions,,C00427401,,,,,,,1000.0,2008-04-22,PAC CONTRIBUTION,CONTRIBUTIONS,24K,CONTRIBUTION MADE TO NON-AFFILIATED,P2008,,COM,OTHER COMMITTEE,PRIMARY,2008,339856,F3X,28991019410,23,Contributions to Federal Candidates/Committees and Other Political Committees,4051920081089261192,2017-06-01T16:42:03.383133,,,,false,,,,,,,,,,http://docquery.fec.gov/cgi-bin/fecimg/?28991019410,KUNA,C00414078,SALI FOR CONGRESS,ID,83634,,M5,2008,SB,ITEMIZED DISBURSEMENTS,,D,"",Q,4052920081090101521,SB23-368-478-E,2008,C00414078
A,ADD,,,,ANNE M.,H6KY03090,NORTHUP,,"NORTHUP, ANNE M.",H,HOUSE,03,KY,KENTUCKY,,,011,Political Contributions,,C00427401,,,,,,,1000.0,2008-04-22,PAC CONTRIBUTION,CONTRIBUTIONS,24K,CONTRIBUTION MADE TO NON-AFFILIATED,P2008,,COM,OTHER COMMITTEE,PRIMARY,2008,339856,F3X,28991019410,23,Contributions to Federal Candidates/Committees and Other Political Committees,4051920081089261192,2017-06-01T16:42:03.383133,,,,false,,,,,,,,,,http://docquery.fec.gov/cgi-bin/fecimg/?28991019410,LOUISVILLE,C00364448,NORTHUP FOR CONGRESS,KY,40257,,M5,2008,SB,ITEMIZED DISBURSEMENTS,,D,"",Q,4052920081090101520,SB23-137-476-E,2008,C00364448
A,ADD,,,,RICHARD A. HON.,H0FL08042,KELLER,,"KELLER, RICHARD A. HON.",H,HOUSE,08,FL,FLORIDA,,,011,Political Contributions,,C00427401,,,,,,,1000.0,2008-04-22,PAC CONTRIBUTION,CONTRIBUTIONS,24K,CONTRIBUTION MADE TO NON-AFFILIATED,P2008,,COM,OTHER COMMITTEE,PRIMARY,2008,339856,F3X,28991019410,23,Contributions to Federal Candidates/Committees and Other Political Committees,4051920081089261192,2017-06-01T16:42:03.383133,,,,false,,,,,,,,,,http://docquery.fec.gov/cgi-bin/fecimg/?28991019410,ORLANDO,C00345090,KELLER FOR CONGRESS,FL,32802,,M5,2008,SB,ITEMIZED DISBURSEMENTS,,D,"",Q,4052920081090101519,SB23-670-475-E,2008,C00345090
A,ADD,,,,SAMUEL B. HON.,H0MO06073,GRAVES,,"GRAVES, SAMUEL B. HON.",H,HOUSE,06,MO,MISSOURI,,,011,Political Contributions,,C00427401,,,,,,,1000.0,2008-04-22,PAC CONTRIBUTION,CONTRIBUTIONS,24K,CONTRIBUTION MADE TO NON-AFFILIATED,P2008,,COM,OTHER COMMITTEE,PRIMARY,2008,339856,F3X,28991019409,23,Contributions to Federal Candidates/Committees and Other Political Committees,4051920081089261192,2017-06-01T16:42:03.383133,,,,false,,,,,,,,,,http://docquery.fec.gov/cgi-bin/fecimg/?28991019409,KANSAS CITY,C00359034,GRAVES FOR CONGRESS,MO,64108,,M5,2008,SB,ITEMIZED DISBURSEMENTS,,D,"",Q,4052920081090101518,SB23-668-474-E,2008,C00359034
A,ADD,,,,ERIK,H8MN03077,PAULSEN,,"PAULSEN, ERIK",H,HOUSE,03,MN,MINNESOTA,,,011,Political Contributions,,C00427401,,,,,,,1000.0,2008-04-22,PAC CONTRIBUTION,CONTRIBUTIONS,24K,CONTRIBUTION MADE TO NON-AFFILIATED,P2008,,COM,OTHER COMMITTEE,PRIMARY,2008,339856,F3X,28991019409,23,Contributions to Federal Candidates/Committees and Other Political Committees,4051920081089261192,2017-06-01T16:42:03.383133,,,,false,,,,,,,,,,http://docquery.fec.gov/cgi-bin/fecimg/?28991019409,EDEN PRAIRIE,C00439661,FRIENDS OF ERIK PAULSEN,MN,55344,,M5,2008,SB,ITEMIZED DISBURSEMENTS,,D,"",Q,4052920081090101517,SB23-673-477-E,2008,C00439661
A,ADD,,,,DARREN P.,H8NM01273,WHITE,,"WHITE, DARREN P.",H,HOUSE,01,NM,NEW MEXICO,,,011,Political Contributions,,C00427401,,,,,,,1000.0,2008-04-22,PAC CONTRIBUTION,CONTRIBUTIONS,24K,CONTRIBUTION MADE TO NON-AFFILIATED,P2008,,COM,OTHER COMMITTEE,PRIMARY,2008,339856,F3X,28991019409,23,Contributions to Federal Candidates/Committees and Other Political Committees,4051920081089261192,2017-06-01T16:42:03.383133,,,,false,,,,,,,,,,http://docquery.fec.gov/cgi-bin/fecimg/?28991019409,ALBUQUERQUE,C00440099,DARREN WHITE FOR CONGRESS,NM,87191,,M5,2008,SB,ITEMIZED DISBURSEMENTS,,D,"",Q,4052920081090101516,SB23-675-480-E,2008,C00440099
A,ADD,,,,VITO,H8NY13028,FOSSELLA,,"FOSSELLA, VITO",H,HOUSE,13,NY,NEW YORK,,,011,Political Contributions,,C00427401,,,,,,,1000.0,2008-04-22,PAC CONTRIBUTION,CONTRIBUTIONS,24K,CONTRIBUTION MADE TO NON-AFFILIATED,P2008,,COM,OTHER COMMITTEE,PRIMARY,2008,339856,F3X,28991019408,23,Contributions to Federal Candidates/Committees and Other Political Committees,4051920081089261192,2017-06-01T16:42:03.383133,,,,false,,,,,,,,,,http://docquery.fec.gov/cgi-bin/fecimg/?28991019408,STATEN ISLAND,C00328070,COMMITTEE TO RE-ELECT VITO FOSSELLA,NY,10305,,M5,2008,SB,ITEMIZED DISBURSEMENTS,,D,"",Q,4052920081090101515,SB23-666-473-E,2008,C00328070
A,ADD,,,,MICHELE M.,H6MN06074,BACHMANN,,"BACHMANN, MICHELE M.",H,HOUSE,06,MN,MINNESOTA,,,011,Political Contributions,,C00427401,,,,,,,1000.0,2008-04-22,PAC CONTRIBUTION,CONTRIBUTIONS,24K,CONTRIBUTION MADE TO NON-AFFILIATED,P2008,,COM,OTHER COMMITTEE,PRIMARY,2008,339856,F3X,28991019408,23,Contributions to Federal Candidates/Committees and Other Political Committees,4051920081089261192,2017-06-01T16:42:03.383133,,,,false,,,,,,,,,,http://docquery.fec.gov/cgi-bin/fecimg/?28991019408,BLAINE,C00410118,BACHMANN FOR CONGRESS,MN,55449,,M5,2008,SB,ITEMIZED DISBURSEMENTS,,D,"",Q,4052920081090101514,SB23-270-472-E,2008,C00410118
A,ADD,,,,,,,,,,,,,,,,001,Administrative/Salary/Overhead Expenses ,,C00427401,,,,,,,150.0,2008-04-16,PAC SOFTWARE SERVICE,OTHER,,,,,ORG,ORGANIZATION,,,339856,F3X,28991019407,21B,Other Federal Operating Expenditures,4051920081089261192,2017-06-01T16:42:03.383133,,,,false,,,,,,,,,,http://docquery.fec.gov/cgi-bin/fecimg/?28991019407,SAN DIEGO,,COMPLETE CAMPAIGNS,CA,92102,,M5,2008,SB,ITEMIZED DISBURSEMENTS,,D,"",Q,4052920081090101512,SB21B-10-470-E,2008,
A,ADD,,,,JOHN G.,H6WI08114,GARD,,"GARD, JOHN G.",H,HOUSE,08,WI,WISCONSIN,,,011,Political Contributions,,C00427401,,,,,,,1000.0,2008-04-11,PAC CONTRIBUTION,CONTRIBUTIONS,24K,CONTRIBUTION MADE TO NON-AFFILIATED,P2008,,COM,OTHER COMMITTEE,PRIMARY,2008,339856,F3X,28991019408,23,Contributions to Federal Candidates/Committees and Other Political Committees,4051920081089261192,2017-06-01T16:42:03.383133,,,,false,,,,,,,,,,http://docquery.fec.gov/cgi-bin/fecimg/?28991019408,GREEN BAY,C00411124,GARD FOR CONGRESS,WI,54305,,M5,2008,SB,ITEMIZED DISBURSEMENTS,,D,"",Q,4052920081090101513,SB23-129-469-E,2008,C00411124
A,ADD,,,,MICHAEL,H4TX10093,MCCAUL,,"MCCAUL, MICHAEL",H,HOUSE,10,TX,TEXAS,,,011,Political Contributions,,C00427401,,,,,,,1000.0,2008-03-28,PAC CONTRIBUTION,CONTRIBUTIONS,24K,CONTRIBUTION MADE TO NON-AFFILIATED,G2008,,COM,OTHER COMMITTEE,GENERAL,2008,334865,F3X,28931214002,23,Contributions to Federal Candidates/Committees and Other Political Committees,4041820081087596973,2017-06-01T16:42:03.383133,,,,false,,,,,,,,,,http://docquery.fec.gov/cgi-bin/fecimg/?28931214002,AUSTIN,C00392688,MCCAUL FOR CONGRESS INC,TX,78701,,M4,2008,SB,ITEMIZED DISBURSEMENTS,,D,"",Q,4050620081088858796,SB23-664-468-E,2008,C00392688
A,ADD,,,,,,,,,,,,,,,,001,Administrative/Salary/Overhead Expenses ,,C00427401,,,,,,,1000.0,2008-03-13,PAC BOOKKEEPING CONSULTING,OTHER,,,,,ORG,ORGANIZATION,,,334865,F3X,28931214000,21B,Other Federal Operating Expenditures,4041820081087596973,2017-06-01T16:42:03.383133,,,,false,,,,,,,,,,http://docquery.fec.gov/cgi-bin/fecimg/?28931214000,BETHESDA,,CAMPAIGN FINANCIAL SERVICES,MD,20814,,M4,2008,SB,ITEMIZED DISBURSEMENTS,,D,"",Q,4050620081088858791,SB21B-633-467-E,2008,
A,ADD,,,,THELMA,H4VA02037,DRAKE,,"DRAKE, THELMA",H,HOUSE,02,VA,VIRGINIA ,,,011,Political Contributions,,C00427401,,,,,,,1000.0,2008-03-06,PAC CONTRIBUTION,CONTRIBUTIONS,24K,CONTRIBUTION MADE TO NON-AFFILIATED,P2008,,COM,OTHER COMMITTEE,PRIMARY,2008,334865,F3X,28931214002,23,Contributions to Federal Candidates/Committees and Other Political Committees,4041820081087596973,2017-06-01T16:42:03.383133,,,,false,,,,,,,,,,http://docquery.fec.gov/cgi-bin/fecimg/?28931214002,VIRGINIA BEACH,C00405696,THELMA DRAKE FOR CONGRESS,VA,23466,,M4,2008,SB,ITEMIZED DISBURSEMENTS,,D,"",Q,4050620081088858795,SB23-20-463-E,2008,C00405696
A,ADD,,,,PETER G.,H8TX22107,OLSON,,"OLSON, PETER G.",H,HOUSE,22,TX,TEXAS,,,011,Political Contributions,,C00427401,,,,,,,2500.0,2008-03-06,PAC CONTRIBUTION,CONTRIBUTIONS,24K,CONTRIBUTION MADE TO NON-AFFILIATED,R2008,RUNOFF,COM,OTHER COMMITTEE,RUNOFF,2008,334865,F3X,28931214001,23,Contributions to Federal Candidates/Committees and Other Political Committees,4041820081087596973,2017-06-01T16:42:03.383133,,,,false,,,,,,,,,,http://docquery.fec.gov/cgi-bin/fecimg/?28931214001,SUGAR LAND,C00437913,OLSON FOR CONGRESS COMMITTEE,TX,77496,,M4,2008,SB,ITEMIZED DISBURSEMENTS,,D,"",Q,4050620081088858794,SB23-662-466-E,2008,C00437913
A,ADD,,,,ROBERT C.,H8NC08042,HAYES,,"HAYES, ROBERT C.",H,HOUSE,08,NC,NORTH CAROLINA,,,011,Political Contributions,,C00427401,,,,,,,1000.0,2008-03-06,PAC CONTRIBUTION,CONTRIBUTIONS,24K,CONTRIBUTION MADE TO NON-AFFILIATED,P2008,,COM,OTHER COMMITTEE,PRIMARY,2008,334865,F3X,28931214001,23,Contributions to Federal Candidates/Committees and Other Political Committees,4041820081087596973,2017-06-01T16:42:03.383133,,,,false,,,,,,,,,,http://docquery.fec.gov/cgi-bin/fecimg/?28931214001,CONCORD,C00331256,HAYES FOR CONGRESS,NC,28026,,M4,2008,SB,ITEMIZED DISBURSEMENTS,,D,"",Q,4050620081088858793,SB23-24-464-E,2008,C00331256
A,ADD,,,,RICHARD N.,H8GA08043,GODDARD,,"GODDARD, RICHARD N.",H,HOUSE,08,GA,GEORGIA,,,011,Political Contributions,,C00427401,,,,,,,2500.0,2008-03-06,PAC CONTRIBUTION,CONTRIBUTIONS,24K,CONTRIBUTION MADE TO NON-AFFILIATED,P2008,,COM,OTHER COMMITTEE,PRIMARY,2008,334865,F3X,28931214001,23,Contributions to Federal Candidates/Committees and Other Political Committees,4041820081087596973,2017-06-01T16:42:03.383133,,,,false,,,,,,,,,,http://docquery.fec.gov/cgi-bin/fecimg/?28931214001,WARNER ROBINS,C00435875,GODDARD FOR CONGRESS,GA,31095,,M4,2008,SB,ITEMIZED DISBURSEMENTS,,D,"",Q,4050620081088858792,SB23-316-465-E,2008,C00435875
A,ADD,,,,TIM,H2PA18143,MURPHY,,"MURPHY, TIM",H,HOUSE,18,PA,PENNSYLVANIA,,,011,Political Contributions,,C00427401,,,,,,,1000.0,2008-02-27,PAC CONTRIBUTION,CONTRIBUTIONS,24K,CONTRIBUTION MADE TO NON-AFFILIATED,P2008,,ORG,ORGANIZATION,PRIMARY,2008,327734,F3X,28990618207,23,Contributions to Federal Candidates/Committees and Other Political Committees,4031920081086070552,2017-06-01T16:42:03.383133,,,,false,,,,,,,,,,http://docquery.fec.gov/cgi-bin/fecimg/?28990618207,PITTSBURGH,C00372201,TIM MURPHY FOR CONGRESS,PA,15234,,M3,2008,SB,ITEMIZED DISBURSEMENTS,,D,"",Q,4041020081087295986,SB23-325-460-E,2008,C00372201
A,ADD,,,,SCOTT,H8NJ05052,GARRETT,,"GARRETT, SCOTT",H,HOUSE,05,NJ,NEW JERSEY,,,011,Political Contributions,,C00427401,,,,,,,1000.0,2008-02-27,PAC CONTRIBUTION,CONTRIBUTIONS,24K,CONTRIBUTION MADE TO NON-AFFILIATED,G2008,,COM,OTHER COMMITTEE,GENERAL,2008,327734,F3X,28990618206,23,Contributions to Federal Candidates/Committees and Other Political Committees,4031920081086070552,2017-06-01T16:42:03.383133,,,,false,,,,,,,,,,http://docquery.fec.gov/cgi-bin/fecimg/?28990618206,NEWTON,C00386110,SCOTT GARRETT FOR CONGRESS,NJ,07860,,M3,2008,SB,ITEMIZED DISBURSEMENTS,,D,"",Q,4041020081087295985,SB23-660-462-E,2008,C00386110
A,ADD,,,,JON,H0NV01078,PORTER,,"PORTER, JON",H,HOUSE,03,NV,NEVADA,,,011,Political Contributions,,C00427401,,,,,,,1000.0,2008-02-27,PAC CONTRIBUTION,CONTRIBUTIONS,24K,CONTRIBUTION MADE TO NON-AFFILIATED,G2008,,COM,OTHER COMMITTEE,GENERAL,2008,327734,F3X,28990618206,23,Contributions to Federal Candidates/Committees and Other Political Committees,4031920081086070552,2017-06-01T16:42:03.383133,,,,false,,,,,,,,,,http://docquery.fec.gov/cgi-bin/fecimg/?28990618206,LAS VEGAS,C00367367,PORTER FOR CONGRESS,NV,89126,,M3,2008,SB,ITEMIZED DISBURSEMENTS,,D,"",Q,4041020081087295984,SB23-68-461-E,2008,C00367367
A,ADD,,,,MARILYN N.,H2CO04045,MUSGRAVE,,"MUSGRAVE, MARILYN N.",H,HOUSE,04,CO,COLORADO ,,,011,Political Contributions,,C00427401,,,,,,,1000.0,2008-02-27,PAC CONTRIBUTION,CONTRIBUTIONS,24K,CONTRIBUTION MADE TO NON-AFFILIATED,G2008,,COM,OTHER COMMITTEE,GENERAL,2008,327734,F3X,28990618206,23,Contributions to Federal Candidates/Committees and Other Political Committees,4031920081086070552,2017-06-01T16:42:03.383133,,,,false,,,,,,,,,,http://docquery.fec.gov/cgi-bin/fecimg/?28990618206,JOHNSTOWN,C00371880,MUSGRAVE FOR CONGRESS,CO,80534,,M3,2008,SB,ITEMIZED DISBURSEMENTS,,D,"",Q,4041020081087295983,SB23-51-458-E,2008,C00371880
A,ADD,,,,JIM,H2PA06114,GERLACH,,"GERLACH, JIM",H,HOUSE,06,PA,PENNSYLVANIA,,,011,Political Contributions,,C00427401,,,,,,,1000.0,2008-02-27,PAC CONTRIBUTION,CONTRIBUTIONS,24K,CONTRIBUTION MADE TO NON-AFFILIATED,P2008,,COM,OTHER COMMITTEE,PRIMARY,2008,327734,F3X,28990618205,23,Contributions to Federal Candidates/Committees and Other Political Committees,4031920081086070552,2017-06-01T16:42:03.383133,,,,false,,,,,,,,,,http://docquery.fec.gov/cgi-bin/fecimg/?28990618205,UWCHLAND,C00372102,JIM GERLACH FOR CONGRESS COMMITTEE,PA,19480,,M3,2008,SB,ITEMIZED DISBURSEMENTS,,D,"",Q,4041020081087295982,SB23-241-459-E,2008,C00372102
A,ADD,,,,,,,,,,,,,,,,011,Political Contributions,,C00427401,,,,,,,2500.0,2008-02-27,PAC CONTRIBUTION,CONTRIBUTIONS,24K,CONTRIBUTION MADE TO NON-AFFILIATED,P2008,,PTY,POLITICAL PARTY COMMITTEE,PRIMARY,2008,327734,F3X,28990618205,23,Contributions to Federal Candidates/Committees and Other Political Committees,4031920081086070552,2017-06-01T16:42:03.383133,,,,false,,,,,,,,,,http://docquery.fec.gov/cgi-bin/fecimg/?28990618205,CHICAGO,C00005926,ILLINOIS REPUBLICAN PARTY,IL,60606,,M3,2008,SB,ITEMIZED DISBURSEMENTS,,D,"",Q,4041020081087295981,SB23-658-457-E,2008,C00005926
A,ADD,,,,,,,,,,,,,,,,001,Administrative/Salary/Overhead Expenses ,,C00427401,,,,,,,150.0,2008-02-22,PAC SOFTWARE SERVICE,OTHER,,,,,ORG,ORGANIZATION,,,327734,F3X,28990618204,21B,Other Federal Operating Expenditures,4031920081086070552,2017-06-01T16:42:03.383133,,,,false,,,,,,,,,,http://docquery.fec.gov/cgi-bin/fecimg/?28990618204,SAN DIEGO,,COMPLETE CAMPAIGNS,CA,92102,,M3,2008,SB,ITEMIZED DISBURSEMENTS,,D,"",Q,4041020081087295979,SB21B-10-456-E,2008,
A,ADD,,,,JIM,H6KS02227,RYUN,,"RYUN, JIM",H,HOUSE,02,KS,KANSAS,,,011,Political Contributions,,C00427401,,,,,,,2000.0,2008-02-11,PAC CONTRIBUTION,CONTRIBUTIONS,24K,CONTRIBUTION MADE TO NON-AFFILIATED,P2008,,COM,OTHER COMMITTEE,PRIMARY,2008,327734,F3X,28990618205,23,Contributions to Federal Candidates/Committees and Other Political Committees,4031920081086070552,2017-06-01T16:42:03.383133,,,,false,,,,,,,,,,http://docquery.fec.gov/cgi-bin/fecimg/?28990618205,TOPEKA,C00320077,JIM RYUN FOR CONGRESS,KS,66601,,M3,2008,SB,ITEMIZED DISBURSEMENTS,,D,"",Q,4041020081087295980,SB23-249-455-E,2008,C00320077
A,ADD,,,,,,,,,,,,,,,,001,Administrative/Salary/Overhead Expenses ,,C00427401,,,,,,,150.0,2008-02-07,PAC SOFTWARE SERVICE,OTHER,,,,,ORG,ORGANIZATION,,,327734,F3X,28990618204,21B,Other Federal Operating Expenditures,4031920081086070552,2017-06-01T16:42:03.383133,,,,false,,,,,,,,,,http://docquery.fec.gov/cgi-bin/fecimg/?28990618204,SAN DIEGO,,COMPLETE CAMPAIGNS,CA,92102,,M3,2008,SB,ITEMIZED DISBURSEMENTS,,D,"",Q,4041020081087295978,SB21B-10-454-E,2008,
A,ADD,,,,,,,,,,,,,,,,001,Administrative/Salary/Overhead Expenses ,,C00427401,,,,,,,1000.0,2008-02-07,PAC BOOKKEEPING CONSULTING,OTHER,,,,,ORG,ORGANIZATION,,,327734,F3X,28990618204,21B,Other Federal Operating Expenditures,4031920081086070552,2017-06-01T16:42:03.383133,,,,false,,,,,,,,,,http://docquery.fec.gov/cgi-bin/fecimg/?28990618204,BETHESDA,,CAMPAIGN FINANCIAL SERVICES,MD,20814,,M3,2008,SB,ITEMIZED DISBURSEMENTS,,D,"",Q,4041020081087295977,SB21B-633-453-E,2008,
A,ADD,,,,,,,,,,,,,,,,001,Administrative/Salary/Overhead Expenses ,,C00427401,,,,,,,150.0,2008-01-25,PAC SOFTWARE SERVICE,OTHER,,,,,ORG,ORGANIZATION,,,322661,F3X,28990469529,21B,Other Federal Operating Expenditures,4021520081084828095,2017-06-01T16:42:03.383133,,,,false,,,,,,,,,,http://docquery.fec.gov/cgi-bin/fecimg/?28990469529,SAN DIEGO,,COMPLETE CAMPAIGNS,CA,92102,,M2,2008,SB,ITEMIZED DISBURSEMENTS,,D,"",Q,4021520081084878759,SB21B-10-451-E,2008,
A,ADD,,,,,,,,,,,,,,,,001,Administrative/Salary/Overhead Expenses ,,C00427401,,,,,,,1042.93,2008-01-08,PAC BOOKKEEPING CONSULTING,OTHER,,,,,ORG,ORGANIZATION,,,322661,F3X,28990469528,21B,Other Federal Operating Expenditures,4021520081084828095,2017-06-01T16:42:03.383133,,,,false,,,,,,,,,,http://docquery.fec.gov/cgi-bin/fecimg/?28990469528,BETHESDA,,CAMPAIGN FINANCIAL SERVICES,MD,20814,,M2,2008,SB,ITEMIZED DISBURSEMENTS,,D,"",Q,4021520081084878756,SB21B-633-446-E,2008,
A,ADD,,,,,,,,,,,,,,,,001,Administrative/Salary/Overhead Expenses ,,C00427401,,,,,,,150.0,2008-01-03,PAC SOFTWARE SERVICE,OTHER,,,,,ORG,ORGANIZATION,,,322661,F3X,28990469528,21B,Other Federal Operating Expenditures,4021520081084828095,2017-06-01T16:42:03.383133,,,,false,,,,,,,,,,http://docquery.fec.gov/cgi-bin/fecimg/?28990469528,SAN DIEGO,,COMPLETE CAMPAIGNS,CA,92102,,M2,2008,SB,ITEMIZED DISBURSEMENTS,,D,"",Q,4021520081084878758,SB21B-10-444-E,2008,
A,ADD,,,,,,,,,,,,,,,,003,Solicitation and Fundraising Expenses ,,C00427401,,,,,,,1000.0,2008-01-03,PAC FUNDRAISING CONSULTING,OTHER,,,,,IND,INDIVIDUAL,,,322661,F3X,28990469528,21B,Other Federal Operating Expenditures,4021520081084828095,2017-06-01T16:42:03.383133,,,,false,,,,,,,,,,http://docquery.fec.gov/cgi-bin/fecimg/?28990469528,WASHINGTON,,"WRIGHT, BETSY",DC,200073402,,M2,2008,SB,ITEMIZED DISBURSEMENTS,,D,"",Q,4021520081084878757,SB21B-300-445-E,2008,
A,ADD,,,,CONNIE,H4FL14059,MACK,,"MACK, CONNIE",H,HOUSE,14,FL,FLORIDA,,,011,Political Contributions,,C00427401,,,,,,,1000.0,2007-12-12,PAC CONTRIBUTION,CONTRIBUTIONS,24K,CONTRIBUTION MADE TO NON-AFFILIATED,P2008,,COM,OTHER COMMITTEE,PRIMARY,2008,315381,F3X,28990051325,23,Contributions to Federal Candidates/Committees and Other Political Committees,4011520081083489011,2017-06-01T16:42:03.383133,,,,false,,,,,,,,,,http://docquery.fec.gov/cgi-bin/fecimg/?28990051325,NAPLES,C00391243,FRIENDS OF CONNIE MACK,FL,34106,,YE,2007,SB,ITEMIZED DISBURSEMENTS,,D,"",Q,4011820081083610378,SB23-652-442-E,2008,C00391243
A,ADD,,,,ROBERT E.,H8OH05036,LATTA,,"LATTA, ROBERT E.",H,HOUSE,05,OH,OHIO,,,011,Political Contributions,,C00427401,,,,,,,2000.0,2007-12-07,PAC CONTRIBUTION,CONTRIBUTIONS,24K,CONTRIBUTION MADE TO NON-AFFILIATED,P2008,,COM,OTHER COMMITTEE,PRIMARY,2008,315381,F3X,28990051325,23,Contributions to Federal Candidates/Committees and Other Political Committees,4011520081083489011,2017-06-01T16:42:03.383133,,,,false,,,,,,,,,,http://docquery.fec.gov/cgi-bin/fecimg/?28990051325,BOWLING GREEN,C00438697,LATTA FOR CONGRESS COMMITTEE,OH,43402,,YE,2007,SB,ITEMIZED DISBURSEMENTS,,D,"",Q,4011820081083610379,SB23-619-438-E,2008,C00438697
A,ADD,,,,,,,,,,,,,,,,001,Administrative/Salary/Overhead Expenses ,,C00427401,,,,,,,1000.0,2007-12-07,PAC BOOKKEEPING CONSULTING,OTHER,,,,,ORG,ORGANIZATION,,,315381,F3X,28990051324,21B,Other Federal Operating Expenditures,4011520081083489011,2017-06-01T16:42:03.383133,,,,false,,,,,,,,,,http://docquery.fec.gov/cgi-bin/fecimg/?28990051324,BETHESDA,,CAMPAIGN FINANCIAL SERVICES,MD,20814,,YE,2007,SB,ITEMIZED DISBURSEMENTS,,D,"",Q,4011820081083610377,SB21B-633-439-E,2008,
A,ADD,,,,,,,,,,,,,,,,003,Solicitation and Fundraising Expenses ,,C00427401,,,,,,,1000.0,2007-12-03,PAC FUNDRAISING CONSULTING,OTHER,,,,,IND,INDIVIDUAL,,,315381,F3X,28990051324,21B,Other Federal Operating Expenditures,4011520081083489011,2017-06-01T16:42:03.383133,,,,false,,,,,,,,,,http://docquery.fec.gov/cgi-bin/fecimg/?28990051324,WASHINGTON,,"WRIGHT, BETSY",DC,200073402,,YE,2007,SB,ITEMIZED DISBURSEMENTS,,D,"",Q,4011820081083610376,SB21B-300-437-E,2008,
A,ADD,,,,,,,,,,,,,,,,003,Solicitation and Fundraising Expenses ,,C00427401,,,,,,,225.0,2007-11-26,PAC PRINTING,ADVERTISING,,,,,ORG,ORGANIZATION,,,313325,F3X,27991034878,21B,Other Federal Operating Expenditures,4121920071082979564,2017-06-01T16:42:03.383133,,,,false,,,,,,,,,,http://docquery.fec.gov/cgi-bin/fecimg/?27991034878,ZACHARY,,TINA ADAMS GRAPHIC DESIGN,LA,70791,,M12,2007,SB,ITEMIZED DISBURSEMENTS,,D,"",Q,4122020071083088209,SB21B-632-436-E,2008,
A,ADD,,,,,,,,,,,,,,,,001,Administrative/Salary/Overhead Expenses ,,C00427401,,,,,,,150.0,2007-11-26,PAC SOFTWARE SERVICE,OTHER,,,,,ORG,ORGANIZATION,,,313325,F3X,27991034877,21B,Other Federal Operating Expenditures,4121920071082979564,2017-06-01T16:42:03.383133,,,,false,,,,,,,,,,http://docquery.fec.gov/cgi-bin/fecimg/?27991034877,SAN DIEGO,,COMPLETE CAMPAIGNS,CA,92102,,M12,2007,SB,ITEMIZED DISBURSEMENTS,,D,"",Q,4122020071083088208,SB21B-10-435-E,2008,
A,ADD,,,,ROB  ,H8VA01147,WITTMAN,,WITTMAN^ROB^^,H,HOUSE,01,VA,VIRGINIA ,,,011,Political Contributions,,C00427401,,,,,,,2000.0,2007-11-13,PAC CONTRIBUTION,CONTRIBUTIONS,24K,CONTRIBUTION MADE TO NON-AFFILIATED,P2008,,COM,OTHER COMMITTEE,PRIMARY,2008,313325,F3X,27991034879,23,Contributions to Federal Candidates/Committees and Other Political Committees,4121920071082979564,2017-06-01T16:42:03.383133,,,,false,,,,,,,,,,http://docquery.fec.gov/cgi-bin/fecimg/?27991034879,MONTROSS,C00441014,ROB WITTMAN FOR CONGRESS,VA,22520,,M12,2007,SB,ITEMIZED DISBURSEMENTS,,D,"",Q,4122020071083088211,SB23-621-430-E,2008,C00441014
A,ADD,,,,ROBERT E.  ,H8OH05036,LATTA,,LATTA^ROBERT E.^^,H,HOUSE,5,OH,OHIO,,,011,Political Contributions,,C00427401,,,,,,,1000.0,2007-11-13,PAC CONTRIBUTION,CONTRIBUTIONS,24K,CONTRIBUTION MADE TO NON-AFFILIATED,P2008,,COM,OTHER COMMITTEE,PRIMARY,2008,313325,F3X,27991034879,23,Contributions to Federal Candidates/Committees and Other Political Committees,4121920071082979564,2017-06-01T16:42:03.383133,,,,false,,,,,,,,,,http://docquery.fec.gov/cgi-bin/fecimg/?27991034879,BOWLING GREEN,C00438697,LATTA FOR CONGRESS COMMITTEE,OH,43402,,M12,2007,SB,ITEMIZED DISBURSEMENTS,,D,"",Q,4122020071083088210,SB23-619-429-E,2008,C00438697
A,ADD,,,,,,,,,,,,,,,,003,Solicitation and Fundraising Expenses ,,C00427401,,,,,,,1000.0,2007-11-07,PAC FUNDRAISING CONSULTING,OTHER,,,,,IND,INDIVIDUAL,,,313325,F3X,27991034877,21B,Other Federal Operating Expenditures,4121920071082979564,2017-06-01T16:42:03.383133,,,,false,,,,,,,,,,http://docquery.fec.gov/cgi-bin/fecimg/?27991034877,WASHINGTON,,"WRIGHT, BETSY",DC,200073402,,M12,2007,SB,ITEMIZED DISBURSEMENTS,,D,"",Q,4122020071083088206,SB21B-300-428-E,2008,
A,ADD,,,,,,,,,,,,,,,,001,Administrative/Salary/Overhead Expenses ,,C00427401,,,,,,,1024.55,2007-11-02,PAC BOOKKEEPING CONSULTING,OTHER,,,,,ORG,ORGANIZATION,,,313325,F3X,27991034877,21B,Other Federal Operating Expenditures,4121920071082979564,2017-06-01T16:42:03.383133,,,,false,,,,,,,,,,http://docquery.fec.gov/cgi-bin/fecimg/?27991034877,BETHESDA,,"TALENT PAYMASTER, INC.",MD,20814,,M12,2007,SB,ITEMIZED DISBURSEMENTS,,D,"",Q,4122020071083088207,SB21B-9-427-E,2008,
A,ADD,,,,ROBERT E,H8OH05036,LATTA,,"LATTA, ROBERT EDWARD",H,HOUSE,05,OH,OHIO,,,011,Political Contributions,,C00427401,,,,,,,1000.0,2007-10-29,PAC CONTRIBUTION,CONTRIBUTIONS,24K,CONTRIBUTION MADE TO NON-AFFILIATED,P2008,,COM,OTHER COMMITTEE,PRIMARY,2008,311146,F3X,27990940519,23,Contributions to Federal Candidates/Committees and Other Political Committees,4111920071082429586,2017-06-01T16:42:03.383133,,,,false,,,,,,,,,,http://docquery.fec.gov/cgi-bin/fecimg/?27990940519,WASHINGTON,C00438820,OH-5 CONGRESSIONAL VICTORY COMMITTEE,DC,20016,,M11,2007,SB,ITEMIZED DISBURSEMENTS,,D,"",Q,4112820071082596509,SB23-371-333-E,2008,C00438820
A,ADD,,,,STEVAN E.  ,H2NM02126,PEARCE,,PEARCE^STEVAN E.^^,H,HOUSE,02,NM,NEW MEXICO,,,011,Political Contributions,,C00427401,,,,,,,2000.0,2007-10-26,PAC CONTRIBUTION,CONTRIBUTIONS,24K,CONTRIBUTION MADE TO NON-AFFILIATED,P2008,,COM,OTHER COMMITTEE,PRIMARY,2008,311146,F3X,27990940517,23,Contributions to Federal Candidates/Committees and Other Political Committees,4111920071082429586,2017-06-01T16:42:03.383133,,,,false,,,,,,,,,,http://docquery.fec.gov/cgi-bin/fecimg/?27990940517,HOBBS,C00373118,PEARCE FOR CONGRESS,NM,88241,,M11,2007,SB,ITEMIZED DISBURSEMENTS,,D,"",Q,4112820071082596505,SB23-370-332-E,2008,C00373118
A,ADD,,,,DAVID JOHN  ,H8CT05120,CAPPIELLO,,CAPPIELLO^DAVID JOHN^^,H,HOUSE,05,CT,CONNECTICUT,,,011,Political Contributions,,C00427401,,,,,,,1000.0,2007-10-18,PAC CONTRIBUTION,CONTRIBUTIONS,24K,CONTRIBUTION MADE TO NON-AFFILIATED,P2008,,COM,OTHER COMMITTEE,PRIMARY,2008,311146,F3X,27990940518,23,Contributions to Federal Candidates/Committees and Other Political Committees,4111920071082429586,2017-06-01T16:42:03.383133,,,,false,,,,,,,,,,http://docquery.fec.gov/cgi-bin/fecimg/?27990940518,DANBURY,C00434084,COMMITTEE TO ELECT DAVID CAPPIELLO,CT,06813,,M11,2007,SB,ITEMIZED DISBURSEMENTS,,D,"",Q,4112820071082596508,SB23-353-320-E,2008,C00434084
A,ADD,,,,MELISSA A.  ,H0PA04154,HART,,HART^MELISSA A.^^,H,HOUSE,4,PA,PENNSYLVANIA,,,011,Political Contributions,,C00427401,,,,,,,1000.0,2007-10-18,PAC CONTRIBUTION,CONTRIBUTIONS,24K,CONTRIBUTION MADE TO NON-AFFILIATED,P2008,,COM,OTHER COMMITTEE,PRIMARY,2008,311146,F3X,27990940518,23,Contributions to Federal Candidates/Committees and Other Political Committees,4111920071082429586,2017-06-01T16:42:03.383133,,,,false,,,,,,,,,,http://docquery.fec.gov/cgi-bin/fecimg/?27990940518,WEXFORD,C00346114,PEOPLE WITH HART INC.,PA,15090,,M11,2007,SB,ITEMIZED DISBURSEMENTS,,D,"",Q,4112820071082596507,SB23-278-325-E,2008,C00346114
A,ADD,,,,JOSEPH E.  III,H2NH01130,BRADLEY,,BRADLEY^JOSEPH E.^^III,H,HOUSE,1,NH,NEW HAMPSHIRE,,,011,Political Contributions,,C00427401,,,,,,,1000.0,2007-10-18,PAC CONTRIBUTION,CONTRIBUTIONS,24K,CONTRIBUTION MADE TO NON-AFFILIATED,P2008,,COM,OTHER COMMITTEE,PRIMARY,2008,311146,F3X,27990940518,23,Contributions to Federal Candidates/Committees and Other Political Committees,4111920071082429586,2017-06-01T16:42:03.383133,,,,false,,,,,,,,,,http://docquery.fec.gov/cgi-bin/fecimg/?27990940518,WOLFEBORO,C00371021,JEB BRADLEY FOR CONGRESS,NH,03894,,M11,2007,SB,ITEMIZED DISBURSEMENTS,,D,"",Q,4112820071082596506,SB23-309-326-E,2008,C00371021
A,ADD,,,,WILLIAM T.  ,H6ID01177,SALI,,SALI^WILLIAM T.^^,H,HOUSE,01,ID,IDAHO,,,011,Political Contributions,,C00427401,,,,,,,1000.0,2007-10-18,PAC CONTRIBUTION (DEBT-2006),CONTRIBUTIONS,24K,CONTRIBUTION MADE TO NON-AFFILIATED,P2008,,COM,OTHER COMMITTEE,PRIMARY,2008,311146,F3X,27990940517,23,Contributions to Federal Candidates/Committees and Other Political Committees,4111920071082429586,2017-06-01T16:42:03.383133,,,,false,,,,,,,,,,http://docquery.fec.gov/cgi-bin/fecimg/?27990940517,KUNA,C00414078,SALI FOR CONGRESS,ID,83634,,M11,2007,SB,ITEMIZED DISBURSEMENTS,,D,"",Q,4112820071082596504,SB23-368-330-E,2008,C00414078
A,ADD,,,,NICHOLAS  ,H8KS03064,JORDAN,,JORDAN^NICHOLAS^^,H,HOUSE,3,KS,KANSAS,,,011,Political Contributions,,C00427401,,,,,,,1000.0,2007-10-18,PAC CONTRIBUTION,CONTRIBUTIONS,24K,CONTRIBUTION MADE TO NON-AFFILIATED,P2008,,COM,OTHER COMMITTEE,PRIMARY,2008,311146,F3X,27990940517,23,Contributions to Federal Candidates/Committees and Other Political Committees,4111920071082429586,2017-06-01T16:42:03.383133,,,,false,,,,,,,,,,http://docquery.fec.gov/cgi-bin/fecimg/?27990940517,SHAWNEE MISSION,C00437996,JORDAN FOR CONGRESS,KS,66226,,M11,2007,SB,ITEMIZED DISBURSEMENTS,,D,"",Q,4112820071082596503,SB23-364-323-E,2008,C00437996
A,ADD,,,,STEVEN  ,H8IL08077,GREENBERG,,GREENBERG^STEVEN^^,H,HOUSE,8,IL,ILLINOIS,,,011,Political Contributions,,C00427401,,,,,,,1000.0,2007-10-18,PAC CONTRIBUTION,CONTRIBUTIONS,24K,CONTRIBUTION MADE TO NON-AFFILIATED,P2008,,COM,OTHER COMMITTEE,PRIMARY,2008,311146,F3X,27990940516,23,Contributions to Federal Candidates/Committees and Other Political Committees,4111920071082429586,2017-06-01T16:42:03.383133,,,,false,,,,,,,,,,http://docquery.fec.gov/cgi-bin/fecimg/?27990940516,MUNDELEIN,C00436568,GREENBERG FOR CONGRESS,IL,60060,,M11,2007,SB,ITEMIZED DISBURSEMENTS,,D,"",Q,4112820071082596502,SB23-362-321-E,2008,C00436568
A,ADD,,,,DEAN F.  ,H8CA11082,ANDAL,,ANDAL^DEAN F.^^,H,HOUSE,11,CA,CALIFORNIA ,,,011,Political Contributions,,C00427401,,,,,,,1000.0,2007-10-18,PAC CONTRIBUTION,CONTRIBUTIONS,24K,CONTRIBUTION MADE TO NON-AFFILIATED,P2008,,COM,OTHER COMMITTEE,PRIMARY,2008,311146,F3X,27990940516,23,Contributions to Federal Candidates/Committees and Other Political Committees,4111920071082429586,2017-06-01T16:42:03.383133,,,,false,,,,,,,,,,http://docquery.fec.gov/cgi-bin/fecimg/?27990940516,STOCKTON,C00434928,CITIZENS FOR ANDAL,CA,95201,,M11,2007,SB,ITEMIZED DISBURSEMENTS,,D,"",Q,4112820071082596501,SB23-360-329-E,2008,C00434928
A,ADD,,,,RICHARD N.  ,H8GA08043,GODDARD,,GODDARD^RICHARD N.^^,H,HOUSE,8,GA,GEORGIA,,,011,Political Contributions,,C00427401,,,,,,,1000.0,2007-10-18,PAC CONTRIBUTION,CONTRIBUTIONS,24K,CONTRIBUTION MADE TO NON-AFFILIATED,P2008,,COM,OTHER COMMITTEE,PRIMARY,2008,311146,F3X,27990940516,23,Contributions to Federal Candidates/Committees and Other Political Committees,4111920071082429586,2017-06-01T16:42:03.383133,,,,false,,,,,,,,,,http://docquery.fec.gov/cgi-bin/fecimg/?27990940516,WARNER ROBINS,C00435875,GODDARD FOR CONGRESS,GA,31095,,M11,2007,SB,ITEMIZED DISBURSEMENTS,,D,"",Q,4112820071082596500,SB23-316-322-E,2008,C00435875
A,ADD,,,,JIM  ,H6KS02227,RYUN,,RYUN^JIM^^,H,HOUSE,2,KS,KANSAS,,,011,Political Contributions,,C00427401,,,,,,,1000.0,2007-10-18,PAC CONTRIBUTION,CONTRIBUTIONS,24K,CONTRIBUTION MADE TO NON-AFFILIATED,P2008,,COM,OTHER COMMITTEE,PRIMARY,2008,311146,F3X,27990940515,23,Contributions to Federal Candidates/Committees and Other Political Committees,4111920071082429586,2017-06-01T16:42:03.383133,,,,false,,,,,,,,,,http://docquery.fec.gov/cgi-bin/fecimg/?27990940515,TOPEKA,C00320077,JIM RYUN FOR CONGRESS,KS,66601,,M11,2007,SB,ITEMIZED DISBURSEMENTS,,D,"",Q,4112820071082596499,SB23-249-327-E,2008,C00320077
A,ADD,,,,MIKE  ,H2IN09084,SODREL,,SODREL^MIKE^^,H,HOUSE,9,IN,INDIANA,,,011,Political Contributions,,C00427401,,,,,,,1000.0,2007-10-18,PAC CONTRIBUTION,CONTRIBUTIONS,24K,CONTRIBUTION MADE TO NON-AFFILIATED,P2008,,COM,OTHER COMMITTEE,PRIMARY,2008,311146,F3X,27990940515,23,Contributions to Federal Candidates/Committees and Other Political Committees,4111920071082429586,2017-06-01T16:42:03.383133,,,,false,,,,,,,,,,http://docquery.fec.gov/cgi-bin/fecimg/?27990940515,JEFFERSONVILLE,C00387399,FRIENDS OF MIKE SODREL,IN,47131,,M11,2007,SB,ITEMIZED DISBURSEMENTS,,D,"",Q,4112820071082596498,SB23-239-328-E,2008,C00387399
A,ADD,,,,JOHN G.  ,H6WI08114,GARD,,GARD^JOHN G.^^,H,HOUSE,8,WI,WISCONSIN,,,011,Political Contributions,,C00427401,,,,,,,1000.0,2007-10-18,PAC CONTRIBUTION,CONTRIBUTIONS,24K,CONTRIBUTION MADE TO NON-AFFILIATED,P2008,,COM,OTHER COMMITTEE,PRIMARY,2008,311146,F3X,27990940515,23,Contributions to Federal Candidates/Committees and Other Political Committees,4111920071082429586,2017-06-01T16:42:03.383133,,,,false,,,,,,,,,,http://docquery.fec.gov/cgi-bin/fecimg/?27990940515,GREEN BAY,C00411124,GARD FOR CONGRESS,WI,54305,,M11,2007,SB,ITEMIZED DISBURSEMENTS,,D,"",Q,4112820071082596497,SB23-129-324-E,2008,C00411124
A,ADD,,,,,,,,,,,,,,,,003,Solicitation and Fundraising Expenses ,,C00427401,,,,,,,450.0,2007-10-16,PAC ENTERTAINMENT,OTHER,,,,,IND,INDIVIDUAL,,,311146,F3X,27990940513,21B,Other Federal Operating Expenditures,4111920071082429586,2017-06-01T16:42:03.383133,,,,false,,,,,,,,,,http://docquery.fec.gov/cgi-bin/fecimg/?27990940513,FRUITLAND,,"HESSON, MIKE",MD,21826,,M11,2007,SB,ITEMIZED DISBURSEMENTS,,D,"",Q,4112820071082596493,SB21B-329-316-E,2008,
A,ADD,,,,,,,,,,,,,,,,001,Administrative/Salary/Overhead Expenses ,,C00427401,,,,,,,150.0,2007-10-15,PAC SOFTWARE SERVICE,OTHER,,,,,ORG,ORGANIZATION,,,311146,F3X,27990940514,21B,Other Federal Operating Expenditures,4111920071082429586,2017-06-01T16:42:03.383133,,,,false,,,,,,,,,,http://docquery.fec.gov/cgi-bin/fecimg/?27990940514,SAN DIEGO,,COMPLETE CAMPAIGNS,CA,92102,,M11,2007,SB,ITEMIZED DISBURSEMENTS,,D,"",Q,4112820071082596495,SB21B-10-313-E,2008,
A,ADD,,,,,,,,,,,,,,,,001,Administrative/Salary/Overhead Expenses ,,C00427401,,,,,,,1000.0,2007-10-15,PAC BOOKKEEPING CONSULTING,OTHER,,,,,ORG,ORGANIZATION,,,311146,F3X,27990940514,21B,Other Federal Operating Expenditures,4111920071082429586,2017-06-01T16:42:03.383133,,,,false,,,,,,,,,,http://docquery.fec.gov/cgi-bin/fecimg/?27990940514,BETHESDA,,"TALENT PAYMASTER, INC.",MD,20814,,M11,2007,SB,ITEMIZED DISBURSEMENTS,,D,"",Q,4112820071082596494,SB21B-9-315-E,2008,
A,ADD,,,,,,,,,,,,,,,,001,Administrative/Salary/Overhead Expenses ,,C00427401,,,,,,,1000.0,2007-10-15,PAC FUNDRAISING CONSULTING,OTHER,,,,,IND,INDIVIDUAL,,,311146,F3X,27990940513,21B,Other Federal Operating Expenditures,4111920071082429586,2017-06-01T16:42:03.383133,,,,false,,,,,,,,,,http://docquery.fec.gov/cgi-bin/fecimg/?27990940513,WASHINGTON,,"WRIGHT, BETSY",DC,200073402,,M11,2007,SB,ITEMIZED DISBURSEMENTS,,D,"",Q,4112820071082596491,SB21B-300-314-E,2008,
A,ADD,,,,,,,,,,,,,,,,003,Solicitation and Fundraising Expenses ,,C00427401,,,,,,,2279.6,2007-10-12,PAC FOOD AND BEVERAGES,OTHER,,,,,IND,INDIVIDUAL,,,311146,F3X,27990940513,21B,Other Federal Operating Expenditures,4111920071082429586,2017-06-01T16:42:03.383133,,,,false,,,,,,,,,,http://docquery.fec.gov/cgi-bin/fecimg/?27990940513,WASHINGTON,,"WRIGHT, BETSY",DC,200073402,,M11,2007,SB,ITEMIZED DISBURSEMENTS,,D,"",Q,4112820071082596492,SB21B-300-312-E,2008,
A,ADD,,,,,,,,,,,,,,,,003,Solicitation and Fundraising Expenses ,,C00427401,,,,,,,2500.0,2007-10-03,PAC ENTERTAINMENT,OTHER,,,,,ORG,ORGANIZATION,,,311146,F3X,27990940514,21B,Other Federal Operating Expenditures,4111920071082429586,2017-06-01T16:42:03.383133,,,,false,,,,,,,,,,http://docquery.fec.gov/cgi-bin/fecimg/?27990940514,SANTA CLARITA,,"PWE PRODUCTIONS, LLC",CA,913212262,,M11,2007,SB,ITEMIZED DISBURSEMENTS,,D,"",Q,4112820071082596496,SB21B-328-311-E,2008,
A,ADD,,,,DUNCAN D.  ,H8CA52052,HUNTER,,HUNTER^DUNCAN D.^^,H,HOUSE,52,CA,CALIFORNIA ,,,011,Political Contributions,,C00427401,,,,,,,1000.0,2007-09-27,PAC CONTRIBUTION,CONTRIBUTIONS,24K,CONTRIBUTION MADE TO NON-AFFILIATED,P2008,,COM,OTHER COMMITTEE,PRIMARY,2008,307888,F3X,27931437381,23,Contributions to Federal Candidates/Committees and Other Political Committees,4101620071081311023,2017-06-01T16:42:03.383133,,,,false,,,,,,,,,,http://docquery.fec.gov/cgi-bin/fecimg/?27931437381,LA MESA,C00433524,DUNCAN D. HUNTER FOR CONGRESS,CA,91944,,M10,2007,SB,ITEMIZED DISBURSEMENTS,,D,"",Q,4101820071081689802,SB23-332-309-E,2008,C00433524
A,ADD,,,,JON  ,H0NV01078,PORTER,,PORTER^JON^^,H,HOUSE,3,NV,NEVADA,,,011,Political Contributions,,C00427401,,,,,,,1000.0,2007-09-27,PAC CONTRIBUTION,CONTRIBUTIONS,24K,CONTRIBUTION MADE TO NON-AFFILIATED,P2008,,COM,OTHER COMMITTEE,PRIMARY,2008,307888,F3X,27931437381,23,Contributions to Federal Candidates/Committees and Other Political Committees,4101620071081311023,2017-06-01T16:42:03.383133,,,,false,,,,,,,,,,http://docquery.fec.gov/cgi-bin/fecimg/?27931437381,LAS VEGAS,C00367367,PORTER FOR CONGRESS,NV,89126,,M10,2007,SB,ITEMIZED DISBURSEMENTS,,D,"",Q,4101820071081689801,SB23-68-308-E,2008,C00367367
A,ADD,,,,,,,,,,,,,,,,001,Administrative/Salary/Overhead Expenses ,,C00427401,,,,,,,150.0,2007-09-18,PAC SOFTWARE SERVICE,OTHER,,,,,ORG,ORGANIZATION,,,307888,F3X,27931437380,21B,Other Federal Operating Expenditures,4101620071081311023,2017-06-01T16:42:03.383133,,,,false,,,,,,,,,,http://docquery.fec.gov/cgi-bin/fecimg/?27931437380,SAN DIEGO,,COMPLETE CAMPAIGNS,CA,92102,,M10,2007,SB,ITEMIZED DISBURSEMENTS,,D,"",Q,4101820071081689798,SB21B-10-307-E,2008,
A,ADD,,,,,,,,,,,,,,,,003,Solicitation and Fundraising Expenses ,,C00427401,,,,,,,2500.0,2007-09-12,PAC FUNDRAISING ENTERTAINMENT,OTHER,,,,,ORG,ORGANIZATION,,,307888,F3X,27931437380,21B,Other Federal Operating Expenditures,4101620071081311023,2017-06-01T16:42:03.383133,,,,false,,,,,,,,,,http://docquery.fec.gov/cgi-bin/fecimg/?27931437380,SANTA CLARITA,,"PWE PRODUCTIONS, LLC",CA,913212262,,M10,2007,SB,ITEMIZED DISBURSEMENTS,,D,"",Q,4101820071081689799,SB21B-328-305-E,2008,
A,ADD,,,,,,,,,,,,,,,,001,Administrative/Salary/Overhead Expenses ,,C00427401,,,,,,,1000.0,2007-09-10,PAC BOOKKEEPING CONSULTING,OTHER,,,,,ORG,ORGANIZATION,,,307888,F3X,27931437380,21B,Other Federal Operating Expenditures,4101620071081311023,2017-06-01T16:42:03.383133,,,,false,,,,,,,,,,http://docquery.fec.gov/cgi-bin/fecimg/?27931437380,BETHESDA,,"TALENT PAYMASTER, INC.",MD,20814,,M10,2007,SB,ITEMIZED DISBURSEMENTS,,D,"",Q,4101820071081689797,SB21B-9-304-E,2008,
A,ADD,,,,MELISSA A.  ,H0PA04154,HART,,HART^MELISSA A.^^,H,HOUSE,4,PA,PENNSYLVANIA,,,011,Political Contributions,,C00427401,,,,,,,1000.0,2007-09-05,PAC CONTRIBUTION,CONTRIBUTIONS,24K,CONTRIBUTION MADE TO NON-AFFILIATED,P2008,,COM,OTHER COMMITTEE,PRIMARY,2008,307888,F3X,27931437382,23,Contributions to Federal Candidates/Committees and Other Political Committees,4101620071081311023,2017-06-01T16:42:03.383133,,,,false,,,,,,,,,,http://docquery.fec.gov/cgi-bin/fecimg/?27931437382,WEXFORD,C00346114,PEOPLE WITH HART INC.,PA,15090,,M10,2007,SB,ITEMIZED DISBURSEMENTS,,D,"",Q,4101820071081689803,SB23-278-302-E,2008,C00346114
A,ADD,,,,TIM  ,H2PA18143,MURPHY,,MURPHY^TIM^^,H,HOUSE,18,PA,PENNSYLVANIA,,,011,Political Contributions,,C00427401,,,,,,,1000.0,2007-09-05,PAC CONTRIBUTION,CONTRIBUTIONS,24K,CONTRIBUTION MADE TO NON-AFFILIATED,P2008,,ORG,ORGANIZATION,PRIMARY,2008,307888,F3X,27931437381,23,Contributions to Federal Candidates/Committees and Other Political Committees,4101620071081311023,2017-06-01T16:42:03.383133,,,,false,,,,,,,,,,http://docquery.fec.gov/cgi-bin/fecimg/?27931437381,PITTSBURGH,C00372201,TIM MURPHY FOR CONGRESS,PA,15234,,M10,2007,SB,ITEMIZED DISBURSEMENTS,,D,"",Q,4101820071081689800,SB23-325-303-E,2008,C00372201
A,ADD,,,,,,,,,,,,,,,,001,Administrative/Salary/Overhead Expenses ,,C00427401,,,,,,,1000.0,2007-08-16,PAC BOOKKEEPING CONSULTING,OTHER,,,,,ORG,ORGANIZATION,,,303673,F3X,27931199763,21B,Other Federal Operating Expenditures,4091820071080397653,2017-06-01T16:42:03.383133,,,,false,,,,,,,,,,http://docquery.fec.gov/cgi-bin/fecimg/?27931199763,BETHESDA,,"TALENT PAYMASTER, INC.",MD,20814,,M9,2007,SB,ITEMIZED DISBURSEMENTS,,D,"",Q,4091920071080453734,SB21B-9-299-E,2008,
A,ADD,,,,,,,,,,,,,,,,003,Solicitation and Fundraising Expenses ,,C00427401,,,,,,,1000.0,2007-08-16,PAC FUNDRAISING CONSULTING,OTHER,,,,,IND,INDIVIDUAL,,,303673,F3X,27931199763,21B,Other Federal Operating Expenditures,4091820071080397653,2017-06-01T16:42:03.383133,,,,false,,,,,,,,,,http://docquery.fec.gov/cgi-bin/fecimg/?27931199763,WASHINGTON,,"WRIGHT, BETSY",DC,200073402,,M9,2007,SB,ITEMIZED DISBURSEMENTS,,D,"",Q,4091920071080453732,SB21B-300-300-E,2008,
A,ADD,,,,,,,,,,,,,,,,001,Administrative/Salary/Overhead Expenses ,,C00427401,,,,,,,150.0,2007-08-13,PAC SOFTWARE SERVICE,OTHER,,,,,ORG,ORGANIZATION,,,303673,F3X,27931199764,21B,Other Federal Operating Expenditures,4091820071080397653,2017-06-01T16:42:03.383133,,,,false,,,,,,,,,,http://docquery.fec.gov/cgi-bin/fecimg/?27931199764,SAN DIEGO,,COMPLETE CAMPAIGNS,CA,92102,,M9,2007,SB,ITEMIZED DISBURSEMENTS,,D,"",Q,4091920071080453735,SB21B-10-298-E,2008,
A,ADD,,,,,,,,,,,,,,,,003,Solicitation and Fundraising Expenses ,,C00427401,,,,,,,1000.0,2007-08-10,PAC FUNDRAISING CONSULTING,OTHER,,,,,IND,INDIVIDUAL,,,303673,F3X,27931199763,21B,Other Federal Operating Expenditures,4091820071080397653,2017-06-01T16:42:03.383133,,,,false,,,,,,,,,,http://docquery.fec.gov/cgi-bin/fecimg/?27931199763,WASHINGTON,,"WRIGHT, BETSY",DC,200073402,,M9,2007,SB,ITEMIZED DISBURSEMENTS,,D,"",Q,4091920071080453733,SB21B-300-297-E,2008,
A,ADD,,,,,,,,,,,,,,,,001,Administrative/Salary/Overhead Expenses ,,C00427401,,,,,,,150.0,2007-07-23,PAC SOFTWARE SERVICE,OTHER,,,,,ORG,ORGANIZATION,,,301389,F3X,27990492240,21B,Other Federal Operating Expenditures,4081720071079570844,2017-06-01T16:42:03.383133,,,,false,,,,,,,,,,http://docquery.fec.gov/cgi-bin/fecimg/?27990492240,SAN DIEGO,,COMPLETE CAMPAIGNS,CA,92102,,M8,2007,SB,ITEMIZED DISBURSEMENTS,,D,"",Q,4090520071080078968,SB21B-10-292-E,2008,
A,ADD,,,,MIKE  ,H8NJ06118,FERGUSON,,FERGUSON^MIKE^^,H,HOUSE,7,NJ,NEW JERSEY,,,011,Political Contributions,,C00427401,,,,,,,1000.0,2007-07-17,PAC CONTRIBUTION,CONTRIBUTIONS,24K,CONTRIBUTION MADE TO NON-AFFILIATED,P2008,,COM,OTHER COMMITTEE,PRIMARY,2008,301389,F3X,27990492244,23,Contributions to Federal Candidates/Committees and Other Political Committees,4081720071079570844,2017-06-01T16:42:03.383133,,,,false,,,,,,,,,,http://docquery.fec.gov/cgi-bin/fecimg/?27990492244,COLONIA,C00366195,FRIENDS OF MIKE FERGUSON,NJ,07067,,M8,2007,SB,ITEMIZED DISBURSEMENTS,,D,"",Q,4090520071080078978,SB23-251-282-E,2008,C00366195
A,ADD,,,,DEAN  ,H6NV02164,HELLER,,HELLER^DEAN^^,H,HOUSE,2,NV,NEVADA,,,011,Political Contributions,,C00427401,,,,,,,1000.0,2007-07-17,PAC CONTRIBUTION,CONTRIBUTIONS,24K,CONTRIBUTION MADE TO NON-AFFILIATED,P2008,,COM,OTHER COMMITTEE,PRIMARY,2008,301389,F3X,27990492243,23,Contributions to Federal Candidates/Committees and Other Political Committees,4081720071079570844,2017-06-01T16:42:03.383133,,,,false,,,,,,,,,,http://docquery.fec.gov/cgi-bin/fecimg/?27990492243,LAS VEGAS,C00410837,HELLER FOR CONGRESS,NV,89136,,M8,2007,SB,ITEMIZED DISBURSEMENTS,,D,"",Q,4090520071080078977,SB23-143-283-E,2008,C00410837
A,ADD,,,,MARK  ,H0IL10120,KIRK,,KIRK^MARK^^,H,HOUSE,10,IL,ILLINOIS,,,011,Political Contributions,,C00427401,,,,,,,1000.0,2007-07-17,PAC CONTRIBUTION,CONTRIBUTIONS,24K,CONTRIBUTION MADE TO NON-AFFILIATED,P2008,,COM,OTHER COMMITTEE,PRIMARY,2008,301389,F3X,27990492243,23,Contributions to Federal Candidates/Committees and Other Political Committees,4081720071079570844,2017-06-01T16:42:03.383133,,,,false,,,,,,,,,,http://docquery.fec.gov/cgi-bin/fecimg/?27990492243,WINNETKA,C00350785,KIRK FOR CONGRESS,IL,60093,,M8,2007,SB,ITEMIZED DISBURSEMENTS,,D,"",Q,4090520071080078976,SB23-245-284-E,2008,C00350785
A,ADD,,,,CHRISTOPHER  ,H8CT04057,SHAYS,,SHAYS^CHRISTOPHER^^,H,HOUSE,4,CT,CONNECTICUT,,,011,Political Contributions,,C00427401,,,,,,,1000.0,2007-07-17,PAC CONTRIBUTION,CONTRIBUTIONS,24K,CONTRIBUTION MADE TO NON-AFFILIATED,P2008,,COM,OTHER COMMITTEE,PRIMARY,2008,301389,F3X,27990492243,23,Contributions to Federal Candidates/Committees and Other Political Committees,4081720071079570844,2017-06-01T16:42:03.383133,,,,false,,,,,,,,,,http://docquery.fec.gov/cgi-bin/fecimg/?27990492243,NORWALK,C00215699,CHRISTOPHER SHAYS FOR CONGRESS COMMITTEE,CT,06851,,M8,2007,SB,ITEMIZED DISBURSEMENTS,,D,"",Q,4090520071080078975,SB23-88-287-E,2008,C00215699
A,ADD,,,,JAMES T.  ,H8NY27036,WALSH,,WALSH^JAMES T.^^,H,HOUSE,25,NY,NEW YORK,,,011,Political Contributions,,C00427401,,,,,,,1000.0,2007-07-17,PAC CONTRIBUTION,CONTRIBUTIONS,24K,CONTRIBUTION MADE TO NON-AFFILIATED,P2008,,COM,OTHER COMMITTEE,PRIMARY,2008,301389,F3X,27990492242,23,Contributions to Federal Candidates/Committees and Other Political Committees,4081720071079570844,2017-06-01T16:42:03.383133,,,,false,,,,,,,,,,http://docquery.fec.gov/cgi-bin/fecimg/?27990492242,SYRACUSE,C00225623,WALSH FOR CONGRESS,NY,13215,,M8,2007,SB,ITEMIZED DISBURSEMENTS,,D,"",Q,4090520071080078974,SB23-135-288-E,2008,C00225623
A,ADD,,,,VERNON  ,H6FL13148,BUCHANAN,,BUCHANAN^VERNON^^,H,HOUSE,13,FL,FLORIDA,,,011,Political Contributions,,C00427401,,,,,,,1000.0,2007-07-17,PAC CONTRIBUTION,CONTRIBUTIONS,24K,CONTRIBUTION MADE TO NON-AFFILIATED,P2008,,COM,OTHER COMMITTEE,PRIMARY,2008,301389,F3X,27990492242,23,Contributions to Federal Candidates/Committees and Other Political Committees,4081720071079570844,2017-06-01T16:42:03.383133,,,,false,,,,,,,,,,http://docquery.fec.gov/cgi-bin/fecimg/?27990492242,SARASOTA,C00412759,VERN BUCHANAN FOR CONGRESS,FL,34230,,M8,2007,SB,ITEMIZED DISBURSEMENTS,,D,"",Q,4090520071080078973,SB23-133-279-E,2008,C00412759
A,ADD,,,,JOHN  ,H4NY29080,KUHL,,KUHL^JOHN^^,H,HOUSE,29,NY,NEW YORK,,,011,Political Contributions,,C00427401,,,,,,,1000.0,2007-07-17,PAC CONTRIBUTION,CONTRIBUTIONS,24K,CONTRIBUTION MADE TO NON-AFFILIATED,P2008,,COM,OTHER COMMITTEE,PRIMARY,2008,301389,F3X,27990492242,23,Contributions to Federal Candidates/Committees and Other Political Committees,4081720071079570844,2017-06-01T16:42:03.383133,,,,false,,,,,,,,,,http://docquery.fec.gov/cgi-bin/fecimg/?27990492242,BATH,C00388173,KUHL FOR CONGRESS,NY,14810,,M8,2007,SB,ITEMIZED DISBURSEMENTS,,D,"",Q,4090520071080078972,SB23-76-286-E,2008,C00388173
A,ADD,,,,CHARLES  ,H4PA15087,DENT,,DENT^CHARLES^^,H,HOUSE,15,PA,PENNSYLVANIA,,,011,Political Contributions,,C00427401,,,,,,,1000.0,2007-07-17,PAC CONTRIBUTION,CONTRIBUTIONS,24K,CONTRIBUTION MADE TO NON-AFFILIATED,P2008,,COM,OTHER COMMITTEE,PRIMARY,2008,301389,F3X,27990492241,23,Contributions to Federal Candidates/Committees and Other Political Committees,4081720071079570844,2017-06-01T16:42:03.383133,,,,false,,,,,,,,,,http://docquery.fec.gov/cgi-bin/fecimg/?27990492241,ALLENTOWN,C00386847,CHARLIE DENT FOR CONGRESS,PA,18105,,M8,2007,SB,ITEMIZED DISBURSEMENTS,,D,"",Q,4090520071080078971,SB23-72-280-E,2008,C00386847
A,ADD,,,,MARILYN N.  ,H2CO04045,MUSGRAVE,,MUSGRAVE^MARILYN N.^^,H,HOUSE,4,CO,COLORADO ,,,011,Political Contributions,,C00427401,,,,,,,1000.0,2007-07-17,PAC CONTRIBUTION,CONTRIBUTIONS,24K,CONTRIBUTION MADE TO NON-AFFILIATED,P2008,,COM,OTHER COMMITTEE,PRIMARY,2008,301389,F3X,27990492241,23,Contributions to Federal Candidates/Committees and Other Political Committees,4081720071079570844,2017-06-01T16:42:03.383133,,,,false,,,,,,,,,,http://docquery.fec.gov/cgi-bin/fecimg/?27990492241,JOHNSTOWN,C00371880,MUSGRAVE FOR CONGRESS,CO,80534,,M8,2007,SB,ITEMIZED DISBURSEMENTS,,D,"",Q,4090520071080078970,SB23-51-285-E,2008,C00371880
A,ADD,,,,THELMA  ,H4VA02037,DRAKE,,DRAKE^THELMA^^,H,HOUSE,2,VA,VIRGINIA ,,,011,Political Contributions,,C00427401,,,,,,,1000.0,2007-07-17,PAC CONTRIBUTION,CONTRIBUTIONS,24K,CONTRIBUTION MADE TO NON-AFFILIATED,P2008,,COM,OTHER COMMITTEE,PRIMARY,2008,301389,F3X,27990492241,23,Contributions to Federal Candidates/Committees and Other Political Committees,4081720071079570844,2017-06-01T16:42:03.383133,,,,false,,,,,,,,,,http://docquery.fec.gov/cgi-bin/fecimg/?27990492241,VIRGINIA BEACH,C00405696,THELMA DRAKE FOR CONGRESS,VA,23466,,M8,2007,SB,ITEMIZED DISBURSEMENTS,,D,"",Q,4090520071080078969,SB23-20-281-E,2008,C00405696
A,ADD,,,,,,,,,,,,,,,,001,Administrative/Salary/Overhead Expenses ,,C00427401,,,,,,,1000.0,2007-07-17,PAC BOOKKEEPING CONSULTING,OTHER,,,,,ORG,ORGANIZATION,,,301389,F3X,27990492240,21B,Other Federal Operating Expenditures,4081720071079570844,2017-06-01T16:42:03.383133,,,,false,,,,,,,,,,http://docquery.fec.gov/cgi-bin/fecimg/?27990492240,BETHESDA,,"TALENT PAYMASTER, INC.",MD,20814,,M8,2007,SB,ITEMIZED DISBURSEMENTS,,D,"",Q,4090520071080078967,SB21B-9-278-E,2008,
A,ADD,,,,RICHARD N.  ,H8GA08043,GODDARD,,GODDARD^RICHARD N.^^,H,HOUSE,8,GA,GEORGIA,,,011,Political Contributions,,C00427401,,,,,,,1000.0,2007-06-28,PAC CONTRIBUTION,CONTRIBUTIONS,24K,CONTRIBUTION MADE TO NON-AFFILIATED,P2008,,COM,OTHER COMMITTEE,PRIMARY,2008,296001,F3X,27990313120,23,Contributions to Federal Candidates/Committees and Other Political Committees,4071820071078664965,2017-06-01T16:42:03.383133,,,,false,,,,,,,,,,http://docquery.fec.gov/cgi-bin/fecimg/?27990313120,WARNER ROBINS,C00435875,GODDARD FOR CONGRESS,GA,31095,,M7,2007,SB,ITEMIZED DISBURSEMENTS,,D,"",Q,4072620071078989750,SB23-316-273-E,2008,C00435875
A,ADD,,,,,,,,,,,,,,,,001,Administrative/Salary/Overhead Expenses ,,C00427401,,,,,,,1000.0,2007-06-28,PAC BOOKKEEPING CONSULTING,OTHER,,,,,ORG,ORGANIZATION,,,296001,F3X,27990313118,21B,Other Federal Operating Expenditures,4071820071078664965,2017-06-01T16:42:03.383133,,,,false,,,,,,,,,,http://docquery.fec.gov/cgi-bin/fecimg/?27990313118,BETHESDA,,"TALENT PAYMASTER, INC.",MD,20814,,M7,2007,SB,ITEMIZED DISBURSEMENTS,,D,"",Q,4072620071078989745,SB21B-9-275-E,2008,
A,ADD,,,,,,,,,,,,,,,,003,Solicitation and Fundraising Expenses ,,C00427401,,,,,,,2000.0,2007-06-28,PAC FUNDRAISING CONSULTING,OTHER,,,,,IND,INDIVIDUAL,,,296001,F3X,27990313118,21B,Other Federal Operating Expenditures,4071820071078664965,2017-06-01T16:42:03.383133,,,,false,,,,,,,,,,http://docquery.fec.gov/cgi-bin/fecimg/?27990313118,WASHINGTON,,"WRIGHT, BETSY",DC,200073402,,M7,2007,SB,ITEMIZED DISBURSEMENTS,,D,"",Q,4072620071078989744,SB21B-300-274-E,2008,
A,ADD,,,,,,,,,,,,,,,,012,Donations,,C00427401,,,,,,,2500.0,2007-06-22,DONATION,OTHER,,,,,ORG,ORGANIZATION,,,296001,F3X,27990313122,29,Other Disbursements,4071820071078664965,2017-06-01T16:42:03.383133,,,,false,,,,,,,,,,http://docquery.fec.gov/cgi-bin/fecimg/?27990313122,TAMPA,,TOM FEENEY LEGAL DEFENSE FUND,FL,336062693,,M7,2007,SB,ITEMIZED DISBURSEMENTS,,D,"",Q,4072620071078989754,SB29-315-272-E,2008,
A,ADD,,,,,,,,,,,,,,,,011,Political Contributions,,C00427401,,,,,,,1000.0,2007-06-22,PAC CONTRIBUTION,CONTRIBUTIONS,24K,CONTRIBUTION MADE TO NON-AFFILIATED,P2007,,ORG,ORGANIZATION,PRIMARY,2007,296001,F3X,27990313121,23,Contributions to Federal Candidates/Committees and Other Political Committees,4071820071078664965,2017-06-01T16:42:03.383133,,,,false,,,,,,,,,,http://docquery.fec.gov/cgi-bin/fecimg/?27990313121,WASHINGTON,C00326439,HOUSE CONSERVATIVES FUND,DC,20013,,M7,2007,SB,ITEMIZED DISBURSEMENTS,,D,"",Q,4072620071078989753,SB23-314-271-E,2008,C00326439
A,ADD,,,,JAMES LESLIE  SR.,H8GA10031,WHITEHEAD,,WHITEHEAD^JAMES LESLIE^^SR.,H,HOUSE,10,GA,GEORGIA,,,011,Political Contributions,,C00427401,,,,,,,1000.0,2007-06-22,PAC CONTRIBUTION,CONTRIBUTIONS,24K,CONTRIBUTION MADE TO NON-AFFILIATED,P2008,,COM,OTHER COMMITTEE,PRIMARY,2008,296001,F3X,27990313120,23,Contributions to Federal Candidates/Committees and Other Political Committees,4071820071078664965,2017-06-01T16:42:03.383133,,,,false,,,,,,,,,,http://docquery.fec.gov/cgi-bin/fecimg/?27990313120,EVANS,C00432799,WHITEHEAD FOR CONGRESS,GA,30809,,M7,2007,SB,ITEMIZED DISBURSEMENTS,,D,"",Q,4072620071078989752,SB23-313-269-E,2008,C00432799
A,ADD,,,,TIMOTHY L.  ,H4MI07103,WALBERG,,WALBERG^TIMOTHY L.^^,H,HOUSE,07,MI,MICHIGAN,,,011,Political Contributions,,C00427401,,,,,,,1000.0,2007-06-22,PAC CONTRIBUTION,CONTRIBUTIONS,24K,CONTRIBUTION MADE TO NON-AFFILIATED,P2008,,COM,OTHER COMMITTEE,PRIMARY,2008,296001,F3X,27990313120,23,Contributions to Federal Candidates/Committees and Other Political Committees,4071820071078664965,2017-06-01T16:42:03.383133,,,,false,,,,,,,,,,http://docquery.fec.gov/cgi-bin/fecimg/?27990313120,TIPTON,C00390724,WALBERG FOR CONGRESS,MI,49287,,M7,2007,SB,ITEMIZED DISBURSEMENTS,,D,"",Q,4072620071078989751,SB23-311-268-E,2008,C00390724
A,ADD,,,,JIM  ,H6KS02227,RYUN,,RYUN^JIM^^,H,HOUSE,2,KS,KANSAS,,,011,Political Contributions,,C00427401,,,,,,,1000.0,2007-06-22,PAC CONTRIBUTION,CONTRIBUTIONS,24K,CONTRIBUTION MADE TO NON-AFFILIATED,P2008,,COM,OTHER COMMITTEE,PRIMARY,2008,296001,F3X,27990313119,23,Contributions to Federal Candidates/Committees and Other Political Committees,4071820071078664965,2017-06-01T16:42:03.383133,,,,false,,,,,,,,,,http://docquery.fec.gov/cgi-bin/fecimg/?27990313119,TOPEKA,C00320077,JIM RYUN FOR CONGRESS,KS,66601,,M7,2007,SB,ITEMIZED DISBURSEMENTS,,D,"",Q,4072620071078989749,SB23-249-270-E,2008,C00320077
A,ADD,,,,MAC  ,H2GA03070,COLLINS,,COLLINS^MAC^^,H,HOUSE,8,GA,GEORGIA,,,011,Political Contributions,,C00427401,,,,,,,-1000.0,2007-06-18,VOIDED PAC CHECK,CONTRIBUTIONS,24K,CONTRIBUTION MADE TO NON-AFFILIATED,O2006,G2006,COM,OTHER COMMITTEE,,2006,296001,F3X,27990313119,23,Contributions to Federal Candidates/Committees and Other Political Committees,4071820071078664965,2017-06-01T16:42:03.383133,,,,false,,,,,,,,,,http://docquery.fec.gov/cgi-bin/fecimg/?27990313119,JONESBORO,C00265942,MAC COLLINS FOR CONGRESS,GA,30237,,M7,2007,SB,ITEMIZED DISBURSEMENTS,,D,"",Q,4072620071078989748,SB23-131-291-E,2008,C00265942
A,ADD,,,,MARILYN N.  ,H2CO04045,MUSGRAVE,,MUSGRAVE^MARILYN N.^^,H,HOUSE,4,CO,COLORADO ,,,011,Political Contributions,,C00427401,,,,,,,-1000.0,2007-06-18,VOIDED PAC CHECK,CONTRIBUTIONS,24K,CONTRIBUTION MADE TO NON-AFFILIATED,O2006,G2006,COM,OTHER COMMITTEE,,2006,296001,F3X,27990313119,23,Contributions to Federal Candidates/Committees and Other Political Committees,4071820071078664965,2017-06-01T16:42:03.383133,,,,false,,,,,,,,,,http://docquery.fec.gov/cgi-bin/fecimg/?27990313119,JOHNSTOWN,C00371880,MUSGRAVE FOR CONGRESS,CO,80534,,M7,2007,SB,ITEMIZED DISBURSEMENTS,,D,"",Q,4072620071078989747,SB23-51-290-E,2008,C00371880
A,ADD,,,,,,,,,,,,,,,,001,Administrative/Salary/Overhead Expenses ,,C00427401,,,,,,,150.0,2007-06-13,PAC SOFTWARE SERVICE,OTHER,,,,,ORG,ORGANIZATION,,,296001,F3X,27990313118,21B,Other Federal Operating Expenditures,4071820071078664965,2017-06-01T16:42:03.383133,,,,false,,,,,,,,,,http://docquery.fec.gov/cgi-bin/fecimg/?27990313118,SAN DIEGO,,COMPLETE CAMPAIGNS,CA,92102,,M7,2007,SB,ITEMIZED DISBURSEMENTS,,D,"",Q,4072620071078989746,SB21B-10-267-E,2008,
A,ADD,,,,JOSEPH E.  III,H2NH01130,BRADLEY,,BRADLEY^JOSEPH E.^^III,H,HOUSE,1,NH,NEW HAMPSHIRE,,,011,Political Contributions,,C00427401,,,,,,,1000.0,2007-05-29,PAC CONTRIBUTION,CONTRIBUTIONS,24K,CONTRIBUTION MADE TO NON-AFFILIATED,P2008,,COM,OTHER COMMITTEE,PRIMARY,2008,291122,F3X,27930815358,23,Contributions to Federal Candidates/Committees and Other Political Committees,4061820071077983414,2017-06-01T16:42:03.383133,,,,false,,,,,,,,,,http://docquery.fec.gov/cgi-bin/fecimg/?27930815358,WOLFEBORO,C00371021,JEB BRADLEY FOR CONGRESS,NH,03894,,M6,2007,SB,ITEMIZED DISBURSEMENTS,,D,"",Q,4062020071078017474,SB23-309-265-E,2008,C00371021
A,ADD,,,,,,,,,,,,,,,,003,Solicitation and Fundraising Expenses ,,C00427401,,,,,,,1000.0,2007-05-29,PAC FUNDRAISING CONSULTING,OTHER,,,,,IND,INDIVIDUAL,,,291122,F3X,27930815357,21B,Other Federal Operating Expenditures,4061820071077983414,2017-06-01T16:42:03.383133,,,,false,,,,,,,,,,http://docquery.fec.gov/cgi-bin/fecimg/?27930815357,WASHINGTON,,"WRIGHT, BETSY",DC,200073402,,M6,2007,SB,ITEMIZED DISBURSEMENTS,,D,"",Q,4062020071078017471,SB21B-300-266-E,2008,
A,ADD,,,,,,,,,,,,,,,,001,Administrative/Salary/Overhead Expenses ,,C00427401,,,,,,,150.0,2007-05-14,PAC SOFTWARE SERVICE,OTHER,,,,,ORG,ORGANIZATION,,,291122,F3X,27930815357,21B,Other Federal Operating Expenditures,4061820071077983414,2017-06-01T16:42:03.383133,,,,false,,,,,,,,,,http://docquery.fec.gov/cgi-bin/fecimg/?27930815357,SAN DIEGO,,COMPLETE CAMPAIGNS,CA,92102,,M6,2007,SB,ITEMIZED DISBURSEMENTS,,D,"",Q,4062020071078017473,SB21B-10-264-E,2008,
A,ADD,,,,,,,,,,,,,,,,001,Administrative/Salary/Overhead Expenses ,,C00427401,,,,,,,1000.0,2007-05-14,PAC BOOKKEEPING CONSULTING,OTHER,,,,,ORG,ORGANIZATION,,,291122,F3X,27930815357,21B,Other Federal Operating Expenditures,4061820071077983414,2017-06-01T16:42:03.383133,,,,false,,,,,,,,,,http://docquery.fec.gov/cgi-bin/fecimg/?27930815357,BETHESDA,,"TALENT PAYMASTER, INC.",MD,20814,,M6,2007,SB,ITEMIZED DISBURSEMENTS,,D,"",Q,4062020071078017472,SB21B-9-263-E,2008,
A,ADD,,,,JIM  ,H2PA06114,GERLACH,,GERLACH^JIM^^,H,HOUSE,6,PA,PENNSYLVANIA,,,011,Political Contributions,,C00427401,,,,,,,1000.0,2007-04-23,PAC CONTRIBUTION,CONTRIBUTIONS,24K,CONTRIBUTION MADE TO NON-AFFILIATED,P2008,,COM,OTHER COMMITTEE,PRIMARY,2008,288482,F3X,27930718675,23,Contributions to Federal Candidates/Committees and Other Political Committees,4051620071077308878,2017-06-01T16:42:03.383133,,,,false,,,,,,,,,,http://docquery.fec.gov/cgi-bin/fecimg/?27930718675,UWCHLAND,C00372102,JIM GERLACH FOR CONGRESS COMMITTEE,PA,19480,,M5,2007,SB,ITEMIZED DISBURSEMENTS,,D,"",Q,4051720071077370961,SB23-241-254-E,2008,C00372102
A,ADD,,,,DEBORAH  ,H2OH15046,PRYCE,,PRYCE^DEBORAH^^,H,HOUSE,15,OH,OHIO,,,011,Political Contributions,,C00427401,,,,,,,1000.0,2007-04-23,PAC CONTRIBUTION,CONTRIBUTIONS,24K,CONTRIBUTION MADE TO NON-AFFILIATED,P2008,,COM,OTHER COMMITTEE,PRIMARY,2008,288482,F3X,27930718675,23,Contributions to Federal Candidates/Committees and Other Political Committees,4051620071077308878,2017-06-01T16:42:03.383133,,,,false,,,,,,,,,,http://docquery.fec.gov/cgi-bin/fecimg/?27930718675,COLUMBUS,C00265850,PRYCE FOR CONGRESS,OH,43215,,M5,2007,SB,ITEMIZED DISBURSEMENTS,,D,"",Q,4051720071077370960,SB23-90-258-E,2008,C00265850
A,ADD,,,,JON  ,H0NV01078,PORTER,,PORTER^JON^^,H,HOUSE,3,NV,NEVADA,,,011,Political Contributions,,C00427401,,,,,,,1000.0,2007-04-23,PAC CONTRIBUTION,CONTRIBUTIONS,24K,CONTRIBUTION MADE TO NON-AFFILIATED,P2008,,COM,OTHER COMMITTEE,PRIMARY,2008,288482,F3X,27930718675,23,Contributions to Federal Candidates/Committees and Other Political Committees,4051620071077308878,2017-06-01T16:42:03.383133,,,,false,,,,,,,,,,http://docquery.fec.gov/cgi-bin/fecimg/?27930718675,LAS VEGAS,C00367367,PORTER FOR CONGRESS,NV,89126,,M5,2007,SB,ITEMIZED DISBURSEMENTS,,D,"",Q,4051720071077370959,SB23-68-257-E,2008,C00367367
A,ADD,,,,JOSEPH K.  ,H2MI11042,KNOLLENBERG,,KNOLLENBERG^JOSEPH K.^^,H,HOUSE,09,MI,MICHIGAN,,,011,Political Contributions,,C00427401,,,,,,,1000.0,2007-04-23,PAC CONTRIBUTION,CONTRIBUTIONS,24K,CONTRIBUTION MADE TO NON-AFFILIATED,P2008,,COM,OTHER COMMITTEE,PRIMARY,2008,288482,F3X,27930718674,23,Contributions to Federal Candidates/Committees and Other Political Committees,4051620071077308878,2017-06-01T16:42:03.383133,,,,false,,,,,,,,,,http://docquery.fec.gov/cgi-bin/fecimg/?27930718674,BINGHAM FARMS,C00266767,KNOLLENBERG FOR CONGRESS COMMITTEE,MI,48025,,M5,2007,SB,ITEMIZED DISBURSEMENTS,,D,"",Q,4051720071077370958,SB23-307-256-E,2008,C00266767
A,ADD,,,,PETER  ,H6IL06117,ROSKAM,,ROSKAM^PETER^^,H,HOUSE,6,IL,ILLINOIS,,,011,Political Contributions,,C00427401,,,,,,,1000.0,2007-04-23,PAC CONTRIBUTION,CONTRIBUTIONS,24K,CONTRIBUTION MADE TO NON-AFFILIATED,P2008,,COM,OTHER COMMITTEE,PRIMARY,2008,288482,F3X,27930718674,23,Contributions to Federal Candidates/Committees and Other Political Committees,4051620071077308878,2017-06-01T16:42:03.383133,,,,false,,,,,,,,,,http://docquery.fec.gov/cgi-bin/fecimg/?27930718674,WHEATON,C00410969,ROSKAM FOR CONGRESS COMMITTEE,IL,60187,,M5,2007,SB,ITEMIZED DISBURSEMENTS,,D,"",Q,4051720071077370957,SB23-260-261-E,2008,C00410969
A,ADD,,,,DAVE  ,H4WA08071,REICHERT,,REICHERT^DAVE^^,H,HOUSE,8,WA,WASHINGTON,,,011,Political Contributions,,C00427401,,,,,,,1000.0,2007-04-23,PAC CONTRIBUTION,CONTRIBUTIONS,24K,CONTRIBUTION MADE TO NON-AFFILIATED,P2008,,COM,OTHER COMMITTEE,PRIMARY,2008,288482,F3X,27930718674,23,Contributions to Federal Candidates/Committees and Other Political Committees,4051620071077308878,2017-06-01T16:42:03.383133,,,,false,,,,,,,,,,http://docquery.fec.gov/cgi-bin/fecimg/?27930718674,BELLEVUE,C00397737,FRIENDS OF DAVE REICHERT,WA,98015,,M5,2007,SB,ITEMIZED DISBURSEMENTS,,D,"",Q,4051720071077370956,SB23-94-259-E,2008,C00397737
A,ADD,,,,STEVE  ,H8OH01043,CHABOT,,CHABOT^STEVE^^,H,HOUSE,1,OH,OHIO,,,011,Political Contributions,,C00427401,,,,,,,1000.0,2007-04-23,PAC CONTRIBUTION,CONTRIBUTIONS,24K,CONTRIBUTION MADE TO NON-AFFILIATED,P2008,,COM,OTHER COMMITTEE,PRIMARY,2008,288482,F3X,27930718673,23,Contributions to Federal Candidates/Committees and Other Political Committees,4051620071077308878,2017-06-01T16:42:03.383133,,,,false,,,,,,,,,,http://docquery.fec.gov/cgi-bin/fecimg/?27930718673,CINCINNATI,C00301838,STEVE CHABOT FOR CONGRESS,OH,45211,,M5,2007,SB,ITEMIZED DISBURSEMENTS,,D,"",Q,4051720071077370955,SB23-59-253-E,2008,C00301838
A,ADD,,,,ROBERT C.  ,H8NC08042,HAYES,,HAYES^ROBERT C.^^,H,HOUSE,8,NC,NORTH CAROLINA,,,011,Political Contributions,,C00427401,,,,,,,1000.0,2007-04-23,PAC CONTRIBUTION,CONTRIBUTIONS,24K,CONTRIBUTION MADE TO NON-AFFILIATED,P2008,,COM,OTHER COMMITTEE,PRIMARY,2008,288482,F3X,27930718673,23,Contributions to Federal Candidates/Committees and Other Political Committees,4051620071077308878,2017-06-01T16:42:03.383133,,,,false,,,,,,,,,,http://docquery.fec.gov/cgi-bin/fecimg/?27930718673,CONCORD,C00331256,HAYES FOR CONGRESS,NC,28026,,M5,2007,SB,ITEMIZED DISBURSEMENTS,,D,"",Q,4051720071077370954,SB23-24-255-E,2008,C00331256
A,ADD,,,,HEATHER  ,S8NM00168,WILSON,,WILSON^HEATHER^^,H,HOUSE,1,NM,NEW MEXICO,,,011,Political Contributions,,C00427401,,,,,,,1000.0,2007-04-23,PAC CONTRIBUTION,CONTRIBUTIONS,24K,CONTRIBUTION MADE TO NON-AFFILIATED,P2008,,COM,OTHER COMMITTEE,PRIMARY,2008,288482,F3X,27930718673,23,Contributions to Federal Candidates/Committees and Other Political Committees,4051620071077308878,2017-06-01T16:42:03.383133,,,,false,,,,,,,,,,http://docquery.fec.gov/cgi-bin/fecimg/?27930718673,ALBUQUERQUE,C00334060,HEATHER WILSON FOR CONGRESS,NM,87191,,M5,2007,SB,ITEMIZED DISBURSEMENTS,,D,"",Q,4051720071077370953,SB23-11-262-E,2008,C00334060
A,ADD,,,,,,,,,,,,,,,,001,Administrative/Salary/Overhead Expenses ,,C00427401,,,,,,,150.0,2007-04-18,PAC SOFTWARE SERVICE,OTHER,,,,,ORG,ORGANIZATION,,,288482,F3X,27930718672,21B,Other Federal Operating Expenditures,4051620071077308878,2017-06-01T16:42:03.383133,,,,false,,,,,,,,,,http://docquery.fec.gov/cgi-bin/fecimg/?27930718672,SAN DIEGO,,COMPLETE CAMPAIGNS,CA,92102,,M5,2007,SB,ITEMIZED DISBURSEMENTS,,D,"",Q,4051720071077370952,SB21B-10-251-E,2008,
A,ADD,,,,,,,,,,,,,,,,001,Administrative/Salary/Overhead Expenses ,,C00427401,,,,,,,2063.9,2007-04-18,PAC BOOKKEEPING CONSULTING,OTHER,,,,,ORG,ORGANIZATION,,,288482,F3X,27930718672,21B,Other Federal Operating Expenditures,4051620071077308878,2017-06-01T16:42:03.383133,,,,false,,,,,,,,,,http://docquery.fec.gov/cgi-bin/fecimg/?27930718672,BETHESDA,,"TALENT PAYMASTER, INC.",MD,20814,,M5,2007,SB,ITEMIZED DISBURSEMENTS,,D,"",Q,4051720071077370951,SB21B-9-250-E,2008,
A,ADD,,,,,,,,,,,,,,,,003,Solicitation and Fundraising Expenses ,,C00427401,,,,,,,1000.0,2007-04-18,PAC FUNDRAISING CONSULTING,OTHER,,,,,IND,INDIVIDUAL,,,288482,F3X,27930718672,21B,Other Federal Operating Expenditures,4051620071077308878,2017-06-01T16:42:03.383133,,,,false,,,,,,,,,,http://docquery.fec.gov/cgi-bin/fecimg/?27930718672,WASHINGTON,,"WRIGHT, BETSY",DC,200073402,,M5,2007,SB,ITEMIZED DISBURSEMENTS,,D,"",Q,4051720071077370950,SB21B-300-252-E,2008,
A,ADD,,,,JOHN T.  ,H0CA14042,DOOLITTLE,,DOOLITTLE^JOHN T.^^,H,HOUSE,4,CA,CALIFORNIA ,,,011,Political Contributions,,C00427401,,,,,,,1000.0,2007-03-20,PAC CONTRIBUTION,CONTRIBUTIONS,24K,CONTRIBUTION MADE TO NON-AFFILIATED,P2008,,COM,OTHER COMMITTEE,PRIMARY,2008,285949,F3X,27930654631,23,Contributions to Federal Candidates/Committees and Other Political Committees,4041920071076750516,2017-06-01T16:42:03.383133,,,,false,,,,,,,,,,http://docquery.fec.gov/cgi-bin/fecimg/?27930654631,SACRAMENTO,C00242768,JOHN T. DOOLITTLE FOR CONGRESS,CA,95833,,M4,2007,SB,ITEMIZED DISBURSEMENTS,,D,"",Q,4042620071076993207,SB23-303-249-E,2008,C00242768
A,ADD,,,,HEATHER  ,S8NM00168,WILSON,,WILSON^HEATHER^^,H,HOUSE,1,NM,NEW MEXICO,,,011,Political Contributions,,C00427401,,,,,,,1000.0,2007-03-20,PAC CONTRIBUTION,CONTRIBUTIONS,24K,CONTRIBUTION MADE TO NON-AFFILIATED,P2008,,COM,OTHER COMMITTEE,PRIMARY,2008,285949,F3X,27930654631,23,Contributions to Federal Candidates/Committees and Other Political Committees,4041920071076750516,2017-06-01T16:42:03.383133,,,,false,,,,,,,,,,http://docquery.fec.gov/cgi-bin/fecimg/?27930654631,ALBUQUERQUE,C00334060,HEATHER WILSON FOR CONGRESS,NM,87191,,M4,2007,SB,ITEMIZED DISBURSEMENTS,,D,"",Q,4042620071076993205,SB23-11-248-E,2008,C00334060
A,ADD,,,,,,,,,,,,,,,,001,Administrative/Salary/Overhead Expenses ,,C00427401,,,,,,,150.0,2007-03-20,PAC SOFTWARE SERVICE,OTHER,,,,,ORG,ORGANIZATION,,,285949,F3X,27930654630,21B,Other Federal Operating Expenditures,4041920071076750516,2017-06-01T16:42:03.383133,,,,false,,,,,,,,,,http://docquery.fec.gov/cgi-bin/fecimg/?27930654630,SAN DIEGO,,COMPLETE CAMPAIGNS,CA,92102,,M4,2007,SB,ITEMIZED DISBURSEMENTS,,D,"",Q,4042620071076993203,SB21B-10-247-E,2008,
A,ADD,,,,,,,,NATIONAL REPUBLICAN CONGRESSIONAL COMM,,,,,,,,011,Political Contributions,,C00427401,,,,,,,2500.0,2007-03-15,PAC TRANSFER,CONTRIBUTIONS,24K,CONTRIBUTION MADE TO NON-AFFILIATED,P2008,,PTY,POLITICAL PARTY COMMITTEE,PRIMARY,2008,285949,F3X,27930654631,23,Contributions to Federal Candidates/Committees and Other Political Committees,4041920071076750516,2017-06-01T16:42:03.383133,,,,false,,,,,,,,,,http://docquery.fec.gov/cgi-bin/fecimg/?27930654631,WASHINGTON,C00075820,NATIONAL REPUBLICAN CONGRESSIONAL,DC,20003,,M4,2007,SB,ITEMIZED DISBURSEMENTS,,D,"",Q,4042620071076993206,SB23-13-246-E,2008,C00075820
A,ADD,,,,,,,,,,,,,,,,001,Administrative/Salary/Overhead Expenses ,,C00427401,,,,,,,622.77,2007-03-07,PAC PRINTING,ADVERTISING,,,,,ORG,ORGANIZATION,,,285949,F3X,27930654630,21B,Other Federal Operating Expenditures,4041920071076750516,2017-06-01T16:42:03.383133,,,,false,,,,,,,,,,http://docquery.fec.gov/cgi-bin/fecimg/?27930654630,BETHESDA,,PRINT 1,MD,208145213,,M4,2007,SB,ITEMIZED DISBURSEMENTS,,D,"",Q,4042620071076993204,SB21B-302-244-E,2008,
A,ADD,,,,,,,,,,,,,,,,003,Solicitation and Fundraising Expenses ,,C00427401,,,,,,,1000.0,2007-03-07,PAC FUNDRAISING RETAINER,OTHER,,,,,IND,INDIVIDUAL,,,285949,F3X,27930654630,21B,Other Federal Operating Expenditures,4041920071076750516,2017-06-01T16:42:03.383133,,,,false,,,,,,,,,,http://docquery.fec.gov/cgi-bin/fecimg/?27930654630,WASHINGTON,,"WRIGHT, BETSY",DC,200073402,,M4,2007,SB,ITEMIZED DISBURSEMENTS,,D,"",Q,4042620071076993202,SB21B-300-245-E,2008,
A,ADD,,,,,,,,,,,,,,,,001,Administrative/Salary/Overhead Expenses ,,C00427401,,,,,,,150.0,2007-02-13,PAC SOFTWARE SERVICE,OTHER,,,,,ORG,ORGANIZATION,,,280873,F3X,27930266483,21B,Other Federal Operating Expenditures,4031420071075765864,2017-06-01T16:42:03.383133,,,,false,,,,,,,,,,http://docquery.fec.gov/cgi-bin/fecimg/?27930266483,SAN DIEGO,,COMPLETE CAMPAIGNS,CA,92102,,M3,2007,SB,ITEMIZED DISBURSEMENTS,,D,"",Q,4031420071075785980,SB21B-10-239-E,2008,
A,ADD,,,,,,,,,,,,,,,,001,Administrative/Salary/Overhead Expenses ,,C00427401,,,,,,,913.25,2007-02-13,PAC BOOKKEEPING CONSULTING,OTHER,,,,,ORG,ORGANIZATION,,,280873,F3X,27930266482,21B,Other Federal Operating Expenditures,4031420071075765864,2017-06-01T16:42:03.383133,,,,false,,,,,,,,,,http://docquery.fec.gov/cgi-bin/fecimg/?27930266482,BETHESDA,,"TALENT PAYMASTER, INC.",MD,20814,,M3,2007,SB,ITEMIZED DISBURSEMENTS,,D,"",Q,4031420071075785979,SB21B-9-238-E,2008,
A,ADD,,,,,,,,,,,,,,,,001,Administrative/Salary/Overhead Expenses ,,C00427401,,,,,,,1670.92,2007-02-05,PAC CONFERENCE MATERIALS,OTHER,,,,,ORG,ORGANIZATION,,,280873,F3X,27930266483,21B,Other Federal Operating Expenditures,4031420071075765864,2017-06-01T16:42:03.383133,,,,false,,,,,,,,,,http://docquery.fec.gov/cgi-bin/fecimg/?27930266483,NASHVILLE,,THOMAS NELSON PUBLISHERS,TN,372440237,,M3,2007,SB,ITEMIZED DISBURSEMENTS,,D,"",Q,4031420071075785981,SB21B-301-242-E,2008,
A,ADD,,,,,,,,,,,,,,,,001,Administrative/Salary/Overhead Expenses ,,C00427401,,,,,,,555.36,2007-02-05,PAC BOOKKEEPING CONSULTING,OTHER,,,,,ORG,ORGANIZATION,,,280873,F3X,27930266482,21B,Other Federal Operating Expenditures,4031420071075765864,2017-06-01T16:42:03.383133,,,,false,,,,,,,,,,http://docquery.fec.gov/cgi-bin/fecimg/?27930266482,BETHESDA,,"TALENT PAYMASTER, INC.",MD,20814,,M3,2007,SB,ITEMIZED DISBURSEMENTS,,D,"",Q,4031420071075785978,SB21B-9-243-E,2008,
A,ADD,,,,,,,,,,,,,,,,003,Solicitation and Fundraising Expenses ,,C00427401,,,,,,,1000.0,2007-02-05,PAC FUNDRAISING RETAINER,OTHER,,,,,IND,INDIVIDUAL,,,280873,F3X,27930266482,21B,Other Federal Operating Expenditures,4031420071075765864,2017-06-01T16:42:03.383133,,,,false,,,,,,,,,,http://docquery.fec.gov/cgi-bin/fecimg/?27930266482,WASHINGTON,,"WRIGHT, BETSY",DC,200073402,,M3,2007,SB,ITEMIZED DISBURSEMENTS,,D,"",Q,4031420071075785977,SB21B-300-241-E,2008,
A,ADD,,,,,,,,,,,,,,,,003,Solicitation and Fundraising Expenses ,,C00427401,,,,,,,1488.0,2007-01-18,FUNDRAISING: PAC CATERING,FUNDRAISING,,,,,ORG,ORGANIZATION,,,277945,F3X,27950077873,21B,Other Federal Operating Expenditures,4022020071075386028,2017-06-01T16:42:03.383133,,,,false,,,,,,,,,,http://docquery.fec.gov/cgi-bin/fecimg/?27950077873,WASHINGTON,,"HOOKS SOLUTIONS, LLC",DC,200032706,,M2,2007,SB,ITEMIZED DISBURSEMENTS,,D,"",Q,4030520071075596190,SB21B-297-235-E,2008,
A,ADD,,,,,,,,,,,,,,,,001,Administrative/Salary/Overhead Expenses ,,C00427401,,,,,,,150.0,2006-12-30,PAC SOFTWARE SERVICE,OTHER,,,,,ORG,ORGANIZATION,,,271359,F3X,27940081400,21B,Other Federal Operating Expenditures,4012520071074678153,2017-06-01T16:18:11.595379,,,,false,,,,,,,,,,http://docquery.fec.gov/cgi-bin/fecimg/?27940081400,SAN DIEGO,,COMPLETE CAMPAIGNS,CA,92102,,YE,2006,SB,ITEMIZED DISBURSEMENTS,,U,"",N,4013120071074816598,SB21B-10-228-E,2006,
A,ADD,,,,,,,,,,,,,,,,001,Administrative/Salary/Overhead Expenses ,,C00427401,,,,,,,1324.92,2006-12-30,PAC BOOKKEEPING CONSULTING,OTHER,,,,,ORG,ORGANIZATION,,,271359,F3X,27940081400,21B,Other Federal Operating Expenditures,4012520071074678153,2017-06-01T16:18:11.595379,,,,false,,,,,,,,,,http://docquery.fec.gov/cgi-bin/fecimg/?27940081400,BETHESDA,,"TALENT PAYMASTER, INC.",MD,20814,,YE,2006,SB,ITEMIZED DISBURSEMENTS,,U,"",N,4013120071074816597,SB21B-9-227-E,2006,
A,ADD,,,,HENRY   ,H2TX23058,BONILLA,,BONILLA^HENRY ^^,H,HOUSE,23,TX,TEXAS,,,011,Political Contributions,,C00427401,,,,,,,2000.0,2006-11-23,CONTRIBUTION- RUNOFF 2006,CONTRIBUTIONS,24K,CONTRIBUTION MADE TO NON-AFFILIATED,R2006,RUNOFF,COM,OTHER COMMITTEE,RUNOFF,2006,264332,F3X,26930699113,23,Contributions to Federal Candidates/Committees and Other Political Committees,4120720061072701358,2017-06-01T16:18:11.595379,,,,false,,,,,,,,,,http://docquery.fec.gov/cgi-bin/fecimg/?26930699113,SAN ANTONIO,C00257402,TEXANS FOR HENRY BONILLA,TX,78217,,30G,2006,SB,ITEMIZED DISBURSEMENTS,,U,"",N,4010420071074067578,SB23-283-218-E,2006,C00257402
A,ADD,,,,,,,,,,,,,,,,001,Administrative/Salary/Overhead Expenses ,,C00427401,,,,,,,150.0,2006-11-16,PAC SOFTWARE SERVICE,OTHER,,,,,ORG,ORGANIZATION,,,264332,F3X,26930699104,21B,Other Federal Operating Expenditures,4120720061072701358,2017-06-01T16:18:11.595379,,,,false,,,,,,,,,,http://docquery.fec.gov/cgi-bin/fecimg/?26930699104,SAN DIEGO,,COMPLETE CAMPAIGNS,CA,92102,,30G,2006,SB,ITEMIZED DISBURSEMENTS,,U,"",N,4010420071074067553,SB21B-10-219-E,2006,
A,ADD,,,,ROBERT C.  ,H8NC08042,HAYES,,HAYES^ROBERT C.^^,H,HOUSE,8,NC,NORTH CAROLINA,,,011,Political Contributions,,C00427401,,,,,,,1000.0,2006-11-13,CONTRIBUTION- RECOUNT 2006,OTHER,24R,ELECTION RECOUNT DISBURSEMENT,C2006,RECOUNT,COM,OTHER COMMITTEE,CONVENTION,2006,264332,F3X,26930699115,23,Contributions to Federal Candidates/Committees and Other Political Committees,4120720061072701358,2017-06-01T16:18:11.595379,,,,false,,,,,,,,,,http://docquery.fec.gov/cgi-bin/fecimg/?26930699115,CONCORD,H8NC08042,HAYES FOR CONGRESS - RECOUNT FUND,NC,28026,,30G,2006,SB,ITEMIZED DISBURSEMENTS,,U,"",N,4010420071074067586,SB23-282-217-E,2006,H8NC08042
A,ADD,,,,ROB   ,H0CT02124,SIMMONS,,SIMMONS^ROB ^^,H,HOUSE,2,CT,CONNECTICUT,,,011,Political Contributions,,C00427401,,,,,,,1000.0,2006-11-10,CONTRIBUTION- RECOUNT 2006,OTHER,24R,ELECTION RECOUNT DISBURSEMENT,C2006,RECOUNT,COM,OTHER COMMITTEE,CONVENTION,2006,264332,F3X,26930699112,23,Contributions to Federal Candidates/Committees and Other Political Committees,4120720061072701358,2017-06-01T16:18:11.595379,,,,false,,,,,,,,,,http://docquery.fec.gov/cgi-bin/fecimg/?26930699112,MYSTIC,C00343921,SIMMONS RECOUNT 2006,CT,06355,,30G,2006,SB,ITEMIZED DISBURSEMENTS,,U,"",N,4010420071074067577,SB23-280-215-E,2006,C00343921
A,ADD,,,,,,,,,,,,,,,,001,Administrative/Salary/Overhead Expenses ,,C00427401,,,,,,,988.75,2006-11-08,PAC BOOKKEEPING CONSULTING,OTHER,,,,,ORG,ORGANIZATION,,,264332,F3X,26930699104,21B,Other Federal Operating Expenditures,4120720061072701358,2017-06-01T16:18:11.595379,,,,false,,,,,,,,,,http://docquery.fec.gov/cgi-bin/fecimg/?26930699104,BETHESDA,,"TALENT PAYMASTER, INC.",MD,20814,,30G,2006,SB,ITEMIZED DISBURSEMENTS,,U,"",N,4010420071074067552,SB21B-9-214-E,2006,
A,ADD,,,,MELISSA A.  ,H0PA04154,HART,,HART^MELISSA A.^^,H,HOUSE,4,PA,PENNSYLVANIA,,,011,Political Contributions,,C00427401,,,,,,,1000.0,2006-11-07,CONTRIBUTION,CONTRIBUTIONS,24K,CONTRIBUTION MADE TO NON-AFFILIATED,G2006,,COM,OTHER COMMITTEE,GENERAL,2006,264332,F3X,26930699118,23,Contributions to Federal Candidates/Committees and Other Political Committees,4120720061072701358,2017-06-01T16:18:11.595379,,,,false,,,,,,,,,,http://docquery.fec.gov/cgi-bin/fecimg/?26930699118,WEXFORD,C00346114,PEOPLE WITH HART INC.,PA,15090,,30G,2006,SB,ITEMIZED DISBURSEMENTS,,U,"",N,4010420071074067594,SB23-278-213-E,2006,C00346114
A,ADD,,,,VIRGIL H.  ,H6VA05068,GOODE,,GOODE^VIRGIL H.^^,H,HOUSE,5,VA,VIRGINIA ,,,011,Political Contributions,,C00427401,,,,,,,1000.0,2006-11-03,CONTRIBUTION,CONTRIBUTIONS,24K,CONTRIBUTION MADE TO NON-AFFILIATED,G2006,,COM,OTHER COMMITTEE,GENERAL,2006,264332,F3X,26930699117,23,Contributions to Federal Candidates/Committees and Other Political Committees,4120720061072701358,2017-06-01T16:18:11.595379,,,,false,,,,,,,,,,http://docquery.fec.gov/cgi-bin/fecimg/?26930699117,ROCKY MOUNT,C00315986,GOODE FOR CONGRESS,VA,24151,,30G,2006,SB,ITEMIZED DISBURSEMENTS,,U,"",N,4010420071074067591,SB23-264-202-E,2006,C00315986
A,ADD,,,,GEOFF   ,H2KY04071,DAVIS,,DAVIS^GEOFF ^^,H,HOUSE,4,KY,KENTUCKY,,,011,Political Contributions,,C00427401,,,,,,,1000.0,2006-11-03,CONTRIBUTION,CONTRIBUTIONS,24K,CONTRIBUTION MADE TO NON-AFFILIATED,G2006,,COM,OTHER COMMITTEE,GENERAL,2006,264332,F3X,26930699116,23,Contributions to Federal Candidates/Committees and Other Political Committees,4120720061072701358,2017-06-01T16:18:11.595379,,,,false,,,,,,,,,,http://docquery.fec.gov/cgi-bin/fecimg/?26930699116,ERLANGER,C00369470,GEOFF DAVIS FOR CONGRESS,KY,41018,,30G,2006,SB,ITEMIZED DISBURSEMENTS,,U,"",N,4010420071074067589,SB23-266-204-E,2006,C00369470
A,ADD,,,,SUE   ,H4NY19073,KELLY,,KELLY^SUE ^^,H,HOUSE,19,NY,NEW YORK,,,011,Political Contributions,,C00427401,,,,,,,1000.0,2006-11-03,CONTRIBUTION,CONTRIBUTIONS,24K,CONTRIBUTION MADE TO NON-AFFILIATED,G2006,,COM,OTHER COMMITTEE,GENERAL,2006,264332,F3X,26930699114,23,Contributions to Federal Candidates/Committees and Other Political Committees,4120720061072701358,2017-06-01T16:18:11.595379,,,,false,,,,,,,,,,http://docquery.fec.gov/cgi-bin/fecimg/?26930699114,KATONAH,C00294900,SUE KELLY FOR CONGRESS,NY,10536,,30G,2006,SB,ITEMIZED DISBURSEMENTS,,U,"",N,4010420071074067582,SB23-64-209-E,2006,C00294900
A,ADD,,,,MICHELE M.  ,H6MN06074,BACHMANN,,BACHMANN^MICHELE M.^^,H,HOUSE,6,MN,MINNESOTA,,,011,Political Contributions,,C00427401,,,,,,,1000.0,2006-11-03,CONTRIBUTION,CONTRIBUTIONS,24K,CONTRIBUTION MADE TO NON-AFFILIATED,G2006,,COM,OTHER COMMITTEE,GENERAL,2006,264332,F3X,26930699113,23,Contributions to Federal Candidates/Committees and Other Political Committees,4120720061072701358,2017-06-01T16:18:11.595379,,,,false,,,,,,,,,,http://docquery.fec.gov/cgi-bin/fecimg/?26930699113,BLAINE,C00410118,BACHMANN FOR CONGRESS,MN,55449,,30G,2006,SB,ITEMIZED DISBURSEMENTS,,U,"",N,4010420071074067580,SB23-270-207-E,2006,C00410118
A,ADD,,,,NANCY L.  ,H2CT06014,JOHNSON,,JOHNSON^NANCY L.^^,H,HOUSE,5,CT,CONNECTICUT,,,011,Political Contributions,,C00427401,,,,,,,1000.0,2006-11-03,CONTRIBUTION,CONTRIBUTIONS,24K,CONTRIBUTION MADE TO NON-AFFILIATED,G2006,,COM,OTHER COMMITTEE,GENERAL,2006,264332,F3X,26930699113,23,Contributions to Federal Candidates/Committees and Other Political Committees,4120720061072701358,2017-06-01T16:18:11.595379,,,,false,,,,,,,,,,http://docquery.fec.gov/cgi-bin/fecimg/?26930699113,NEW BRITAIN,C00145607,JOHNSON FOR CONGRESS COMMITTEE,CT,06050,,30G,2006,SB,ITEMIZED DISBURSEMENTS,,U,"",N,4010420071074067579,SB23-53-205-E,2006,C00145607
A,ADD,,,,DOUGLAS L.  ,H6CO05159,LAMBORN,,LAMBORN^DOUGLAS L.^^,H,HOUSE,5,CO,COLORADO ,,,011,Political Contributions,,C00427401,,,,,,,1000.0,2006-11-03,CONTRIBUTION,CONTRIBUTIONS,24K,CONTRIBUTION MADE TO NON-AFFILIATED,G2006,,COM,OTHER COMMITTEE,GENERAL,2006,264332,F3X,26930699112,23,Contributions to Federal Candidates/Committees and Other Political Committees,4120720061072701358,2017-06-01T16:18:11.595379,,,,false,,,,,,,,,,http://docquery.fec.gov/cgi-bin/fecimg/?26930699112,COLORADO SPRINGS,C00420745,LAMBORN FOR CONGRESS,CO,80918,,30G,2006,SB,ITEMIZED DISBURSEMENTS,,U,"",N,4010420071074067576,SB23-276-212-E,2006,C00420745
A,ADD,,,,BARBARA L.  ,H4WY00055,CUBIN,,CUBIN^BARBARA L.^^,H,HOUSE,1,WY,WYOMING,,,011,Political Contributions,,C00427401,,,,,,,2000.0,2006-11-03,CONTRIBUTION,CONTRIBUTIONS,24K,CONTRIBUTION MADE TO NON-AFFILIATED,G2006,,COM,OTHER COMMITTEE,GENERAL,2006,264332,F3X,26930699112,23,Contributions to Federal Candidates/Committees and Other Political Committees,4120720061072701358,2017-06-01T16:18:11.595379,,,,false,,,,,,,,,,http://docquery.fec.gov/cgi-bin/fecimg/?26930699112,CASPER,C00290155,CUBIN FOR CONGRESS,WY,82604,,30G,2006,SB,ITEMIZED DISBURSEMENTS,,U,"",N,4010420071074067575,SB23-274-211-E,2006,C00290155
A,ADD,,,,MARK E.  ,H4IN04099,SOUDER,,SOUDER^MARK E.^^,H,HOUSE,3,IN,INDIANA,,,011,Political Contributions,,C00427401,,,,,,,1000.0,2006-11-03,CONTRIBUTION,CONTRIBUTIONS,24K,CONTRIBUTION MADE TO NON-AFFILIATED,G2006,,COM,OTHER COMMITTEE,GENERAL,2006,264332,F3X,26930699111,23,Contributions to Federal Candidates/Committees and Other Political Committees,4120720061072701358,2017-06-01T16:18:11.595379,,,,false,,,,,,,,,,http://docquery.fec.gov/cgi-bin/fecimg/?26930699111,FORT WAYNE,C00285189,SOUDER FOR CONGRESS INC.,IN,46804,,30G,2006,SB,ITEMIZED DISBURSEMENTS,,U,"",N,4010420071074067574,SB23-272-208-E,2006,C00285189
A,ADD,,,,MICHAEL L.  ,H6IA01106,WHALEN,,WHALEN^MICHAEL L.^^,H,HOUSE,1,IA,IOWA,,,011,Political Contributions,,C00427401,,,,,,,1000.0,2006-11-03,CONTRIBUTION,CONTRIBUTIONS,24K,CONTRIBUTION MADE TO NON-AFFILIATED,G2006,,COM,OTHER COMMITTEE,GENERAL,2006,264332,F3X,26930699111,23,Contributions to Federal Candidates/Committees and Other Political Committees,4120720061072701358,2017-06-01T16:18:11.595379,,,,false,,,,,,,,,,http://docquery.fec.gov/cgi-bin/fecimg/?26930699111,BETTENDORF,C00409573,WHALEN FOR CONGRESS,IA,52722,,30G,2006,SB,ITEMIZED DISBURSEMENTS,,U,"",N,4010420071074067573,SB23-268-206-E,2006,C00409573
A,ADD,,,,JEFF   ,H4NE01064,FORTENBERRY,,FORTENBERRY^JEFF ^^,H,HOUSE,1,NE,NEBRASKA,,,011,Political Contributions,,C00427401,,,,,,,1000.0,2006-11-03,CONTRIBUTION,CONTRIBUTIONS,24K,CONTRIBUTION MADE TO NON-AFFILIATED,G2006,,COM,OTHER COMMITTEE,GENERAL,2006,264332,F3X,26930699111,23,Contributions to Federal Candidates/Committees and Other Political Committees,4120720061072701358,2017-06-01T16:18:11.595379,,,,false,,,,,,,,,,http://docquery.fec.gov/cgi-bin/fecimg/?26930699111,LINCOLN,C00395467,JEFF FORTENBERRY FOR U.S. CONGRESS,NE,68508,,30G,2006,SB,ITEMIZED DISBURSEMENTS,,U,"",N,4010420071074067572,SB23-262-201-E,2006,C00395467
A,ADD,,,,PETER   ,H6IL06117,ROSKAM,,ROSKAM^PETER ^^,H,HOUSE,6,IL,ILLINOIS,,,011,Political Contributions,,C00427401,,,,,,,1000.0,2006-11-03,CONTRIBUTION,CONTRIBUTIONS,24K,CONTRIBUTION MADE TO NON-AFFILIATED,G2006,,COM,OTHER COMMITTEE,GENERAL,2006,264332,F3X,26930699110,23,Contributions to Federal Candidates/Committees and Other Political Committees,4120720061072701358,2017-06-01T16:18:11.595379,,,,false,,,,,,,,,,http://docquery.fec.gov/cgi-bin/fecimg/?26930699110,WHEATON,C00410969,ROSKAM FOR CONGRESS COMMITTEE,IL,60187,,30G,2006,SB,ITEMIZED DISBURSEMENTS,,U,"",N,4010420071074067571,SB23-260-199-E,2006,C00410969
A,ADD,,,,GILBERT W.  JR.,H4MN01070,GUTKNECHT,,GUTKNECHT^GILBERT W.^^JR.,H,HOUSE,1,MN,MINNESOTA,,,011,Political Contributions,,C00427401,,,,,,,1000.0,2006-11-03,CONTRIBUTION,CONTRIBUTIONS,24K,CONTRIBUTION MADE TO NON-AFFILIATED,G2006,,COM,OTHER COMMITTEE,GENERAL,2006,264332,F3X,26930699108,23,Contributions to Federal Candidates/Committees and Other Political Committees,4120720061072701358,2017-06-01T16:18:11.595379,,,,false,,,,,,,,,,http://docquery.fec.gov/cgi-bin/fecimg/?26930699108,ROCHESTER,C00282160,GUTKNECHT FOR U.S. CONGRESS COMMITTEE,MN,55903,,30G,2006,SB,ITEMIZED DISBURSEMENTS,,U,"",N,4010420071074067565,SB23-201-210-E,2006,C00282160
A,ADD,,,,DAVID   ,H6TN01313,DAVIS,,DAVIS^DAVID ^^,H,HOUSE,1,TN,TENNESSEE,,,011,Political Contributions,,C00427401,,,,,,,1000.0,2006-11-03,CONTRIBUTION,CONTRIBUTIONS,24K,CONTRIBUTION MADE TO NON-AFFILIATED,G2006,,COM,OTHER COMMITTEE,GENERAL,2006,264332,F3X,26930699108,23,Contributions to Federal Candidates/Committees and Other Political Committees,4120720061072701358,2017-06-01T16:18:11.595379,,,,false,,,,,,,,,,http://docquery.fec.gov/cgi-bin/fecimg/?26930699108,JOHNSON CITY,C00421891,DAVID DAVIS VICTORY FUND,TN,37601,,30G,2006,SB,ITEMIZED DISBURSEMENTS,,U,"",N,4010420071074067563,SB23-149-203-E,2006,C00421891
A,ADD,,,,STEVE   ,H8OH01043,CHABOT,,CHABOT^STEVE ^^,H,HOUSE,1,OH,OHIO,,,011,Political Contributions,,C00427401,,,,,,,1000.0,2006-11-03,CONTRIBUTION,CONTRIBUTIONS,24K,CONTRIBUTION MADE TO NON-AFFILIATED,G2006,,COM,OTHER COMMITTEE,GENERAL,2006,264332,F3X,26930699105,23,Contributions to Federal Candidates/Committees and Other Political Committees,4120720061072701358,2017-06-01T16:18:11.595379,,,,false,,,,,,,,,,http://docquery.fec.gov/cgi-bin/fecimg/?26930699105,CINCINNATI,C00301838,STEVE CHABOT FOR CONGRESS,OH,45211,,30G,2006,SB,ITEMIZED DISBURSEMENTS,,U,"",N,4010420071074067556,SB23-59-200-E,2006,C00301838
A,ADD,,,,JIM   ,H2PA06114,GERLACH,,GERLACH^JIM ^^,H,HOUSE,6,PA,PENNSYLVANIA,,,011,Political Contributions,,C00427401,,,,,,,1000.0,2006-11-02,CONTRIBUTION,CONTRIBUTIONS,24K,CONTRIBUTION MADE TO NON-AFFILIATED,G2006,,COM,OTHER COMMITTEE,GENERAL,2006,264332,F3X,26930699118,23,Contributions to Federal Candidates/Committees and Other Political Committees,4120720061072701358,2017-06-01T16:18:11.595379,,,,false,,,,,,,,,,http://docquery.fec.gov/cgi-bin/fecimg/?26930699118,UWCHLAND,C00372102,JIM GERLACH FOR CONGRESS COMMITTEE,PA,19480,,30G,2006,SB,ITEMIZED DISBURSEMENTS,,U,"",N,4010420071074067593,SB23-241-184-E,2006,C00372102
A,ADD,,,,ROB   ,H0CT02124,SIMMONS,,SIMMONS^ROB ^^,H,HOUSE,2,CT,CONNECTICUT,,,011,Political Contributions,,C00427401,,,,,,,1000.0,2006-11-02,CONTRIBUTION,CONTRIBUTIONS,24K,CONTRIBUTION MADE TO NON-AFFILIATED,G2006,,COM,OTHER COMMITTEE,GENERAL,2006,264332,F3X,26930699117,23,Contributions to Federal Candidates/Committees and Other Political Committees,4120720061072701358,2017-06-01T16:18:11.595379,,,,false,,,,,,,,,,http://docquery.fec.gov/cgi-bin/fecimg/?26930699117,STONINGTON,C00343921,SIMMONS FOR CONGRESS,CT,06378,,30G,2006,SB,ITEMIZED DISBURSEMENTS,,U,"",N,4010420071074067592,SB23-253-190-E,2006,C00343921
A,ADD,,,,MIKE   ,H8NJ06118,FERGUSON,,FERGUSON^MIKE ^^,H,HOUSE,7,NJ,NEW JERSEY,,,011,Political Contributions,,C00427401,,,,,,,1000.0,2006-11-02,CONTRIBUTION,CONTRIBUTIONS,24K,CONTRIBUTION MADE TO NON-AFFILIATED,G2006,,COM,OTHER COMMITTEE,GENERAL,2006,264332,F3X,26930699117,23,Contributions to Federal Candidates/Committees and Other Political Committees,4120720061072701358,2017-06-01T16:18:11.595379,,,,false,,,,,,,,,,http://docquery.fec.gov/cgi-bin/fecimg/?26930699117,COLONIA,C00366195,FRIENDS OF MIKE FERGUSON,NJ,07067,,30G,2006,SB,ITEMIZED DISBURSEMENTS,,U,"",N,4010420071074067590,SB23-251-189-E,2006,C00366195
A,ADD,,,,JEFFREY   ,H6IA03219,LAMBERTI,,LAMBERTI^JEFFREY ^^,H,HOUSE,3,IA,IOWA,,,011,Political Contributions,,C00427401,,,,,,,500.0,2006-11-02,CONTRIBUTION,CONTRIBUTIONS,24K,CONTRIBUTION MADE TO NON-AFFILIATED,G2006,,COM,OTHER COMMITTEE,GENERAL,2006,264332,F3X,26930699116,23,Contributions to Federal Candidates/Committees and Other Political Committees,4120720061072701358,2017-06-01T16:18:11.595379,,,,false,,,,,,,,,,http://docquery.fec.gov/cgi-bin/fecimg/?26930699116,ANKENY,C00410878,LAMBERTI FOR CONGRESS,IA,50021,,30G,2006,SB,ITEMIZED DISBURSEMENTS,,U,"",N,4010420071074067588,SB23-255-191-E,2006,C00410878
A,ADD,,,,MARK   ,H0IL10120,KIRK,,KIRK^MARK ^^,H,HOUSE,10,IL,ILLINOIS,,,011,Political Contributions,,C00427401,,,,,,,1000.0,2006-11-02,CONTRIBUTION,CONTRIBUTIONS,24K,CONTRIBUTION MADE TO NON-AFFILIATED,G2006,,COM,OTHER COMMITTEE,GENERAL,2006,264332,F3X,26930699115,23,Contributions to Federal Candidates/Committees and Other Political Committees,4120720061072701358,2017-06-01T16:18:11.595379,,,,false,,,,,,,,,,http://docquery.fec.gov/cgi-bin/fecimg/?26930699115,WINNETKA,C00350785,KIRK FOR CONGRESS,IL,60093,,30G,2006,SB,ITEMIZED DISBURSEMENTS,,U,"",N,4010420071074067585,SB23-245-186-E,2006,C00350785
A,ADD,,,,JEANNETTE H.  ,H6OH02086,SCHMIDT,,SCHMIDT^JEANNETTE H.^^,H,HOUSE,2,OH,OHIO,,,011,Political Contributions,,C00427401,,,,,,,1000.0,2006-11-02,CONTRIBUTION,CONTRIBUTIONS,24K,CONTRIBUTION MADE TO NON-AFFILIATED,G2006,,COM,OTHER COMMITTEE,GENERAL,2006,264332,F3X,26930699115,23,Contributions to Federal Candidates/Committees and Other Political Committees,4120720061072701358,2017-06-01T16:18:11.595379,,,,false,,,,,,,,,,http://docquery.fec.gov/cgi-bin/fecimg/?26930699115,LOVELAND,C00410647,SCHMIDT FOR CONGRESS,OH,45140,,30G,2006,SB,ITEMIZED DISBURSEMENTS,,U,"",N,4010420071074067584,SB23-92-178-E,2006,C00410647
A,ADD,,,,JON   ,H0NV01078,PORTER,,PORTER^JON ^^,H,HOUSE,3,NV,NEVADA,,,011,Political Contributions,,C00427401,,,,,,,1000.0,2006-11-02,CONTRIBUTION,CONTRIBUTIONS,24K,CONTRIBUTION MADE TO NON-AFFILIATED,G2006,,COM,OTHER COMMITTEE,GENERAL,2006,264332,F3X,26930699114,23,Contributions to Federal Candidates/Committees and Other Political Committees,4120720061072701358,2017-06-01T16:18:11.595379,,,,false,,,,,,,,,,http://docquery.fec.gov/cgi-bin/fecimg/?26930699114,LAS VEGAS,C00367367,PORTER FOR CONGRESS,NV,89126,,30G,2006,SB,ITEMIZED DISBURSEMENTS,,U,"",N,4010420071074067583,SB23-68-175-E,2006,C00367367
A,ADD,,,,JOHN E.  ,H8NY22045,SWEENEY,,SWEENEY^JOHN E.^^,H,HOUSE,20,NY,NEW YORK,,,011,Political Contributions,,C00427401,,,,,,,1000.0,2006-11-02,CONTRIBUTION,CONTRIBUTIONS,24K,CONTRIBUTION MADE TO NON-AFFILIATED,G2006,,COM,OTHER COMMITTEE,GENERAL,2006,264332,F3X,26930699114,23,Contributions to Federal Candidates/Committees and Other Political Committees,4120720061072701358,2017-06-01T16:18:11.595379,,,,false,,,,,,,,,,http://docquery.fec.gov/cgi-bin/fecimg/?26930699114,CLIFTON PARK,C00337428,SWEENEY FOR CONGRESS INC.,NY,12065,,30G,2006,SB,ITEMIZED DISBURSEMENTS,,U,"",N,4010420071074067581,SB23-61-174-E,2006,C00337428
A,ADD,,,,JIM   ,H6KS02227,RYUN,,RYUN^JIM ^^,H,HOUSE,2,KS,KANSAS,,,011,Political Contributions,,C00427401,,,,,,,2000.0,2006-11-02,CONTRIBUTION,CONTRIBUTIONS,24K,CONTRIBUTION MADE TO NON-AFFILIATED,G2006,,COM,OTHER COMMITTEE,GENERAL,2006,264332,F3X,26930699110,23,Contributions to Federal Candidates/Committees and Other Political Committees,4120720061072701358,2017-06-01T16:18:11.595379,,,,false,,,,,,,,,,http://docquery.fec.gov/cgi-bin/fecimg/?26930699110,TOPEKA,C00320077,JIM RYUN FOR CONGRESS,KS,66601,,30G,2006,SB,ITEMIZED DISBURSEMENTS,,U,"",N,4010420071074067570,SB23-249-188-E,2006,C00320077
A,ADD,,,,JOE   ,H4FL16104,NEGRON,,NEGRON^JOE ^^,H,HOUSE,16,FL,FLORIDA,,,011,Political Contributions,,C00427401,,,,,,,1000.0,2006-11-02,CONTRIBUTION,CONTRIBUTIONS,24K,CONTRIBUTION MADE TO NON-AFFILIATED,G2006,,COM,OTHER COMMITTEE,GENERAL,2006,264332,F3X,26930699110,23,Contributions to Federal Candidates/Committees and Other Political Committees,4120720061072701358,2017-06-01T16:18:11.595379,,,,false,,,,,,,,,,http://docquery.fec.gov/cgi-bin/fecimg/?26930699110,STUART,C00429340,JOE NEGRON FOR CONGRESS,FL,34995,,30G,2006,SB,ITEMIZED DISBURSEMENTS,,U,"",N,4010420071074067569,SB23-247-187-E,2006,C00429340
A,ADD,,,,CHRISTOPHER J.  ,H2IN03111,CHOCOLA,,CHOCOLA^CHRISTOPHER J.^^,H,HOUSE,2,IN,INDIANA,,,011,Political Contributions,,C00427401,,,,,,,1000.0,2006-11-02,CONTRIBUTION,CONTRIBUTIONS,24K,CONTRIBUTION MADE TO NON-AFFILIATED,G2006,,COM,OTHER COMMITTEE,GENERAL,2006,264332,F3X,26930699109,23,Contributions to Federal Candidates/Committees and Other Political Committees,4120720061072701358,2017-06-01T16:18:11.595379,,,,false,,,,,,,,,,http://docquery.fec.gov/cgi-bin/fecimg/?26930699109,SOUTH BEND,C00384958,CHOCOLA FOR CONGRESS INC.,IN,46660,,30G,2006,SB,ITEMIZED DISBURSEMENTS,,U,"",N,4010420071074067568,SB23-243-185-E,2006,C00384958
A,ADD,,,,MIKE   ,H2IN09084,SODREL,,SODREL^MIKE ^^,H,HOUSE,9,IN,INDIANA,,,011,Political Contributions,,C00427401,,,,,,,1000.0,2006-11-02,CONTRIBUTION,CONTRIBUTIONS,24K,CONTRIBUTION MADE TO NON-AFFILIATED,G2006,,COM,OTHER COMMITTEE,GENERAL,2006,264332,F3X,26930699109,23,Contributions to Federal Candidates/Committees and Other Political Committees,4120720061072701358,2017-06-01T16:18:11.595379,,,,false,,,,,,,,,,http://docquery.fec.gov/cgi-bin/fecimg/?26930699109,JEFFERSONVILLE,C00387399,FRIENDS OF MIKE SODREL,IN,47131,,30G,2006,SB,ITEMIZED DISBURSEMENTS,,U,"",N,4010420071074067567,SB23-239-183-E,2006,C00387399
A,ADD,,,,JD   ,H4AZ06052,HAYWORTH,,HAYWORTH^JD ^^,H,HOUSE,5,AZ,ARIZONA ,,,011,Political Contributions,,C00427401,,,,,,,1000.0,2006-11-02,CONTRIBUTION,CONTRIBUTIONS,24K,CONTRIBUTION MADE TO NON-AFFILIATED,G2006,,COM,OTHER COMMITTEE,GENERAL,2006,264332,F3X,26930699109,23,Contributions to Federal Candidates/Committees and Other Political Committees,4120720061072701358,2017-06-01T16:18:11.595379,,,,false,,,,,,,,,,http://docquery.fec.gov/cgi-bin/fecimg/?26930699109,SCOTTSDALE,C00287987,JD HAYWORTH FOR CONGRESS,AZ,85260,,30G,2006,SB,ITEMIZED DISBURSEMENTS,,U,"",N,4010420071074067566,SB23-237-182-E,2006,C00287987
A,ADD,,,,ANNE M.  ,H6KY03090,NORTHUP,,NORTHUP^ANNE M.^^,H,HOUSE,3,KY,KENTUCKY,,,011,Political Contributions,,C00427401,,,,,,,1000.0,2006-11-02,CONTRIBUTION,CONTRIBUTIONS,24K,CONTRIBUTION MADE TO NON-AFFILIATED,G2006,,COM,OTHER COMMITTEE,GENERAL,2006,264332,F3X,26930699107,23,Contributions to Federal Candidates/Committees and Other Political Committees,4120720061072701358,2017-06-01T16:18:11.595379,,,,false,,,,,,,,,,http://docquery.fec.gov/cgi-bin/fecimg/?26930699107,LOUISVILLE,C00364448,NORTHUP FOR CONGRESS,KY,40257,,30G,2006,SB,ITEMIZED DISBURSEMENTS,,U,"",N,4010420071074067562,SB23-137-180-E,2006,C00364448
A,ADD,,,,JAMES T.  ,H8NY27036,WALSH,,WALSH^JAMES T.^^,H,HOUSE,25,NY,NEW YORK,,,011,Political Contributions,,C00427401,,,,,,,1000.0,2006-11-02,CONTRIBUTION,CONTRIBUTIONS,24K,CONTRIBUTION MADE TO NON-AFFILIATED,G2006,,COM,OTHER COMMITTEE,GENERAL,2006,264332,F3X,26930699107,23,Contributions to Federal Candidates/Committees and Other Political Committees,4120720061072701358,2017-06-01T16:18:11.595379,,,,false,,,,,,,,,,http://docquery.fec.gov/cgi-bin/fecimg/?26930699107,SYRACUSE,C00225623,WALSH FOR CONGRESS,NY,13215,,30G,2006,SB,ITEMIZED DISBURSEMENTS,,U,"",N,4010420071074067561,SB23-135-176-E,2006,C00225623
A,ADD,,,,FRANK   ,H6VA10050,WOLF,,WOLF^FRANK ^^,H,HOUSE,10,VA,VIRGINIA ,,,011,Political Contributions,,C00427401,,,,,,,1000.0,2006-11-02,CONTRIBUTION,CONTRIBUTIONS,24K,CONTRIBUTION MADE TO NON-AFFILIATED,G2006,,COM,OTHER COMMITTEE,GENERAL,2006,264332,F3X,26930699107,23,Contributions to Federal Candidates/Committees and Other Political Committees,4120720061072701358,2017-06-01T16:18:11.595379,,,,false,,,,,,,,,,http://docquery.fec.gov/cgi-bin/fecimg/?26930699107,OAK HILL,C00166017,FRIENDS OF FRANK WOLF,VA,20171,,30G,2006,SB,ITEMIZED DISBURSEMENTS,,U,"",N,4010420071074067560,SB23-96-172-E,2006,C00166017
A,ADD,,,,DAVE   ,H4WA08071,REICHERT,,REICHERT^DAVE ^^,H,HOUSE,8,WA,WASHINGTON,,,011,Political Contributions,,C00427401,,,,,,,1000.0,2006-11-02,CONTRIBUTION,CONTRIBUTIONS,24K,CONTRIBUTION MADE TO NON-AFFILIATED,G2006,,COM,OTHER COMMITTEE,GENERAL,2006,264332,F3X,26930699106,23,Contributions to Federal Candidates/Committees and Other Political Committees,4120720061072701358,2017-06-01T16:18:11.595379,,,,false,,,,,,,,,,http://docquery.fec.gov/cgi-bin/fecimg/?26930699106,BELLEVUE,C00397737,FRIENDS OF DAVE REICHERT,WA,98015,,30G,2006,SB,ITEMIZED DISBURSEMENTS,,U,"",N,4010420071074067559,SB23-94-173-E,2006,C00397737
A,ADD,,,,JOHN   ,H4NY29080,KUHL,,KUHL^JOHN ^^,H,HOUSE,29,NY,NEW YORK,,,011,Political Contributions,,C00427401,,,,,,,1000.0,2006-11-02,CONTRIBUTION,CONTRIBUTIONS,24K,CONTRIBUTION MADE TO NON-AFFILIATED,G2006,,COM,OTHER COMMITTEE,GENERAL,2006,264332,F3X,26930699106,23,Contributions to Federal Candidates/Committees and Other Political Committees,4120720061072701358,2017-06-01T16:18:11.595379,,,,false,,,,,,,,,,http://docquery.fec.gov/cgi-bin/fecimg/?26930699106,BATH,C00388173,KUHL FOR CONGRESS,NY,14810,,30G,2006,SB,ITEMIZED DISBURSEMENTS,,U,"",N,4010420071074067557,SB23-76-177-E,2006,C00388173
A,ADD,,,,MARILYN N.  ,H2CO04045,MUSGRAVE,,MUSGRAVE^MARILYN N.^^,H,HOUSE,4,CO,COLORADO ,,,011,Political Contributions,,C00427401,,,,,,,1000.0,2006-11-02,CONTRIBUTION,CONTRIBUTIONS,24K,CONTRIBUTION MADE TO NON-AFFILIATED,G2006,,COM,OTHER COMMITTEE,GENERAL,2006,264332,F3X,26930699105,23,Contributions to Federal Candidates/Committees and Other Political Committees,4120720061072701358,2017-06-01T16:18:11.595379,,,,false,,,,,,,,,,http://docquery.fec.gov/cgi-bin/fecimg/?26930699105,JOHNSTOWN,C00371880,MUSGRAVE FOR CONGRESS,CO,80534,,30G,2006,SB,ITEMIZED DISBURSEMENTS,,U,"",N,4010420071074067555,SB23-51-181-E,2006,C00371880
A,ADD,,,,PATRICK J.  ,H0OH12062,TIBERI,,TIBERI^PATRICK J.^^,H,HOUSE,12,OH,OHIO,,,011,Political Contributions,,C00427401,,,,,,,1000.0,2006-11-02,CONTRIBUTION,CONTRIBUTIONS,24K,CONTRIBUTION MADE TO NON-AFFILIATED,G2006,,COM,OTHER COMMITTEE,GENERAL,2006,264332,F3X,26930699105,23,Contributions to Federal Candidates/Committees and Other Political Committees,4120720061072701358,2017-06-01T16:18:11.595379,,,,false,,,,,,,,,,http://docquery.fec.gov/cgi-bin/fecimg/?26930699105,COLUMBUS,C00347492,TIBERI FOR CONGRESS,OH,43229,,30G,2006,SB,ITEMIZED DISBURSEMENTS,,U,"",N,4010420071074067554,SB23-22-179-E,2006,C00347492
A,ADD,,,,RON   ,H4KY02030,LEWIS,,LEWIS^RON ^^,H,HOUSE,2,KY,KENTUCKY,,,011,Political Contributions,,C00427401,,,,,,,1000.0,2006-10-27,CONTRIBUTION,CONTRIBUTIONS,24K,CONTRIBUTION MADE TO NON-AFFILIATED,G2006,,COM,OTHER COMMITTEE,GENERAL,2006,264332,F3X,26930699116,23,Contributions to Federal Candidates/Committees and Other Political Committees,4120720061072701358,2017-06-01T16:18:11.595379,,,,false,,,,,,,,,,http://docquery.fec.gov/cgi-bin/fecimg/?26930699116,ELIZABETHTOWN,C00304527,RON LEWIS FOR CONGRESS,KY,42702,,30G,2006,SB,ITEMIZED DISBURSEMENTS,,U,"",N,4010420071074067587,SB23-147-140-E,2006,C00304527
A,ADD,,,,GILBERT W.  JR.,H4MN01070,GUTKNECHT,,GUTKNECHT^GILBERT W.^^JR.,H,HOUSE,1,MN,MINNESOTA,,,011,Political Contributions,,C00427401,,,,,,,1000.0,2006-10-20,CONTRIBUTION,CONTRIBUTIONS,24K,CONTRIBUTION MADE TO NON-AFFILIATED,G2006,,COM,OTHER COMMITTEE,GENERAL,2006,264332,F3X,26930699108,23,Contributions to Federal Candidates/Committees and Other Political Committees,4120720061072701358,2017-06-01T16:18:11.595379,,,,false,,,,,,,,,,http://docquery.fec.gov/cgi-bin/fecimg/?26930699108,ROCHESTER,C00282160,GUTKNECHT FOR U.S. CONGRESS COMMITTEE,MN,55903,,30G,2006,SB,ITEMIZED DISBURSEMENTS,,U,"",N,4010420071074067564,SB23-201-142-E,2006,C00282160
A,ADD,,,,JOHN   ,H4IN08108,HOSTETTLER,,HOSTETTLER^JOHN ^^,H,HOUSE,8,IN,INDIANA,,,011,Political Contributions,,C00427401,,,,,,,-1000.0,2006-10-19,VOIDED CONTRIBUTION,CONTRIBUTIONS,24K,CONTRIBUTION MADE TO NON-AFFILIATED,G2006,,COM,OTHER COMMITTEE,GENERAL,2006,264332,F3X,26930699106,23,Contributions to Federal Candidates/Committees and Other Political Committees,4120720061072701358,2017-06-01T16:18:11.595379,,,,false,,,,,,,,,,http://docquery.fec.gov/cgi-bin/fecimg/?26930699106,EVANSVILLE,C00300970,FRIENDS OF JOHN HOSTETTLER COMMITTEE,IN,47735,,30G,2006,SB,ITEMIZED DISBURSEMENTS,,U,"",N,4010420071074067558,SB23-84-194-E,2006,C00300970
A,ADD,,,,,,,,,,,,,,,,001,Administrative/Salary/Overhead Expenses ,,C00427401,,,,,,,150.0,2006-10-16,PAC SOFTWARE SERVICE,OTHER,,,,,ORG,ORGANIZATION,,,251700,F3X,26950711440,21B,Other Federal Operating Expenditures,4102620061070879557,2017-06-01T16:18:11.595379,,,,false,,,,,,,,,,http://docquery.fec.gov/cgi-bin/fecimg/?26950711440,SAN DIEGO,,COMPLETE CAMPAIGNS,CA,92102,,12G,2006,SB,ITEMIZED DISBURSEMENTS,,U,"",N,4111720061072186342,SB21B-10-87-E,2006,
A,ADD,,,,DEAN,H6NV02164,HELLER,,"HELLER, DEAN",H,HOUSE,02,NV,NEVADA,,,011,Political Contributions,,C00427401,,,,,,,1000.0,2006-10-12,POLITICAL CONTRIBUTION:,CONTRIBUTIONS,24K,CONTRIBUTION MADE TO NON-AFFILIATED,G2006,,ORG,ORGANIZATION,GENERAL,2006,251700,F3X,26950711444,23,Contributions to Federal Candidates/Committees and Other Political Committees,4102620061070879557,2017-06-01T16:18:11.595379,,,,false,,,,,,,,,,http://docquery.fec.gov/cgi-bin/fecimg/?26950711444,LAS VEGAS,C00410837,HELLER FOR CONGRESS,NV,89136,,12G,2006,SB,ITEMIZED DISBURSEMENTS,,U,"",N,4111720061072186353,SB23-143-95-E,2006,C00410837
A,ADD,,,,RONALD EDWARD,H4KY02030,LEWIS,,"LEWIS, RON",H,HOUSE,02,KY,KENTUCKY,,,011,Political Contributions,,C00427401,,,,,,,1000.0,2006-10-12,POLITICAL CONTRIBUTION:,CONTRIBUTIONS,24K,CONTRIBUTION MADE TO NON-AFFILIATED,G2006,,ORG,ORGANIZATION,GENERAL,2006,251700,F3X,26950711444,23,Contributions to Federal Candidates/Committees and Other Political Committees,4102620061070879557,2017-06-01T16:18:11.595379,,,,false,,,,,,,,,,http://docquery.fec.gov/cgi-bin/fecimg/?26950711444,ELIZABETHTOWN,C00304527,RON LEWIS FOR CONGRESS,KY,42702,,12G,2006,SB,ITEMIZED DISBURSEMENTS,,U,"",N,4111720061072186352,SB23-147-97-E,2006,C00304527
A,ADD,,,,CATHY MCMORRIS,H4WA05077,RODGERS,,"RODGERS, CATHY MCMORRIS",H,HOUSE,05,WA,WASHINGTON,,,011,Political Contributions,,C00427401,,,,,,,1000.0,2006-10-12,POLITICAL CONTRIBUTION:,CONTRIBUTIONS,24K,CONTRIBUTION MADE TO NON-AFFILIATED,G2006,,ORG,ORGANIZATION,GENERAL,2006,251700,F3X,26950711443,23,Contributions to Federal Candidates/Committees and Other Political Committees,4102620061070879557,2017-06-01T16:18:11.595379,,,,false,,,,,,,,,,http://docquery.fec.gov/cgi-bin/fecimg/?26950711443,SPOKANE,C00390476,CATHY MCMORRIS FOR CONGRESS,WA,99210,,12G,2006,SB,ITEMIZED DISBURSEMENTS,,U,"",N,4111720061072186351,SB23-151-99-E,2006,C00390476
A,ADD,,,,DAVID,H6TN01313,DAVIS,,"DAVIS, DAVID",H,HOUSE,01,TN,TENNESSEE,,,011,Political Contributions,,C00427401,,,,,,,1000.0,2006-10-12,POLITICAL CONTRIBUTION:,CONTRIBUTIONS,24K,CONTRIBUTION MADE TO NON-AFFILIATED,G2006,,ORG,ORGANIZATION,GENERAL,2006,251700,F3X,26950711443,23,Contributions to Federal Candidates/Committees and Other Political Committees,4102620061070879557,2017-06-01T16:18:11.595379,,,,false,,,,,,,,,,http://docquery.fec.gov/cgi-bin/fecimg/?26950711443,JOHNSON CITY,C00421891,DAVID DAVIS VICTORY FUND,TN,37601,,12G,2006,SB,ITEMIZED DISBURSEMENTS,,U,"",N,4111720061072186350,SB23-149-98-E,2006,C00421891
A,ADD,,,,MARY C.,H6OK05160,FALLIN,,"FALLIN, MARY C",H,HOUSE,05,OK,OKLAHOMA,,,011,Political Contributions,,C00427401,,,,,,,1000.0,2006-10-12,POLITICAL CONTRIBUTION:,CONTRIBUTIONS,24K,CONTRIBUTION MADE TO NON-AFFILIATED,G2006,,ORG,ORGANIZATION,GENERAL,2006,251700,F3X,26950711443,23,Contributions to Federal Candidates/Committees and Other Political Committees,4102620061070879557,2017-06-01T16:18:11.595379,,,,false,,,,,,,,,,http://docquery.fec.gov/cgi-bin/fecimg/?26950711443,OKLAHOMA CITY,C00415778,FALLIN FOR CONGRESS,OK,73102,,12G,2006,SB,ITEMIZED DISBURSEMENTS,,U,"",N,4111720061072186349,SB23-145-96-E,2006,C00415778
A,ADD,,,,JAMES D,H6OH04082,JORDAN,,"JORDAN, JAMES D",H,HOUSE,04,OH,OHIO,,,011,Political Contributions,,C00427401,,,,,,,1000.0,2006-10-12,POLITICAL CONTRIBUTION:,CONTRIBUTIONS,24K,CONTRIBUTION MADE TO NON-AFFILIATED,G2006,,ORG,ORGANIZATION,GENERAL,2006,251700,F3X,26950711442,23,Contributions to Federal Candidates/Committees and Other Political Committees,4102620061070879557,2017-06-01T16:18:11.595379,,,,false,,,,,,,,,,http://docquery.fec.gov/cgi-bin/fecimg/?26950711442,URBANA,C00416594,JIM JORDAN FOR CONGRESS,OH,43078,,12G,2006,SB,ITEMIZED DISBURSEMENTS,,U,"",N,4111720061072186348,SB23-141-94-E,2006,C00416594
A,ADD,,,,RICHARD W,H2CA11051,POMBO,,"POMBO, RICHARD",H,HOUSE,11,CA,CALIFORNIA ,,,011,Political Contributions,,C00427401,,,,,,,1000.0,2006-10-12,POLITICAL CONTRIBUTION:,CONTRIBUTIONS,24K,CONTRIBUTION MADE TO NON-AFFILIATED,G2006,,ORG,ORGANIZATION,GENERAL,2006,251700,F3X,26950711442,23,Contributions to Federal Candidates/Committees and Other Political Committees,4102620061070879557,2017-06-01T16:18:11.595379,,,,false,,,,,,,,,,http://docquery.fec.gov/cgi-bin/fecimg/?26950711442,SACRAMENTO,C00261370,RICHARD POMBO FOR CONGRESS,CA,95833,,12G,2006,SB,ITEMIZED DISBURSEMENTS,,U,"",N,4111720061072186347,SB23-139-93-E,2006,C00261370
A,ADD,,,,ANNE MEAGHER,H6KY03090,NORTHUP,,"NORTHUP, ANNE M",H,HOUSE,03,KY,KENTUCKY,,,011,Political Contributions,,C00427401,,,,,,,1000.0,2006-10-12,POLITICAL CONTRIBUTION:,CONTRIBUTIONS,24K,CONTRIBUTION MADE TO NON-AFFILIATED,G2006,,ORG,ORGANIZATION,GENERAL,2006,251700,F3X,26950711442,23,Contributions to Federal Candidates/Committees and Other Political Committees,4102620061070879557,2017-06-01T16:18:11.595379,,,,false,,,,,,,,,,http://docquery.fec.gov/cgi-bin/fecimg/?26950711442,LOUISVILLE,C00364448,NORTHUP FOR CONGRESS,KY,40257,,12G,2006,SB,ITEMIZED DISBURSEMENTS,,U,"",N,4111720061072186346,SB23-137-92-E,2006,C00364448
A,ADD,,,,JAMES T,H8NY27036,WALSH,,"WALSH, JAMES T",H,HOUSE,25,NY,NEW YORK,,,011,Political Contributions,,C00427401,,,,,,,1000.0,2006-10-12,POLITICAL CONTRIBUTION:,CONTRIBUTIONS,24K,CONTRIBUTION MADE TO NON-AFFILIATED,G2006,,ORG,ORGANIZATION,GENERAL,2006,251700,F3X,26950711441,23,Contributions to Federal Candidates/Committees and Other Political Committees,4102620061070879557,2017-06-01T16:18:11.595379,,,,false,,,,,,,,,,http://docquery.fec.gov/cgi-bin/fecimg/?26950711441,SYRACUSE,C00225623,WALSH FOR CONGRESS,NY,13215,,12G,2006,SB,ITEMIZED DISBURSEMENTS,,U,"",N,4111720061072186345,SB23-135-91-E,2006,C00225623
A,ADD,,,,W CURTIS,H4PA07027,WELDON,,"WELDON, CURTIS W.",H,HOUSE,07,PA,PENNSYLVANIA,,,011,Political Contributions,,C00427401,,,,,,,1000.0,2006-10-12,POLITICAL CONTRIBUTION:,CONTRIBUTIONS,24K,CONTRIBUTION MADE TO NON-AFFILIATED,G2006,,ORG,ORGANIZATION,GENERAL,2006,251700,F3X,26950711441,23,Contributions to Federal Candidates/Committees and Other Political Committees,4102620061070879557,2017-06-01T16:18:11.595379,,,,false,,,,,,,,,,http://docquery.fec.gov/cgi-bin/fecimg/?26950711441,MEDIA,C00175869,WELDON VICTORY COMMITTEE,PA,19063,,12G,2006,SB,ITEMIZED DISBURSEMENTS,,U,"",N,4111720061072186344,SB23-98-90-E,2006,C00175869
A,ADD,,,,THELMA,H4VA02037,DRAKE,,"DRAKE, THELMA D",H,HOUSE,02,VA,VIRGINIA ,,,011,Political Contributions,,C00427401,,,,,,,1000.0,2006-10-12,POLITICAL CONTRIBUTION:,CONTRIBUTIONS,24K,CONTRIBUTION MADE TO NON-AFFILIATED,G2006,,ORG,ORGANIZATION,GENERAL,2006,251700,F3X,26950711441,23,Contributions to Federal Candidates/Committees and Other Political Committees,4102620061070879557,2017-06-01T16:18:11.595379,,,,false,,,,,,,,,,http://docquery.fec.gov/cgi-bin/fecimg/?26950711441,VIRGINIA BEACH,C00405696,THELMA DRAKE FOR CONGRESS,VA,23466,,12G,2006,SB,ITEMIZED DISBURSEMENTS,,U,"",N,4111720061072186343,SB23-20-89-E,2006,C00405696
A,ADD,,,,,,,,,,,,,,,,001,Administrative/Salary/Overhead Expenses ,,C00427401,,,,,,,1263.75,2006-10-10,PAC BOOKKEEPING CONSULTING,OTHER,,,,,ORG,ORGANIZATION,,,251700,F3X,26950711440,21B,Other Federal Operating Expenditures,4102620061070879557,2017-06-01T16:18:11.595379,,,,false,,,,,,,,,,http://docquery.fec.gov/cgi-bin/fecimg/?26950711440,BETHESDA,,"TALENT PAYMASTER, INC.",MD,20814,,12G,2006,SB,ITEMIZED DISBURSEMENTS,,U,"",N,4111720061072186341,SB21B-9-88-E,2006,
A,ADD,,,,VERNON,H6FL13148,BUCHANAN,,"BUCHANAN, VERNON",H,HOUSE,13,FL,FLORIDA,,,011,Political Contributions,,C00427401,,,,,,,1000.0,2006-09-29,POLITICAL CONTRIBUTION:,CONTRIBUTIONS,24K,CONTRIBUTION MADE TO NON-AFFILIATED,,,ORG,ORGANIZATION,,,245234,F3X,26940455089,23,Contributions to Federal Candidates/Committees and Other Political Committees,4101720061070213323,2017-06-01T16:18:11.595379,,,,false,,,,,,,,,,http://docquery.fec.gov/cgi-bin/fecimg/?26940455089,SARASOTA,C00412759,VERN BUCHANAN FOR CONGRESS,FL,34230,,M10,2006,SB,ITEMIZED DISBURSEMENTS,,U,"",N,4102620061071010406,SB23-133-85-E,2006,C00412759
A,ADD,,,,MAC  ,,COLLINS,,COLLINS^MAC^^,H,HOUSE,8,GA,GEORGIA,,,011,Political Contributions,,C00427401,,,,,,,1000.0,2006-09-29,POLITICAL CONTRIBUTION:,CONTRIBUTIONS,24K,CONTRIBUTION MADE TO NON-AFFILIATED,,,ORG,ORGANIZATION,,,245234,F3X,26940455089,23,Contributions to Federal Candidates/Committees and Other Political Committees,4101720061070213323,2020-03-23T03:40:29.066000,,,,false,,,,,,,,,,http://docquery.fec.gov/cgi-bin/fecimg/?26940455089,JONESBORO,C00265942,MAC COLLINS FOR CONGRESS,GA,30237,,M10,2006,SB,ITEMIZED DISBURSEMENTS,,U,,N,4102620061071010405,SB23-131-84-E,2006,C00265942
A,ADD,,,,JOHN G,H6WI08114,GARD,,"GARD, JOHN G",H,HOUSE,08,WI,WISCONSIN,,,011,Political Contributions,,C00427401,,,,,,,1000.0,2006-09-29,POLITICAL CONTRIBUTION:,CONTRIBUTIONS,24K,CONTRIBUTION MADE TO NON-AFFILIATED,,,ORG,ORGANIZATION,,,245234,F3X,26940455088,23,Contributions to Federal Candidates/Committees and Other Political Committees,4101720061070213323,2017-06-01T16:18:11.595379,,,,false,,,,,,,,,,http://docquery.fec.gov/cgi-bin/fecimg/?26940455088,GREEN BAY,C00411124,GARD FOR CONGRESS,WI,54305,,M10,2006,SB,ITEMIZED DISBURSEMENTS,,U,"",N,4102620061071010404,SB23-129-83-E,2006,C00411124
A,ADD,,,,JEANNETTE H,H6OH02086,SCHMIDT,,"SCHMIDT, JEANNETTE H",H,HOUSE,02,OH,OHIO,,,011,Political Contributions,,C00427401,,,,,,,1000.0,2006-09-28,POLITICAL CONTRIBUTION:,CONTRIBUTIONS,24K,CONTRIBUTION MADE TO NON-AFFILIATED,,,ORG,ORGANIZATION,,,245234,F3X,26940455093,23,Contributions to Federal Candidates/Committees and Other Political Committees,4101720061070213323,2017-06-01T16:18:11.595379,,,,false,,,,,,,,,,http://docquery.fec.gov/cgi-bin/fecimg/?26940455093,LOVELAND,C00410647,SCHMIDT FOR CONGRESS,OH,45140,,M10,2006,SB,ITEMIZED DISBURSEMENTS,,U,"",N,4102620061071010418,SB23-92-56-E,2006,C00410647
A,ADD,,,,DEBORAH D,H2OH15046,PRYCE,,"PRYCE, DEBORAH D.",H,HOUSE,15,OH,OHIO,,,011,Political Contributions,,C00427401,,,,,,,1000.0,2006-09-28,POLITICAL CONTRIBUTION:,CONTRIBUTIONS,24K,CONTRIBUTION MADE TO NON-AFFILIATED,,,ORG,ORGANIZATION,,,245234,F3X,26940455093,23,Contributions to Federal Candidates/Committees and Other Political Committees,4101720061070213323,2017-06-01T16:18:11.595379,,,,false,,,,,,,,,,http://docquery.fec.gov/cgi-bin/fecimg/?26940455093,COLUMBUS,C00265850,PRYCE FOR CONGRESS,OH,43215,,M10,2006,SB,ITEMIZED DISBURSEMENTS,,U,"",N,4102620061071010417,SB23-90-55-E,2006,C00265850
A,ADD,,,,CHRISTOPHER,H8CT04057,SHAYS,,"SHAYS, CHRISTOPHER",H,HOUSE,04,CT,CONNECTICUT,,,011,Political Contributions,,C00427401,,,,,,,1000.0,2006-09-28,POLITICAL CONTRIBUTION:,CONTRIBUTIONS,24K,CONTRIBUTION MADE TO NON-AFFILIATED,,,ORG,ORGANIZATION,,,245234,F3X,26940455092,23,Contributions to Federal Candidates/Committees and Other Political Committees,4101720061070213323,2017-06-01T16:18:11.595379,,,,false,,,,,,,,,,http://docquery.fec.gov/cgi-bin/fecimg/?26940455092,NORWALK,C00215699,CHRISTOPHER SHAYS FOR CONGRESS COMMITTEE,CT,06851,,M10,2006,SB,ITEMIZED DISBURSEMENTS,,U,"",N,4102620061071010416,SB23-88-54-E,2006,C00215699
A,ADD,,,,ROBERT WILLIAM,H2UT01094,BISHOP,,"BISHOP, ROBERT WILLIAM",H,HOUSE,01,UT,UTAH,,,011,Political Contributions,,C00427401,,,,,,,1000.0,2006-09-28,POLITICAL CONTRIBUTION:,CONTRIBUTIONS,24K,CONTRIBUTION MADE TO NON-AFFILIATED,,,ORG,ORGANIZATION,,,245234,F3X,26940455092,23,Contributions to Federal Candidates/Committees and Other Political Committees,4101720061070213323,2017-06-01T16:18:11.595379,,,,false,,,,,,,,,,http://docquery.fec.gov/cgi-bin/fecimg/?26940455092,BRIGHAM CITY,C00374231,ROB BISHOP FOR CONGRESS,UT,84302,,M10,2006,SB,ITEMIZED DISBURSEMENTS,,U,"",N,4102620061071010415,SB23-86-53-E,2006,C00374231
A,ADD,,,,MICHAEL REP,H2OH03067,TURNER,,"TURNER, MIKE",H,HOUSE,03,OH,OHIO,,,011,Political Contributions,,C00427401,,,,,,,1000.0,2006-09-28,POLITICAL CONTRIBUTION:,CONTRIBUTIONS,24K,CONTRIBUTION MADE TO NON-AFFILIATED,,,ORG,ORGANIZATION,,,245234,F3X,26940455092,23,Contributions to Federal Candidates/Committees and Other Political Committees,4101720061070213323,2017-06-01T16:18:11.595379,,,,false,,,,,,,,,,http://docquery.fec.gov/cgi-bin/fecimg/?26940455092,DAYTON,C00373001,TURNER FOR CONGRESS,OH,45402,,M10,2006,SB,ITEMIZED DISBURSEMENTS,,U,"",N,4102620061071010414,SB23-70-44-E,2006,C00373001
A,ADD,,,,JON CHRISTOPHER SR,H0NV01078,PORTER,,"PORTER, JON C SR",H,HOUSE,03,NV,NEVADA,,,011,Political Contributions,,C00427401,,,,,,,1000.0,2006-09-28,POLITICAL CONTRIBUTION:,CONTRIBUTIONS,24K,CONTRIBUTION MADE TO NON-AFFILIATED,,,ORG,ORGANIZATION,,,245234,F3X,26940455091,23,Contributions to Federal Candidates/Committees and Other Political Committees,4101720061070213323,2017-06-01T16:18:11.595379,,,,false,,,,,,,,,,http://docquery.fec.gov/cgi-bin/fecimg/?26940455091,LAS VEGAS,C00367367,PORTER FOR CONGRESS,NV,89126,,M10,2006,SB,ITEMIZED DISBURSEMENTS,,U,"",N,4102620061071010413,SB23-68-43-E,2006,C00367367
A,ADD,,,,MICHAEL G,H4PA08074,FITZPATRICK,,"FITZPATRICK, MICHAEL G",H,HOUSE,08,PA,PENNSYLVANIA,,,011,Political Contributions,,C00427401,,,,,,,1000.0,2006-09-28,POLITICAL CONTRIBUTION:,CONTRIBUTIONS,24K,CONTRIBUTION MADE TO NON-AFFILIATED,,,ORG,ORGANIZATION,,,245234,F3X,26940455091,23,Contributions to Federal Candidates/Committees and Other Political Committees,4101720061070213323,2017-06-01T16:18:11.595379,,,,false,,,,,,,,,,http://docquery.fec.gov/cgi-bin/fecimg/?26940455091,DOYLESTOWN,C00404236,FITZPATRICK FOR CONGRESS,PA,18901,,M10,2006,SB,ITEMIZED DISBURSEMENTS,,U,"",N,4102620061071010412,SB23-66-42-E,2006,C00404236
A,ADD,,,,CHARLES H,H8NC11038,TAYLOR,,"TAYLOR, CHARLES H",H,HOUSE,11,NC,NORTH CAROLINA,,,011,Political Contributions,,C00427401,,,,,,,1000.0,2006-09-28,POLITICAL CONTRIBUTION:,CONTRIBUTIONS,24K,CONTRIBUTION MADE TO NON-AFFILIATED,,,ORG,ORGANIZATION,,,245234,F3X,26940455090,23,Contributions to Federal Candidates/Committees and Other Political Committees,4101720061070213323,2017-06-01T16:18:11.595379,,,,false,,,,,,,,,,http://docquery.fec.gov/cgi-bin/fecimg/?26940455090,ASHEVILLE,C00222653,CHARLES TAYLOR FOR CONGRESS COMMITTEE,NC,28802,,M10,2006,SB,ITEMIZED DISBURSEMENTS,,U,"",N,4102620061071010409,SB23-80-50-E,2006,C00222653
A,ADD,,,,CHARLES F.,H0NH02017,BASS,,"BASS, CHARLES F.",H,HOUSE,02,NH,NEW HAMPSHIRE,,,011,Political Contributions,,C00427401,,,,,,,1000.0,2006-09-28,POLITICAL CONTRIBUTION:,CONTRIBUTIONS,24K,CONTRIBUTION MADE TO NON-AFFILIATED,,,ORG,ORGANIZATION,,,245234,F3X,26940455090,23,Contributions to Federal Candidates/Committees and Other Political Committees,4101720061070213323,2017-06-01T16:18:11.595379,,,,false,,,,,,,,,,http://docquery.fec.gov/cgi-bin/fecimg/?26940455090,CONCORD,C00302570,BASS VICTORY COMMITTEE,NH,03302,,M10,2006,SB,ITEMIZED DISBURSEMENTS,,U,"",N,4102620061071010408,SB23-78-49-E,2006,C00302570
A,ADD,,,,W CURTIS,H4PA07027,WELDON,,"WELDON, CURTIS W.",H,HOUSE,07,PA,PENNSYLVANIA,,,011,Political Contributions,,C00427401,,,,,,,1000.0,2006-09-28,POLITICAL CONTRIBUTION:,CONTRIBUTIONS,24K,CONTRIBUTION MADE TO NON-AFFILIATED,,,ORG,ORGANIZATION,,,245234,F3X,26940455088,23,Contributions to Federal Candidates/Committees and Other Political Committees,4101720061070213323,2017-06-01T16:18:11.595379,,,,false,,,,,,,,,,http://docquery.fec.gov/cgi-bin/fecimg/?26940455088,MEDIA,C00175869,WELDON VICTORY COMMITTEE,PA,19063,,M10,2006,SB,ITEMIZED DISBURSEMENTS,,U,"",N,4102620061071010403,SB23-98-59-E,2006,C00175869
A,ADD,,,,FRANK R.,H6VA10050,WOLF,,"WOLF, FRANK R",H,HOUSE,10,VA,VIRGINIA ,,,011,Political Contributions,,C00427401,,,,,,,1000.0,2006-09-28,POLITICAL CONTRIBUTION:,CONTRIBUTIONS,24K,CONTRIBUTION MADE TO NON-AFFILIATED,,,ORG,ORGANIZATION,,,245234,F3X,26940455088,23,Contributions to Federal Candidates/Committees and Other Political Committees,4101720061070213323,2017-06-01T16:18:11.595379,,,,false,,,,,,,,,,http://docquery.fec.gov/cgi-bin/fecimg/?26940455088,OAK HILL,C00166017,FRIENDS OF FRANK WOLF,VA,20171,,M10,2006,SB,ITEMIZED DISBURSEMENTS,,U,"",N,4102620061071010402,SB23-96-58-E,2006,C00166017
A,ADD,,,,DAVE,H4WA08071,REICHERT,,"REICHERT, DAVE",H,HOUSE,08,WA,WASHINGTON,,,011,Political Contributions,,C00427401,,,,,,,1000.0,2006-09-28,POLITICAL CONTRIBUTION:,CONTRIBUTIONS,24K,CONTRIBUTION MADE TO NON-AFFILIATED,,,ORG,ORGANIZATION,,,245234,F3X,26940455087,23,Contributions to Federal Candidates/Committees and Other Political Committees,4101720061070213323,2017-06-01T16:18:11.595379,,,,false,,,,,,,,,,http://docquery.fec.gov/cgi-bin/fecimg/?26940455087,BELLEVUE,C00397737,FRIENDS OF DAVE REICHERT,WA,98015,,M10,2006,SB,ITEMIZED DISBURSEMENTS,,U,"",N,4102620061071010401,SB23-94-57-E,2006,C00397737
A,ADD,,,,JOHN NATHAN,H4IN08108,HOSTETTLER,,"HOSTETTLER, JOHN NATHAN",H,HOUSE,08,IN,INDIANA,,,011,Political Contributions,,C00427401,,,,,,,1000.0,2006-09-28,POLITICAL CONTRIBUTION:,CONTRIBUTIONS,24K,CONTRIBUTION MADE TO NON-AFFILIATED,,,ORG,ORGANIZATION,,,245234,F3X,26940455087,23,Contributions to Federal Candidates/Committees and Other Political Committees,4101720061070213323,2017-06-01T16:18:11.595379,,,,false,,,,,,,,,,http://docquery.fec.gov/cgi-bin/fecimg/?26940455087,EVANSVILLE,C00300970,FRIENDS OF JOHN HOSTETTLER COMMITTEE,IN,47735,,M10,2006,SB,ITEMIZED DISBURSEMENTS,,U,"",N,4102620061071010400,SB23-84-52-E,2006,C00300970
A,ADD,,,,RODNEY M. MR.,H2LA05084,ALEXANDER,,"ALEXANDER, RODNEY MR.",H,HOUSE,05,LA,LOUISIANA,,,011,Political Contributions,,C00427401,,,,,,,1000.0,2006-09-28,POLITICAL CONTRIBUTION:,CONTRIBUTIONS,24K,CONTRIBUTION MADE TO NON-AFFILIATED,,,ORG,ORGANIZATION,,,245234,F3X,26940455087,23,Contributions to Federal Candidates/Committees and Other Political Committees,4101720061070213323,2017-06-01T16:18:11.595379,,,,false,,,,,,,,,,http://docquery.fec.gov/cgi-bin/fecimg/?26940455087,QUITMAN,C00376749,RODNEY ALEXANDER FOR CONGRESS INC.,LA,71268,,M10,2006,SB,ITEMIZED DISBURSEMENTS,,U,"",N,4102620061071010399,SB23-82-51-E,2006,C00376749
A,ADD,,,,JOHN R JR,H4NY29080,KUHL,,"KUHL, JOHN",H,HOUSE,29,NY,NEW YORK,,,011,Political Contributions,,C00427401,,,,,,,1000.0,2006-09-28,POLITICAL CONTRIBUTION:,CONTRIBUTIONS,24K,CONTRIBUTION MADE TO NON-AFFILIATED,,,ORG,ORGANIZATION,,,245234,F3X,26940455086,23,Contributions to Federal Candidates/Committees and Other Political Committees,4101720061070213323,2017-06-01T16:18:11.595379,,,,false,,,,,,,,,,http://docquery.fec.gov/cgi-bin/fecimg/?26940455086,BATH,C00388173,KUHL FOR CONGRESS,NY,14810,,M10,2006,SB,ITEMIZED DISBURSEMENTS,,U,"",N,4102620061071010398,SB23-76-47-E,2006,C00388173
A,ADD,,,,STEVEN C,H4OH19036,LATOURETTE,,"LATOURETTE, STEVEN C",H,HOUSE,14,OH,OHIO,,,011,Political Contributions,,C00427401,,,,,,,1000.0,2006-09-28,POLITICAL CONTRIBUTION:,CONTRIBUTIONS,24K,CONTRIBUTION MADE TO NON-AFFILIATED,,,ORG,ORGANIZATION,,,245234,F3X,26940455086,23,Contributions to Federal Candidates/Committees and Other Political Committees,4101720061070213323,2017-06-01T16:18:11.595379,,,,false,,,,,,,,,,http://docquery.fec.gov/cgi-bin/fecimg/?26940455086,HIGHLAND HEIGHTS,C00284174,LATOURETTE FOR CONGRESS COMMITTEE,OH,44143,,M10,2006,SB,ITEMIZED DISBURSEMENTS,,U,"",N,4102620061071010397,SB23-74-46-E,2006,C00284174
A,ADD,,,,CHARLES WIEDER,H4PA15087,DENT,,"DENT, CHARLES W",H,HOUSE,15,PA,PENNSYLVANIA,,,011,Political Contributions,,C00427401,,,,,,,1000.0,2006-09-28,POLITICAL CONTRIBUTION:,CONTRIBUTIONS,24K,CONTRIBUTION MADE TO NON-AFFILIATED,,,ORG,ORGANIZATION,,,245234,F3X,26940455086,23,Contributions to Federal Candidates/Committees and Other Political Committees,4101720061070213323,2017-06-01T16:18:11.595379,,,,false,,,,,,,,,,http://docquery.fec.gov/cgi-bin/fecimg/?26940455086,ALLENTOWN,C00386847,CHARLIE DENT FOR CONGRESS,PA,18105,,M10,2006,SB,ITEMIZED DISBURSEMENTS,,U,"",N,4102620061071010396,SB23-72-45-E,2006,C00386847
A,ADD,,,,HEATHER A,H8NM01174,WILSON,,"WILSON, HEATHER A.",H,HOUSE,01,NM,NEW MEXICO,,,011,Political Contributions,,C00427401,,,,,,,1000.0,2006-09-28,POLITICAL CONTRIBUTION:,CONTRIBUTIONS,24K,CONTRIBUTION MADE TO NON-AFFILIATED,,,ORG,ORGANIZATION,,,245234,F3X,26940455083,23,Contributions to Federal Candidates/Committees and Other Political Committees,4101720061070213323,2017-06-01T16:18:11.595379,,,,false,,,,,,,,,,http://docquery.fec.gov/cgi-bin/fecimg/?26940455083,ALBUQUERQUE,C00334060,HEATHER WILSON FOR CONGRESS,NM,87191,,M10,2006,SB,ITEMIZED DISBURSEMENTS,,U,"",N,4102620061071010387,SB23-11-48-E,2006,C00334060
A,ADD,,,,SUE,H4NY19073,KELLY,,"KELLY, SUE W",H,HOUSE,19,NY,NEW YORK,,,011,Political Contributions,,C00427401,,,,,,,1000.0,2006-09-25,POLITICAL CONTRIBUTION:,CONTRIBUTIONS,24K,CONTRIBUTION MADE TO NON-AFFILIATED,,,ORG,ORGANIZATION,,,245234,F3X,26940455091,23,Contributions to Federal Candidates/Committees and Other Political Committees,4101720061070213323,2017-06-01T16:18:11.595379,,,,false,,,,,,,,,,http://docquery.fec.gov/cgi-bin/fecimg/?26940455091,KATONAH,C00294900,SUE KELLY FOR CONGRESS,NY,10536,,M10,2006,SB,ITEMIZED DISBURSEMENTS,,U,"",N,4102620061071010411,SB23-64-41-E,2006,C00294900
A,ADD,,,,JOHN E,H8NY22045,SWEENEY,,"SWEENEY, JOHN E.",H,HOUSE,20,NY,NEW YORK,,,011,Political Contributions,,C00427401,,,,,,,1000.0,2006-09-25,POLITICAL CONTRIBUTION:,CONTRIBUTIONS,24K,CONTRIBUTION MADE TO NON-AFFILIATED,,,ORG,ORGANIZATION,,,245234,F3X,26940455090,23,Contributions to Federal Candidates/Committees and Other Political Committees,4101720061070213323,2017-06-01T16:18:11.595379,,,,false,,,,,,,,,,http://docquery.fec.gov/cgi-bin/fecimg/?26940455090,CLIFTON PARK,C00337428,SWEENEY FOR CONGRESS INC.,NY,12065,,M10,2006,SB,ITEMIZED DISBURSEMENTS,,U,"",N,4102620061071010410,SB23-61-40-E,2006,C00337428
A,ADD,,,,NANCY L,H2CT06014,JOHNSON,,"JOHNSON, NANCY L.",H,HOUSE,05,CT,CONNECTICUT,,,011,Political Contributions,,C00427401,,,,,,,1000.0,2006-09-25,POLITICAL CONTRIBUTION:,CONTRIBUTIONS,24K,CONTRIBUTION MADE TO NON-AFFILIATED,,,ORG,ORGANIZATION,,,245234,F3X,26940455089,23,Contributions to Federal Candidates/Committees and Other Political Committees,4101720061070213323,2017-06-01T16:18:11.595379,,,,false,,,,,,,,,,http://docquery.fec.gov/cgi-bin/fecimg/?26940455089,NEW BRITAIN,C00145607,JOHNSON FOR CONGRESS COMMITTEE,CT,06050,,M10,2006,SB,ITEMIZED DISBURSEMENTS,,U,"",N,4102620061071010407,SB23-53-36-E,2006,C00145607
A,ADD,,,,STEVEN J,H8OH01043,CHABOT,,"CHABOT, STEVE",H,HOUSE,01,OH,OHIO,,,011,Political Contributions,,C00427401,,,,,,,1000.0,2006-09-25,POLITICAL CONTRIBUTION:,CONTRIBUTIONS,24K,CONTRIBUTION MADE TO NON-AFFILIATED,,,ORG,ORGANIZATION,,,245234,F3X,26940455085,23,Contributions to Federal Candidates/Committees and Other Political Committees,4101720061070213323,2017-06-01T16:18:11.595379,,,,false,,,,,,,,,,http://docquery.fec.gov/cgi-bin/fecimg/?26940455085,CINCINNATI,C00301838,STEVE CHABOT FOR CONGRESS,OH,45211,,M10,2006,SB,ITEMIZED DISBURSEMENTS,,U,"",N,4102620061071010395,SB23-59-39-E,2006,C00301838
A,ADD,,,,RICHARD GEORGE,H2AZ01172,RENZI,,"RENZI, RICHARD G.",H,HOUSE,01,AZ,ARIZONA ,,,011,Political Contributions,,C00427401,,,,,,,1000.0,2006-09-25,POLITICAL CONTRIBUTION:,CONTRIBUTIONS,24K,CONTRIBUTION MADE TO NON-AFFILIATED,,,ORG,ORGANIZATION,,,245234,F3X,26940455085,23,Contributions to Federal Candidates/Committees and Other Political Committees,4101720061070213323,2017-06-01T16:18:11.595379,,,,false,,,,,,,,,,http://docquery.fec.gov/cgi-bin/fecimg/?26940455085,PRESCOTT,C00370874,RICK RENZI FOR CONGRESS,AZ,86302,,M10,2006,SB,ITEMIZED DISBURSEMENTS,,U,"",N,4102620061071010394,SB23-57-38-E,2006,C00370874
A,ADD,,,,DON,H8PA10055,SHERWOOD,,"SHERWOOD, DONALD L.",H,HOUSE,10,PA,PENNSYLVANIA,,,011,Political Contributions,,C00427401,,,,,,,1000.0,2006-09-25,POLITICAL CONTRIBUTION:,CONTRIBUTIONS,24K,CONTRIBUTION MADE TO NON-AFFILIATED,,,ORG,ORGANIZATION,,,245234,F3X,26940455085,23,Contributions to Federal Candidates/Committees and Other Political Committees,4101720061070213323,2017-06-01T16:18:11.595379,,,,false,,,,,,,,,,http://docquery.fec.gov/cgi-bin/fecimg/?26940455085,TUNKHANNOCK,C00343558,DON SHERWOOD FOR CONGRESS,PA,18657,,M10,2006,SB,ITEMIZED DISBURSEMENTS,,U,"",N,4102620061071010393,SB23-55-37-E,2006,C00343558
A,ADD,,,,MARILYN N,H2CO04045,MUSGRAVE,,"MUSGRAVE, MARILYN N",H,HOUSE,04,CO,COLORADO ,,,011,Political Contributions,,C00427401,,,,,,,1000.0,2006-09-25,POLITICAL CONTRIBUTION:,CONTRIBUTIONS,24K,CONTRIBUTION MADE TO NON-AFFILIATED,,,ORG,ORGANIZATION,,,245234,F3X,26940455084,23,Contributions to Federal Candidates/Committees and Other Political Committees,4101720061070213323,2017-06-01T16:18:11.595379,,,,false,,,,,,,,,,http://docquery.fec.gov/cgi-bin/fecimg/?26940455084,JOHNSTOWN,C00371880,MUSGRAVE FOR CONGRESS,CO,80534,,M10,2006,SB,ITEMIZED DISBURSEMENTS,,U,"",N,4102620061071010392,SB23-51-35-E,2006,C00371880
A,ADD,,,,BRIAN PHILLIP,H4CA49032,BILBRAY,,"BILBRAY, BRIAN P",H,HOUSE,50,CA,CALIFORNIA ,,,011,Political Contributions,,C00427401,,,,,,,1000.0,2006-09-25,POLITICAL CONTRIBUTION:,CONTRIBUTIONS,24K,CONTRIBUTION MADE TO NON-AFFILIATED,,,ORG,ORGANIZATION,,,245234,F3X,26940455084,23,Contributions to Federal Candidates/Committees and Other Political Committees,4101720061070213323,2017-06-01T16:18:11.595379,,,,false,,,,,,,,,,http://docquery.fec.gov/cgi-bin/fecimg/?26940455084,CARLSBAD,C00300830,BRIAN BILBRAY FOR CONGRESS,CA,92009,,M10,2006,SB,ITEMIZED DISBURSEMENTS,,U,"",N,4102620061071010391,SB23-49-34-E,2006,C00300830
A,ADD,,,,ROBERT CANNON,H8NC08042,HAYES,,"HAYES, ROBERT C (ROBIN)",H,HOUSE,08,NC,NORTH CAROLINA,,,011,Political Contributions,,C00427401,,,,,,,2000.0,2006-09-21,POLITICAL CONTRIBUTION:,CONTRIBUTIONS,24K,CONTRIBUTION MADE TO NON-AFFILIATED,,,ORG,ORGANIZATION,,,245234,F3X,26940455084,23,Contributions to Federal Candidates/Committees and Other Political Committees,4101720061070213323,2017-06-01T16:18:11.595379,,,,false,,,,,,,,,,http://docquery.fec.gov/cgi-bin/fecimg/?26940455084,CONCORD,C00331256,HAYES FOR CONGRESS,NC,28026,,M10,2006,SB,ITEMIZED DISBURSEMENTS,,U,"",N,4102620061071010390,SB23-24-18-E,2006,C00331256
A,ADD,,,,PATRICK J.,H0OH12062,TIBERI,,"TIBERI, PATRICK J",H,HOUSE,12,OH,OHIO,,,011,Political Contributions,,C00427401,,,,,,,1000.0,2006-09-21,POLITICAL CONTRIBUTION:,CONTRIBUTIONS,24K,CONTRIBUTION MADE TO NON-AFFILIATED,,,ORG,ORGANIZATION,,,245234,F3X,26940455083,23,Contributions to Federal Candidates/Committees and Other Political Committees,4101720061070213323,2017-06-01T16:18:11.595379,,,,false,,,,,,,,,,http://docquery.fec.gov/cgi-bin/fecimg/?26940455083,COLUMBUS,C00347492,TIBERI FOR CONGRESS,OH,43229,,M10,2006,SB,ITEMIZED DISBURSEMENTS,,U,"",N,4102620061071010389,SB23-22-17-E,2006,C00347492
A,ADD,,,,THELMA,H4VA02037,DRAKE,,"DRAKE, THELMA D",H,HOUSE,02,VA,VIRGINIA ,,,011,Political Contributions,,C00427401,,,,,,,1000.0,2006-09-21,POLITICAL CONTRIBUTION:,CONTRIBUTIONS,24K,CONTRIBUTION MADE TO NON-AFFILIATED,,,ORG,ORGANIZATION,,,245234,F3X,26940455083,23,Contributions to Federal Candidates/Committees and Other Political Committees,4101720061070213323,2017-06-01T16:18:11.595379,,,,false,,,,,,,,,,http://docquery.fec.gov/cgi-bin/fecimg/?26940455083,VIRGINIA BEACH,C00405696,THELMA DRAKE FOR CONGRESS,VA,23466,,M10,2006,SB,ITEMIZED DISBURSEMENTS,,U,"",N,4102620061071010388,SB23-20-16-E,2006,C00405696
A,ADD,,,,,,,,,,,,,,,,001,Administrative/Salary/Overhead Expenses ,,C00427401,,,,,,,150.0,2006-09-13,PAC SOFTWARE SERVICE,OTHER,,,,,ORG,ORGANIZATION,,,245234,F3X,26940455082,21B,Other Federal Operating Expenditures,4101720061070213323,2017-06-01T16:18:11.595379,,,,false,,,,,,,,,,http://docquery.fec.gov/cgi-bin/fecimg/?26940455082,SAN DIEGO,,COMPLETE CAMPAIGNS,CA,92102,,M10,2006,SB,ITEMIZED DISBURSEMENTS,,U,"",N,4102620061071010386,SB21B-10-15-E,2006,
A,ADD,,,,,,,,,,,,,,,,001,Administrative/Salary/Overhead Expenses ,,C00427401,,,,,,,77.01,2006-09-11,PAC EXPRESS MAIL,OTHER,,,,,ORG,ORGANIZATION,,,245234,F3X,26940455082,21B,Other Federal Operating Expenditures,4101720061070213323,2017-06-01T16:18:11.595379,,,,false,,,,,,,,,,http://docquery.fec.gov/cgi-bin/fecimg/?26940455082,BETHESDA,,"TALENT PAYMASTER, INC.",MD,20814,,M10,2006,SB,ITEMIZED DISBURSEMENTS,,U,"",N,4102620061071010385,SB21B-9-8-E,2006,
A,ADD,,,,HEATHER A,H8NM01174,WILSON,,"WILSON, HEATHER A.",H,HOUSE,01,NM,NEW MEXICO,,,011,Political Contributions,,C00427401,,,,,,,1000.0,2006-08-31,POLITICAL CONTRIBUTION:,CONTRIBUTIONS,24K,CONTRIBUTION MADE TO NON-AFFILIATED,,,ORG,ORGANIZATION,,,238690,F3X,26960368989,23,Contributions to Federal Candidates/Committees and Other Political Committees,4091920061069411397,2017-06-01T16:18:11.595379,,,,false,,,,,,,,,,http://docquery.fec.gov/cgi-bin/fecimg/?26960368989,ALBUQUERQUE,C00334060,HEATHER WILSON FOR CONGRESS,NM,87191,,M9,2006,SB,ITEMIZED DISBURSEMENTS,,U,"",N,4092020061069469463,SB23-11-6-E,2006,C00334060
A,ADD,,,,,,,,,,,,,,,,001,Administrative/Salary/Overhead Expenses ,,C00427401,,,,,,,658.42,2006-08-31,PAC BOOKKEEPING CONSULTING,OTHER,,,,,ORG,ORGANIZATION,,,238690,F3X,26960368988,21B,Other Federal Operating Expenditures,4091920061069411397,2017-06-01T16:18:11.595379,,,,false,,,,,,,,,,http://docquery.fec.gov/cgi-bin/fecimg/?26960368988,BETHESDA,,"TALENT PAYMASTER, INC.",MD,20814,,M9,2006,SB,ITEMIZED DISBURSEMENTS,,U,"",N,4092020061069469462,SB21B-9-4-E,2006,
