amendment_indicator,amendment_indicator_desc,back_reference_schedule_id,back_reference_transaction_id,beneficiary_committee_name,candidate_first_name,candidate_id,candidate_last_name,candidate_middle_name,candidate_name,candidate_office,candidate_office_description,candidate_office_district,candidate_office_state,candidate_office_state_full,candidate_prefix,candidate_suffix,category_code,category_code_full,comm_dt,committee_id,conduit_committee_city,conduit_committee_name,conduit_committee_state,conduit_committee_street1,conduit_committee_street2,conduit_committee_zip,disbursement_amount,disbursement_date,disbursement_description,disbursement_purpose_category,disbursement_type,disbursement_type_description,election_type,election_type_full,entity_type,entity_type_desc,fec_election_type_desc,fec_election_year,file_number,filing_form,image_number,line_number,line_number_label,link_id,load_date,memo_code,memo_code_full,memo_text,memoed_subtotal,national_committee_nonfederal_account,original_sub_id,payee_employer,payee_first_name,payee_last_name,payee_middle_name,payee_occupation,payee_prefix,payee_suffix,pdf_url,recipient_city,recipient_committee_id,recipient_name,recipient_state,recipient_zip,ref_disp_excess_flg,report_type,report_year,schedule_type,schedule_type_full,semi_annual_bundled_refund,spender_committee_designation,spender_committee_org_type,spender_committee_type,sub_id,transaction_id,two_year_transaction_period,unused_recipient_committee_id
A,ADD,,,,,,,,,,,,,,,,001,Administrative/Salary/Overhead Expenses ,,C00857649,,,,,,,7797.64,2026-06-25,COMPLIANCE CONSULTING,OTHER,,,,,ORG,ORGANIZATION,,,1994542,F3X,202607159875298145,21B,Other Federal Operating Expenditures,4071520261534066208,2026-07-28T02:51:30,,,,false,,,,,,,,,,https://docquery.fec.gov/cgi-bin/fecimg/?202607159875298145,BETHESDA,,CFS COMPLIANCE,MD,20824,,Q2,2026,SB,ITEMIZED DISBURSEMENTS,0.00,J,,N,4072720261538830452,B1B8C3E145FE34F23942,2026,
A,ADD,,,,,,,,,,,,,,,,003,Solicitation and Fundraising Expenses ,,C00857649,,,,,,,1000.0,2026-06-24,FUNDRAISING CONSULTING,OTHER,,,,,IND,INDIVIDUAL,,,1994542,F3X,202607159875298144,21B,Other Federal Operating Expenditures,4071520261534066208,2026-07-28T02:51:30,,,,false,,,,CAROLINE,BRENNAN,,,,,https://docquery.fec.gov/cgi-bin/fecimg/?202607159875298144,MIDLAND,,"BRENNAN, CAROLINE",TX,797071426,,Q2,2026,SB,ITEMIZED DISBURSEMENTS,0.00,J,,N,4072720261538830449,B75186E36B5314E84B8C,2026,
A,ADD,,,,,,,,,,,,,,,,003,Solicitation and Fundraising Expenses ,,C00857649,,,,,,,-1000.0,2026-06-24,VOID FUNDRAISING CONSULTING FROM 6/5/2026 LOST CHECK REISSUED 6/24,OTHER,,,,,IND,INDIVIDUAL,,,1994542,F3X,202607159875298144,21B,Other Federal Operating Expenditures,4071520261534066208,2026-07-28T02:51:30,,,,false,,,,CAROLINE,BRENNAN,,,,,https://docquery.fec.gov/cgi-bin/fecimg/?202607159875298144,MIDLAND,,"BRENNAN, CAROLINE",TX,797071426,,Q2,2026,SB,ITEMIZED DISBURSEMENTS,0.00,J,,N,4072720261538830448,BF7F9717BD4EF4EABB53,2026,
A,ADD,,,,,,,,,,,,,,,,003,Solicitation and Fundraising Expenses ,,C00857649,,,,,,,1000.0,2026-06-24,FUNDRAISING CONSULTING,OTHER,,,,,IND,INDIVIDUAL,,,1994542,F3X,202607159875298144,21B,Other Federal Operating Expenditures,4071520261534066208,2026-07-28T02:51:30,,,,false,,,,CAROLINE,BRENNAN,,,,,https://docquery.fec.gov/cgi-bin/fecimg/?202607159875298144,MIDLAND,,"BRENNAN, CAROLINE",TX,797071426,,Q2,2026,SB,ITEMIZED DISBURSEMENTS,0.00,J,,N,4072720261538830447,B8A914FF4B13A4BC8A4A,2026,
A,ADD,,,RAPTOR PAC,,,,,,,,,,,,,008,Transfers,,C00857649,,,,,,,23730.01,2026-06-17,TRANSFER OF JOINT FUNDRAISING PROCEEDS,TRANSFERS,24G,TRANSFER OUT AFFILIATED,P,,PAC,POLITICAL ACTION COMMITTEE,PRIMARY,,1994542,F3X,202607159875298154,22,Transfers to Affiliated/Other Party Committees,4071520261534066208,2026-07-28T02:51:30,,,,false,,,,,,,,,,https://docquery.fec.gov/cgi-bin/fecimg/?202607159875298154,MIDLAND,C00749481,RAPTOR PAC,TX,797044864,,Q2,2026,SB,ITEMIZED DISBURSEMENTS,0.00,J,,N,4072720261538830478,B6699FE2FAA24495FB1C,2026,C00749481
A,ADD,,,HOUSE CONSERVATIVES FUND,,,,,,,,,,,,,008,Transfers,,C00857649,,,,,,,4746.0,2026-06-17,TRANSFER OF JOINT FUNDRAISING PROCEEDS,TRANSFERS,24G,TRANSFER OUT AFFILIATED,P,,PAC,POLITICAL ACTION COMMITTEE,PRIMARY,,1994542,F3X,202607159875298149,22,Transfers to Affiliated/Other Party Committees,4071520261534066208,2026-07-28T02:51:30,,,,false,,,,,,,,,,https://docquery.fec.gov/cgi-bin/fecimg/?202607159875298149,BETHESDA,C00326439,HOUSE CONSERVATIVES FUND,MD,20824,,Q2,2026,SB,ITEMIZED DISBURSEMENTS,0.00,J,,N,4072720261538830462,BEB0E2539FCD44E47B53,2026,C00326439
A,ADD,,,CONSERVATIVES FOR AMERICA PAC,,,,,,,,,,,,,008,Transfers,,C00857649,,,,,,,4746.0,2026-06-17,TRANSFER OF JOINT FUNDRAISING PROCEEDS,TRANSFERS,24G,TRANSFER OUT AFFILIATED,P,,PAC,POLITICAL ACTION COMMITTEE,PRIMARY,,1994542,F3X,202607159875298147,22,Transfers to Affiliated/Other Party Committees,4071520261534066208,2026-07-28T02:51:30,,,,false,,,,,,,,,,https://docquery.fec.gov/cgi-bin/fecimg/?202607159875298147,BETHESDA,C00893263,CONSERVATIVES FOR AMERICA PAC,MD,208240844,,Q2,2026,SB,ITEMIZED DISBURSEMENTS,0.00,J,,N,4072720261538830458,B76A1E6AAB12545CF9FC,2026,C00893263
A,ADD,,,AUGUST PFLUGER FOR CONGRESS,AUGUST,H0TX11230,PFLUGER,LEE,"PFLUGER, AUGUST LEE",H,HOUSE,11,TX,TEXAS,,,008,Transfers,,C00857649,,,,,,,16611.01,2026-06-17,TRANSFER OF JOINT FUNDRAISING PROCEEDS,TRANSFERS,24G,TRANSFER OUT AFFILIATED,P,,CCM,CAMPAIGN COMMITTEE,PRIMARY,,1994542,F3X,202607159875298146,22,Transfers to Affiliated/Other Party Committees,4071520261534066208,2026-07-28T02:51:30,,,,false,,,,,,,,,,https://docquery.fec.gov/cgi-bin/fecimg/?202607159875298146,SAN ANGELO,C00719294,AUGUST PFLUGER FOR CONGRESS,TX,76902,,Q2,2026,SB,ITEMIZED DISBURSEMENTS,0.00,J,,N,4072720261538830455,BFA259D00ACC943AB9A0,2026,C00719294
A,ADD,,,VAN ORDEN FOR CONGRESS,DERRICK F. MR.,H0WI03175,VAN ORDEN,,"VAN ORDEN, DERRICK F. MR.",H,HOUSE,03,WI,WISCONSIN,,,008,Transfers,,C00857649,,,,,,,5220.6,2026-06-08,TRANSFER OF NET PROCEEDS,TRANSFERS,24G,TRANSFER OUT AFFILIATED,P,,CCM,CAMPAIGN COMMITTEE,PRIMARY,,1994542,F3X,202607159875298156,22,Transfers to Affiliated/Other Party Committees,4071520261534066208,2026-07-28T02:51:30,,,,false,,,,,,,,,,https://docquery.fec.gov/cgi-bin/fecimg/?202607159875298156,LA CROSSE,C00742007,VAN ORDEN FOR CONGRESS,WI,546021836,,Q2,2026,SB,ITEMIZED DISBURSEMENTS,0.00,J,,N,4072720261538830485,B383F62C082A440B9916,2026,C00742007
A,ADD,,,VALADAO FOR CONGRESS,DAVID,H2CA20094,VALADAO,,"VALADAO, DAVID",H,HOUSE,22,CA,CALIFORNIA,,,008,Transfers,,C00857649,,,,,,,2847.6,2026-06-08,TRANSFER OF NET PROCEEDS,TRANSFERS,24G,TRANSFER OUT AFFILIATED,P,,CCM,CAMPAIGN COMMITTEE,PRIMARY,,1994542,F3X,202607159875298156,22,Transfers to Affiliated/Other Party Committees,4071520261534066208,2026-07-28T02:51:30,,,,false,,,,,,,,,,https://docquery.fec.gov/cgi-bin/fecimg/?202607159875298156,FRESNO,C00499392,VALADAO FOR CONGRESS,CA,937042236,,Q2,2026,SB,ITEMIZED DISBURSEMENTS,0.00,J,,N,4072720261538830484,BCEBC52C5EB514672B73,2026,C00499392
A,ADD,,,TOM BARRETT FOR CONGRESS,THOMAS,H2MI07123,BARRETT,MORE,"BARRETT, THOMAS MORE",H,HOUSE,07,MI,MICHIGAN,,,008,Transfers,,C00857649,,,,,,,5220.6,2026-06-08,TRANSFER OF NET PROCEEDS,TRANSFERS,24G,TRANSFER OUT AFFILIATED,P,,CCM,CAMPAIGN COMMITTEE,PRIMARY,,1994542,F3X,202607159875298156,22,Transfers to Affiliated/Other Party Committees,4071520261534066208,2026-07-28T02:51:30,,,,false,,,,,,,,,,https://docquery.fec.gov/cgi-bin/fecimg/?202607159875298156,LANSING,C00793976,TOM BARRETT FOR CONGRESS,MI,489015221,,Q2,2026,SB,ITEMIZED DISBURSEMENTS,0.00,J,,N,4072720261538830483,B0956F5CB81444996B4F,2026,C00793976
A,ADD,,,"STEIL FOR WISCONSIN, INC.",BRYAN,H8WI01156,STEIL,GEORGE,"STEIL, BRYAN GEORGE",H,HOUSE,01,WI,WISCONSIN,,,008,Transfers,,C00857649,,,,,,,7119.0,2026-06-08,TRANSFER OF NET PROCEEDS,TRANSFERS,24G,TRANSFER OUT AFFILIATED,P,,CCM,CAMPAIGN COMMITTEE,PRIMARY,,1994542,F3X,202607159875298155,22,Transfers to Affiliated/Other Party Committees,4071520261534066208,2026-07-28T02:51:30,,,,false,,,,,,,,,,https://docquery.fec.gov/cgi-bin/fecimg/?202607159875298155,OAK CREEK,C00677286,"STEIL FOR WISCONSIN, INC.",WI,53154,,Q2,2026,SB,ITEMIZED DISBURSEMENTS,0.00,J,,N,4072720261538830482,BF81216C540D249F4A9F,2026,C00677286
A,ADD,,,SALAZAR FOR CONGRESS,MARIA,H8FL27185,SALAZAR,ELVIRA,"SALAZAR, MARIA ELVIRA",H,HOUSE,27,FL,FLORIDA,,,008,Transfers,,C00857649,,,,,,,7308.84,2026-06-08,TRANSFER OF NET PROCEEDS,TRANSFERS,24G,TRANSFER OUT AFFILIATED,P,,CCM,CAMPAIGN COMMITTEE,PRIMARY,,1994542,F3X,202607159875298155,22,Transfers to Affiliated/Other Party Committees,4071520261534066208,2026-07-28T02:51:30,,,,false,,,,,,,,,,https://docquery.fec.gov/cgi-bin/fecimg/?202607159875298155,CORAL GABLES,C00714261,SALAZAR FOR CONGRESS,FL,331341601,,Q2,2026,SB,ITEMIZED DISBURSEMENTS,0.00,J,,N,4072720261538830481,B2E0A164EF82D4A94A69,2026,C00714261
A,ADD,,,ROB WITTMAN FOR CONGRESS,ROBERT J.,H8VA01147,WITTMAN,MR.,"WITTMAN, ROBERT J. MR.",H,HOUSE,01,VA,VIRGINIA,,,008,Transfers,,C00857649,,,,,,,7308.84,2026-06-08,TRANSFER OF NET PROCEEDS,TRANSFERS,24G,TRANSFER OUT AFFILIATED,P,,CCM,CAMPAIGN COMMITTEE,PRIMARY,,1994542,F3X,202607159875298155,22,Transfers to Affiliated/Other Party Committees,4071520261534066208,2026-07-28T02:51:30,,,,false,,,,,,,,,,https://docquery.fec.gov/cgi-bin/fecimg/?202607159875298155,ALEXANDRIA,C00441014,ROB WITTMAN FOR CONGRESS,VA,223130427,,Q2,2026,SB,ITEMIZED DISBURSEMENTS,0.00,J,,N,4072720261538830480,BAD7E73049326420C8B9,2026,C00441014
A,ADD,,,ROB FOR PA,ROB,H4PA08124,BRESNAHAN,,"BRESNAHAN, ROB",H,HOUSE,08,PA,PENNSYLVANIA,,,008,Transfers,,C00857649,,,,,,,5220.6,2026-06-08,TRANSFER OF NET PROCEEDS,TRANSFERS,24G,TRANSFER OUT AFFILIATED,P,,CCM,CAMPAIGN COMMITTEE,PRIMARY,,1994542,F3X,202607159875298154,22,Transfers to Affiliated/Other Party Committees,4071520261534066208,2026-07-28T02:51:30,,,,false,,,,,,,,,,https://docquery.fec.gov/cgi-bin/fecimg/?202607159875298154,PITTSTON,C00852137,ROB FOR PA,PA,186406228,,Q2,2026,SB,ITEMIZED DISBURSEMENTS,0.00,J,,N,4072720261538830479,BAEAC937DC0F04551906,2026,C00852137
A,ADD,,,PATRIOTS FOR PERRY,SCOTT,H2PA04135,PERRY,,"PERRY, SCOTT",H,HOUSE,10,PA,PENNSYLVANIA,,,008,Transfers,,C00857649,,,,,,,7119.0,2026-06-08,TRANSFER OF NET PROCEEDS,TRANSFERS,24G,TRANSFER OUT AFFILIATED,P,,CCM,CAMPAIGN COMMITTEE,PRIMARY,,1994542,F3X,202607159875298154,22,Transfers to Affiliated/Other Party Committees,4071520261534066208,2026-07-28T02:51:30,,,,false,,,,,,,,,,https://docquery.fec.gov/cgi-bin/fecimg/?202607159875298154,HARRISBURG,C00510164,PATRIOTS FOR PERRY,PA,171121020,,Q2,2026,SB,ITEMIZED DISBURSEMENTS,0.00,J,,N,4072720261538830477,B02CCD6914E364D87AA4,2026,C00510164
A,ADD,,,NICOLE FOR NEW YORK,NICOLE,H0NY11078,MALLIOTAKIS,,"MALLIOTAKIS, NICOLE",H,HOUSE,11,NY,NEW YORK,,,008,Transfers,,C00857649,,,,,,,8542.81,2026-06-08,TRANSFER OF NET PROCEEDS,TRANSFERS,24G,TRANSFER OUT AFFILIATED,P,,CCM,CAMPAIGN COMMITTEE,PRIMARY,,1994542,F3X,202607159875298153,22,Transfers to Affiliated/Other Party Committees,4071520261534066208,2026-07-28T02:51:30,,,,false,,,,,,,,,,https://docquery.fec.gov/cgi-bin/fecimg/?202607159875298153,STATEN ISLAND,C00694778,NICOLE FOR NEW YORK,NY,10306,,Q2,2026,SB,ITEMIZED DISBURSEMENTS,0.00,J,,N,4072720261538830476,B93050B836CED407CB0F,2026,C00694778
A,ADD,,,MONICA FOR CONGRESS,MONICA,H0TX15124,DE LA CRUZ HERNANDEZ,,"DE LA CRUZ HERNANDEZ, MONICA",H,HOUSE,15,TX,TEXAS,,,008,Transfers,,C00857649,,,,,,,6569.78,2026-06-08,TRANSFER OF NET PROCEEDS,TRANSFERS,24G,TRANSFER OUT AFFILIATED,P,,CCM,CAMPAIGN COMMITTEE,PRIMARY,,1994542,F3X,202607159875298153,22,Transfers to Affiliated/Other Party Committees,4071520261534066208,2026-07-28T02:51:30,,,,false,,,,,,,,,,https://docquery.fec.gov/cgi-bin/fecimg/?202607159875298153,MCALLEN,C00765719,MONICA FOR CONGRESS,TX,785024605,,Q2,2026,SB,ITEMIZED DISBURSEMENTS,0.00,J,,N,4072720261538830475,BA3E2CB1309804A6FB7C,2026,C00765719
A,ADD,,,MILLER-MEEKS FOR CONGRESS,MARIANNETTE,H0IA02180,MILLER-MEEKS,JANE,"MILLER-MEEKS, MARIANNETTE JANE",H,HOUSE,02,IA,IOWA,,,008,Transfers,,C00857649,,,,,,,5220.6,2026-06-08,TRANSFER OF NET PROCEEDS,TRANSFERS,24G,TRANSFER OUT AFFILIATED,P,,CCM,CAMPAIGN COMMITTEE,PRIMARY,,1994542,F3X,202607159875298153,22,Transfers to Affiliated/Other Party Committees,4071520261534066208,2026-07-28T02:51:30,,,,false,,,,,,,,,,https://docquery.fec.gov/cgi-bin/fecimg/?202607159875298153,OTTUMWA,C00558825,MILLER-MEEKS FOR CONGRESS,IA,52501,,Q2,2026,SB,ITEMIZED DISBURSEMENTS,0.00,J,,N,4072720261538830474,BD877E213D3BD4035B8F,2026,C00558825
A,ADD,,,MCGUIRE FOR VIRGINIA,JOHN,H4VA05071,MCGUIRE,,"MCGUIRE, JOHN",H,HOUSE,05,VA,VIRGINIA,,,008,Transfers,,C00857649,,,,,,,7308.84,2026-06-08,TRANSFER OF NET PROCEEDS,TRANSFERS,24G,TRANSFER OUT AFFILIATED,P,,CCM,CAMPAIGN COMMITTEE,PRIMARY,,1994542,F3X,202607159875298152,22,Transfers to Affiliated/Other Party Committees,4071520261534066208,2026-07-28T02:51:30,,,,false,,,,,,,,,,https://docquery.fec.gov/cgi-bin/fecimg/?202607159875298152,MANAKIN SABOT,C00856831,MCGUIRE FOR VIRGINIA,VA,231030242,,Q2,2026,SB,ITEMIZED DISBURSEMENTS,0.00,J,,N,4072720261538830473,B1DEABAD9670342D2B4C,2026,C00856831
A,ADD,,,MACKENZIE FOR CONGRESS COMMITTEE,RYAN,H8PA15195,MACKENZIE,EDWARD,"MACKENZIE, RYAN EDWARD",H,HOUSE,07,PA,PENNSYLVANIA,,,008,Transfers,,C00857649,,,,,,,5220.6,2026-06-08,TRANSFER OF NET PROCEEDS,TRANSFERS,24G,TRANSFER OUT AFFILIATED,P,,CCM,CAMPAIGN COMMITTEE,PRIMARY,,1994542,F3X,202607159875298152,22,Transfers to Affiliated/Other Party Committees,4071520261534066208,2026-07-28T02:51:30,,,,false,,,,,,,,,,https://docquery.fec.gov/cgi-bin/fecimg/?202607159875298152,EMMAUS,C00846501,MACKENZIE FOR CONGRESS COMMITTEE,PA,180490747,,Q2,2026,SB,ITEMIZED DISBURSEMENTS,0.00,J,,N,4072720261538830472,B07CD5D14682946A09EA,2026,C00846501
A,ADD,,,LALOTA FOR CONGRESS,LALOTA,H2NY01190,NICK,,"NICK, LALOTA",H,HOUSE,01,NY,NEW YORK,,,008,Transfers,,C00857649,,,,,,,7783.44,2026-06-08,TRANSFER OF NET PROCEEDS,TRANSFERS,24G,TRANSFER OUT AFFILIATED,P,,CCM,CAMPAIGN COMMITTEE,PRIMARY,,1994542,F3X,202607159875298152,22,Transfers to Affiliated/Other Party Committees,4071520261534066208,2026-07-28T02:51:30,,,,false,,,,,,,,,,https://docquery.fec.gov/cgi-bin/fecimg/?202607159875298152,HAUPPAUGE,C00806018,LALOTA FOR CONGRESS,NY,117880155,,Q2,2026,SB,ITEMIZED DISBURSEMENTS,0.00,J,,N,4072720261538830471,BBDCB27C31C8549BBB3F,2026,C00806018
A,ADD,,,KING-HINDS FOR CONGRESS,KIMBERLYN,H4MP01022,KING-HINDS,KAY,"KING-HINDS, KIMBERLYN KAY",H,HOUSE,01,MP,NORTHERN MARIANA ISL,,,008,Transfers,,C00857649,,,,,,,2847.6,2026-06-08,TRANSFER OF NET PROCEEDS,TRANSFERS,24G,TRANSFER OUT AFFILIATED,P,,CCM,CAMPAIGN COMMITTEE,PRIMARY,,1994542,F3X,202607159875298151,22,Transfers to Affiliated/Other Party Committees,4071520261534066208,2026-07-28T02:51:30,,,,false,,,,,,,,,,https://docquery.fec.gov/cgi-bin/fecimg/?202607159875298151,TINIAN,C00873554,KING-HINDS FOR CONGRESS,MP,969520064,,Q2,2026,SB,ITEMIZED DISBURSEMENTS,0.00,J,,N,4072720261538830470,BFF0EC3B3A20F4A6D822,2026,C00873554
A,ADD,,,KIGGANS FOR CONGRESS,JENNIFER,H2VA02064,KIGGANS,,"KIGGANS, JENNIFER",H,HOUSE,02,VA,VIRGINIA,,,008,Transfers,,C00857649,,,,,,,5220.6,2026-06-08,TRANSFER OF NET PROCEEDS,TRANSFERS,24G,TRANSFER OUT AFFILIATED,P,,CCM,CAMPAIGN COMMITTEE,PRIMARY,,1994542,F3X,202607159875298151,22,Transfers to Affiliated/Other Party Committees,4071520261534066208,2026-07-28T02:51:30,,,,false,,,,,,,,,,https://docquery.fec.gov/cgi-bin/fecimg/?202607159875298151,VIRGINIA BEACH,C00776120,KIGGANS FOR CONGRESS,VA,234710042,,Q2,2026,SB,ITEMIZED DISBURSEMENTS,0.00,J,,N,4072720261538830469,BF9FE1EBE77C5468F91C,2026,C00776120
A,ADD,,,JEFF HURD FOR CONGRESS,JEFFREY,H4CO03357,HURD,,"HURD, JEFFREY",H,HOUSE,03,CO,COLORADO,,,008,Transfers,,C00857649,,,,,,,6834.24,2026-06-08,TRANSFER OF NET PROCEEDS,TRANSFERS,24G,TRANSFER OUT AFFILIATED,P,,CCM,CAMPAIGN COMMITTEE,PRIMARY,,1994542,F3X,202607159875298151,22,Transfers to Affiliated/Other Party Committees,4071520261534066208,2026-07-28T02:51:30,,,,false,,,,,,,,,,https://docquery.fec.gov/cgi-bin/fecimg/?202607159875298151,GRAND JUNCTION,C00848333,JEFF HURD FOR CONGRESS,CO,815068815,,Q2,2026,SB,ITEMIZED DISBURSEMENTS,0.00,J,,N,4072720261538830468,B740F05F724C34F17ACC,2026,C00848333
A,ADD,,,JEFF CRANK FOR CONGRESS,JEFF,H6CO05142,CRANK,,"CRANK, JEFF",H,HOUSE,05,CO,COLORADO,,,008,Transfers,,C00857649,,,,,,,7119.0,2026-06-08,TRANSFER OF NET PROCEEDS,TRANSFERS,24G,TRANSFER OUT AFFILIATED,P,,CCM,CAMPAIGN COMMITTEE,PRIMARY,,1994542,F3X,202607159875298150,22,Transfers to Affiliated/Other Party Committees,4071520261534066208,2026-07-28T02:51:30,,,,false,,,,,,,,,,https://docquery.fec.gov/cgi-bin/fecimg/?202607159875298150,COLORADO SPRINGS,C00865592,JEFF CRANK FOR CONGRESS,CO,809207833,,Q2,2026,SB,ITEMIZED DISBURSEMENTS,0.00,J,,N,4072720261538830467,B217597D6C80A4927ACE,2026,C00865592
A,ADD,,,JAY OBERNOLTE FOR CONGRESS,JAY,H0CA08135,OBERNOLTE,,"OBERNOLTE, JAY",H,HOUSE,23,CA,CALIFORNIA,,,008,Transfers,,C00857649,,,,,,,2847.6,2026-06-08,TRANSFER OF NET PROCEEDS,TRANSFERS,24G,TRANSFER OUT AFFILIATED,P,,CCM,CAMPAIGN COMMITTEE,PRIMARY,,1994542,F3X,202607159875298150,22,Transfers to Affiliated/Other Party Committees,4071520261534066208,2026-07-28T02:51:30,,,,false,,,,,,,,,,https://docquery.fec.gov/cgi-bin/fecimg/?202607159875298150,ATHENS,C00720078,JAY OBERNOLTE FOR CONGRESS,GA,30605,,Q2,2026,SB,ITEMIZED DISBURSEMENTS,0.00,J,,N,4072720261538830466,B03286B43AA6946829AA,2026,C00720078
A,ADD,,,JAMES MOYLAN FOR CONGRESS,JAMES,H2GU01031,MOYLAN,C.,"MOYLAN, JAMES C.",H,HOUSE,00,GU,GUAM,,,008,Transfers,,C00857649,,,,,,,2847.6,2026-06-08,TRANSFER OF NET PROCEEDS,TRANSFERS,24G,TRANSFER OUT AFFILIATED,P,,CCM,CAMPAIGN COMMITTEE,PRIMARY,,1994542,F3X,202607159875298150,22,Transfers to Affiliated/Other Party Committees,4071520261534066208,2026-07-28T02:51:30,,,,false,,,,,,,,,,https://docquery.fec.gov/cgi-bin/fecimg/?202607159875298150,TAMUNING,C00809343,JAMES MOYLAN FOR CONGRESS,GU,96931,,Q2,2026,SB,ITEMIZED DISBURSEMENTS,0.00,J,,N,4072720261538830465,BF0A778049660425B91E,2026,C00809343
A,ADD,,,IOWANS FOR ZACH NUNN,ZACH,H2IA03119,NUNN,,"NUNN, ZACH",H,HOUSE,03,IA,IOWA,,,008,Transfers,,C00857649,,,,,,,5220.6,2026-06-08,TRANSFER OF NET PROCEEDS,TRANSFERS,24G,TRANSFER OUT AFFILIATED,P,,CCM,CAMPAIGN COMMITTEE,PRIMARY,,1994542,F3X,202607159875298149,22,Transfers to Affiliated/Other Party Committees,4071520261534066208,2026-07-28T02:51:30,,,,false,,,,,,,,,,https://docquery.fec.gov/cgi-bin/fecimg/?202607159875298149,DES MOINES,C00784389,IOWANS FOR ZACH NUNN,IA,50301,,Q2,2026,SB,ITEMIZED DISBURSEMENTS,0.00,J,,N,4072720261538830464,B882A7A736C134617896,2026,C00784389
A,ADD,,,HUIZENGA FOR CONGRESS,WILLIAM,H0MI02094,HUIZENGA,P,"HUIZENGA, WILLIAM P",H,HOUSE,04,MI,MICHIGAN,,,008,Transfers,,C00857649,,,,,,,7119.0,2026-06-08,TRANSFER OF NET PROCEEDS,TRANSFERS,24G,TRANSFER OUT AFFILIATED,P,,CCM,CAMPAIGN COMMITTEE,PRIMARY,,1994542,F3X,202607159875298149,22,Transfers to Affiliated/Other Party Committees,4071520261534066208,2026-07-28T02:51:30,,,,false,,,,,,,,,,https://docquery.fec.gov/cgi-bin/fecimg/?202607159875298149,HOLLAND,C00459297,HUIZENGA FOR CONGRESS,MI,49422,,Q2,2026,SB,ITEMIZED DISBURSEMENTS,0.00,J,,N,4072720261538830463,B8687178B562546E6B05,2026,C00459297
A,ADD,,,GARBARINO FOR CONGRESS,ANDREW,H0NY02234,GARBARINO,,"GARBARINO, ANDREW",H,HOUSE,02,NY,NEW YORK,,,008,Transfers,,C00857649,,,,,,,8542.81,2026-06-08,TRANSFER OF NET PROCEEDS,TRANSFERS,24G,TRANSFER OUT AFFILIATED,P,,CCM,CAMPAIGN COMMITTEE,PRIMARY,,1994542,F3X,202607159875298148,22,Transfers to Affiliated/Other Party Committees,4071520261534066208,2026-07-28T02:51:30,,,,false,,,,,,,,,,https://docquery.fec.gov/cgi-bin/fecimg/?202607159875298148,BAYPORT,C00729954,GARBARINO FOR CONGRESS,NY,11705,,Q2,2026,SB,ITEMIZED DISBURSEMENTS,0.00,J,,N,4072720261538830461,B713DAED06E794AB4A6D,2026,C00729954
A,ADD,,,FINSTAD FOR CONGRESS,BRAD,H2MN01223,FINSTAD,,"FINSTAD, BRAD",H,HOUSE,01,MN,MINNESOTA,,,008,Transfers,,C00857649,,,,,,,7119.0,2026-06-08,TRANSFER OF NET PROCEEDS,TRANSFERS,24G,TRANSFER OUT AFFILIATED,P,,CCM,CAMPAIGN COMMITTEE,PRIMARY,,1994542,F3X,202607159875298148,22,Transfers to Affiliated/Other Party Committees,4071520261534066208,2026-07-28T02:51:30,,,,false,,,,,,,,,,https://docquery.fec.gov/cgi-bin/fecimg/?202607159875298148,NEW ULM,C00807743,FINSTAD FOR CONGRESS,MN,560730923,,Q2,2026,SB,ITEMIZED DISBURSEMENTS,0.00,J,,N,4072720261538830460,B846BDF7604CA4685AC2,2026,C00807743
A,ADD,,,ELECTGABEEVANS.COM,TIMOTHY GABRIEL,H4CO08034,EVANS,JOSEPH,"EVANS, TIMOTHY GABRIEL JOSEPH",H,HOUSE,08,CO,COLORADO,,,008,Transfers,,C00857649,,,,,,,5220.6,2026-06-08,TRANSFER OF NET PROCEEDS,TRANSFERS,24G,TRANSFER OUT AFFILIATED,P,,CCM,CAMPAIGN COMMITTEE,PRIMARY,,1994542,F3X,202607159875298148,22,Transfers to Affiliated/Other Party Committees,4071520261534066208,2026-07-28T02:51:30,,,,false,,,,,,,,,,https://docquery.fec.gov/cgi-bin/fecimg/?202607159875298148,WESTMINSTER,C00849844,ELECTGABEEVANS.COM,CO,800350608,,Q2,2026,SB,ITEMIZED DISBURSEMENTS,0.00,J,,N,4072720261538830459,B1718FB943F254CC8B42,2026,C00849844
A,ADD,,,CISCOMANI FOR CONGRESS,JUAN,H2AZ02360,CISCOMANI,,"CISCOMANI, JUAN",H,HOUSE,06,AZ,ARIZONA,,,008,Transfers,,C00857649,,,,,,,5220.6,2026-06-08,TRANSFER OF NET PROCEEDS,TRANSFERS,24G,TRANSFER OUT AFFILIATED,P,,CCM,CAMPAIGN COMMITTEE,PRIMARY,,1994542,F3X,202607159875298147,22,Transfers to Affiliated/Other Party Committees,4071520261534066208,2026-07-28T02:51:30,,,,false,,,,,,,,,,https://docquery.fec.gov/cgi-bin/fecimg/?202607159875298147,TUCSON,C00786194,CISCOMANI FOR CONGRESS,AZ,857405103,,Q2,2026,SB,ITEMIZED DISBURSEMENTS,0.00,J,,N,4072720261538830457,B7999A001BBDC4E539BD,2026,C00786194
A,ADD,,,CHUCK EDWARDS FOR CONGRESS,CHUCK,H2NC14050,EDWARDS,,"EDWARDS, CHUCK",H,HOUSE,11,NC,NORTH CAROLINA,,,008,Transfers,,C00857649,,,,,,,3322.2,2026-06-08,TRANSFER OF NET PROCEEDS,TRANSFERS,24G,TRANSFER OUT AFFILIATED,P,,CCM,CAMPAIGN COMMITTEE,PRIMARY,,1994542,F3X,202607159875298147,22,Transfers to Affiliated/Other Party Committees,4071520261534066208,2026-07-28T02:51:30,,,,false,,,,,,,,,,https://docquery.fec.gov/cgi-bin/fecimg/?202607159875298147,HENDERSONVILLE,C00796433,CHUCK EDWARDS FOR CONGRESS,NC,287924902,,Q2,2026,SB,ITEMIZED DISBURSEMENTS,0.00,J,,N,4072720261538830456,BCBD8DB466BC34469B10,2026,C00796433
A,ADD,,,ANNA PAULINA LUNA FOR CONGRESS,ANNA,H0FL13158,PAULINA LUNA,,"PAULINA LUNA, ANNA",H,HOUSE,13,FL,FLORIDA,,,008,Transfers,,C00857649,,,,,,,8542.81,2026-06-08,TRANSFER OF NET PROCEEDS,TRANSFERS,24G,TRANSFER OUT AFFILIATED,P,,CCM,CAMPAIGN COMMITTEE,PRIMARY,,1994542,F3X,202607159875298146,22,Transfers to Affiliated/Other Party Committees,4071520261534066208,2026-07-28T02:51:30,,,,false,,,,,,,,,,https://docquery.fec.gov/cgi-bin/fecimg/?202607159875298146,SAINT PETERSBURG,C00718239,ANNA PAULINA LUNA FOR CONGRESS,FL,337022409,,Q2,2026,SB,ITEMIZED DISBURSEMENTS,0.00,J,,N,4072720261538830454,BE2A781803705455DB39,2026,C00718239
A,ADD,,,ALASKANS FOR NICK BEGICH,NICHOLAS,H2AK01083,BEGICH,III,"BEGICH, NICHOLAS III",H,HOUSE,00,AK,ALASKA,,,008,Transfers,,C00857649,,,,,,,7119.0,2026-06-08,TRANSFER OF NET PROCEEDS,TRANSFERS,24G,TRANSFER OUT AFFILIATED,P,,CCM,CAMPAIGN COMMITTEE,PRIMARY,,1994542,F3X,202607159875298146,22,Transfers to Affiliated/Other Party Committees,4071520261534066208,2026-07-28T02:51:30,,,,false,,,,,,,,,,https://docquery.fec.gov/cgi-bin/fecimg/?202607159875298146,CHUGIAK,C00792341,ALASKANS FOR NICK BEGICH,AK,995671710,,Q2,2026,SB,ITEMIZED DISBURSEMENTS,0.00,J,,N,4072720261538830453,BF322D78DE9E0421BB65,2026,C00792341
A,ADD,,,,,,,,,,,,,,,,003,Solicitation and Fundraising Expenses ,,C00857649,,,,,,,1000.0,2026-06-05,FUNDRAISING CONSULTING,OTHER,,,,,IND,INDIVIDUAL,,,1994542,F3X,202607159875298143,21B,Other Federal Operating Expenditures,4071520261534066208,2026-07-28T02:51:30,,,,false,,,,CAROLINE,BRENNAN,,,,,https://docquery.fec.gov/cgi-bin/fecimg/?202607159875298143,MIDLAND,,"BRENNAN, CAROLINE",TX,797071426,,Q2,2026,SB,ITEMIZED DISBURSEMENTS,0.00,J,,N,4072720261538830446,B67439B799BCD4A1DA94,2026,
A,ADD,,,,,,,,,,,,,,,,003,Solicitation and Fundraising Expenses ,,C00857649,,,,,,,-1000.0,2026-06-01,VOID FUNDRAISING CONSULTING FROM 2/26/2026 LOST CHECK REISSUED 6/5/2026,OTHER,,,,,IND,INDIVIDUAL,,,1994542,F3X,202607159875298143,21B,Other Federal Operating Expenditures,4071520261534066208,2026-07-28T02:51:30,,,,false,,,,CAROLINE,BRENNAN,,,,,https://docquery.fec.gov/cgi-bin/fecimg/?202607159875298143,MIDLAND,,"BRENNAN, CAROLINE",TX,797071426,,Q2,2026,SB,ITEMIZED DISBURSEMENTS,0.00,J,,N,4072720261538830445,BE5DDEFC816CC402B97E,2026,
A,ADD,,,,,,,,,,,,,,,,001,Administrative/Salary/Overhead Expenses ,,C00857649,,,,,,,772.5,2026-05-29,SOFTWARE,OTHER,,,,,ORG,ORGANIZATION,,,1994542,F3X,202607159875298141,21B,Other Federal Operating Expenditures,4071520261534066208,2026-07-28T02:51:30,,,,false,,,,,,,,,,https://docquery.fec.gov/cgi-bin/fecimg/?202607159875298141,WASHINGTON,,"ARISTOTLE INTERNATIONAL, INC.",DC,200031164,,Q2,2026,SB,ITEMIZED DISBURSEMENTS,0.00,J,,N,4072720261538830438,B15D250230CDD47F387A,2026,
A,ADD,,,,,,,,,,,,,,,,003,Solicitation and Fundraising Expenses ,,C00857649,,,,,,,1000.0,2026-05-20,FUNDRAISING CONSULTING,OTHER,,,,,IND,INDIVIDUAL,,,1994542,F3X,202607159875298143,21B,Other Federal Operating Expenditures,4071520261534066208,2026-07-28T02:51:30,,,,false,,,,CAROLINE,BRENNAN,,,,,https://docquery.fec.gov/cgi-bin/fecimg/?202607159875298143,MIDLAND,,"BRENNAN, CAROLINE",TX,797071426,,Q2,2026,SB,ITEMIZED DISBURSEMENTS,0.00,J,,N,4072720261538830444,BE182B381A6264B58A42,2026,
A,ADD,,,,,,,,,,,,,,,,001,Administrative/Salary/Overhead Expenses ,,C00857649,,,,,,,366.83,2026-05-08,COMPLIANCE CONSULTING,OTHER,,,,,ORG,ORGANIZATION,,,1994542,F3X,202607159875298145,21B,Other Federal Operating Expenditures,4071520261534066208,2026-07-28T02:51:30,,,,false,,,,,,,,,,https://docquery.fec.gov/cgi-bin/fecimg/?202607159875298145,BETHESDA,,CFS COMPLIANCE,MD,20824,,Q2,2026,SB,ITEMIZED DISBURSEMENTS,0.00,J,,N,4072720261538830451,B3FF382E912EE46F8AEE,2026,
A,ADD,,,,,,,,,,,,,,,,003,Solicitation and Fundraising Expenses ,,C00857649,,,,,,,2000.0,2026-05-04,FUNDRAISING CONSULTING,OTHER,,,,,IND,INDIVIDUAL,,,1994542,F3X,202607159875298142,21B,Other Federal Operating Expenditures,4071520261534066208,2026-07-28T02:51:30,,,,false,,,,CAROLINE,BRENNAN,,,,,https://docquery.fec.gov/cgi-bin/fecimg/?202607159875298142,MIDLAND,,"BRENNAN, CAROLINE",TX,797071426,,Q2,2026,SB,ITEMIZED DISBURSEMENTS,0.00,J,,N,4072720261538830443,BACE9AEEA8FB74B8783E,2026,
A,ADD,,,,,,,,,,,,,,,,003,Solicitation and Fundraising Expenses ,,C00857649,,,,,,,-2000.0,2026-04-29,VOID: FUNDRAISING CONSULTING FROM 1/26/2026 LOST CHECK REISSUED 5/4/2026,OTHER,,,,,IND,INDIVIDUAL,,,1994542,F3X,202607159875298142,21B,Other Federal Operating Expenditures,4071520261534066208,2026-07-28T02:51:30,,,,false,,,,CAROLINE,BRENNAN,,,,,https://docquery.fec.gov/cgi-bin/fecimg/?202607159875298142,MIDLAND,,"BRENNAN, CAROLINE",TX,797071426,,Q2,2026,SB,ITEMIZED DISBURSEMENTS,0.00,J,,N,4072720261538830442,BB20EF288553D461E98C,2026,
A,ADD,,,,,,,,,,,,,,,,003,Solicitation and Fundraising Expenses ,,C00857649,,,,,,,1000.0,2026-04-23,FUNDRAISING CONSULTING,OTHER,,,,,IND,INDIVIDUAL,,,1994542,F3X,202607159875298142,21B,Other Federal Operating Expenditures,4071520261534066208,2026-07-28T02:51:30,,,,false,,,,CAROLINE,BRENNAN,,,,,https://docquery.fec.gov/cgi-bin/fecimg/?202607159875298142,MIDLAND,,"BRENNAN, CAROLINE",TX,797071426,,Q2,2026,SB,ITEMIZED DISBURSEMENTS,0.00,J,,N,4072720261538830441,B5980E40C133B42E9B1C,2026,
A,ADD,,,,,,,,,,,,,,,,003,Solicitation and Fundraising Expenses ,,C00857649,,,,,,,16000.0,2026-04-13,FUNDRAISING CONSULTING,OTHER,,,,,IND,INDIVIDUAL,,,1994542,F3X,202607159875298141,21B,Other Federal Operating Expenditures,4071520261534066208,2026-07-28T02:51:30,,,,false,,,,CAROLINE,BRENNAN,,,,,https://docquery.fec.gov/cgi-bin/fecimg/?202607159875298141,MIDLAND,,"BRENNAN, CAROLINE",TX,797071426,,Q2,2026,SB,ITEMIZED DISBURSEMENTS,0.00,J,,N,4072720261538830440,B28C57062E62541CC8E9,2026,
A,ADD,,,,,,,,,,,,,,,,003,Solicitation and Fundraising Expenses ,,C00857649,,,,,,,-15000.0,2026-04-07,VOID FUNDRAISING CONSULTING FROM 12/31/2025 LOST CHECK REISSUED 4/13/2026,OTHER,,,,,IND,INDIVIDUAL,,,1994542,F3X,202607159875298141,21B,Other Federal Operating Expenditures,4071520261534066208,2026-07-28T02:51:30,,,,false,,,,CAROLINE,BRENNAN,,,,,https://docquery.fec.gov/cgi-bin/fecimg/?202607159875298141,MIDLAND,,"BRENNAN, CAROLINE",TX,797071426,,Q2,2026,SB,ITEMIZED DISBURSEMENTS,0.00,J,,N,4072720261538830439,BE28555520B674FCAA39,2026,
A,ADD,,,,,,,,,,,,,,,,001,Administrative/Salary/Overhead Expenses ,,C00857649,,,,,,,14883.0,2026-04-02,COMPLIANCE CONSULTING,OTHER,,,,,ORG,ORGANIZATION,,,1994542,F3X,202607159875298145,21B,Other Federal Operating Expenditures,4071520261534066208,2026-07-28T02:51:30,,,,false,,,,,,,,,,https://docquery.fec.gov/cgi-bin/fecimg/?202607159875298145,BETHESDA,,CFS COMPLIANCE,MD,20824,,Q2,2026,SB,ITEMIZED DISBURSEMENTS,0.00,J,,N,4072720261538830450,BE5416DD7752A4277A12,2026,
A,ADD,,,RAPTOR PAC,,,,,,,,,,,,,008,Transfers,,C00857649,,,,,,,9488.13,2026-03-26,TRANSFER OF NET PROCEEDS,TRANSFERS,24G,TRANSFER OUT AFFILIATED,P,,PAC,POLITICAL ACTION COMMITTEE,PRIMARY,,1964520,F3X,202604159857644082,22,Transfers to Affiliated/Other Party Committees,4041520261435734296,2026-05-08T02:51:29,,,,false,,,,,,,,,,https://docquery.fec.gov/cgi-bin/fecimg/?202604159857644082,MIDLAND,C00749481,RAPTOR PAC,TX,797044864,,Q1,2026,SB,ITEMIZED DISBURSEMENTS,0.00,J,,N,4050720261509791469,B2396DE608D414453A26,2026,C00749481
A,ADD,,,MONICA FOR CONGRESS,MONICA,H0TX15124,DE LA CRUZ HERNANDEZ,,"DE LA CRUZ HERNANDEZ, MONICA",H,HOUSE,15,TX,TEXAS,,,008,Transfers,,C00857649,,,,,,,5490.32,2026-03-26,TRANSFER OF NET PROCEEDS,TRANSFERS,24G,TRANSFER OUT AFFILIATED,P,,CCM,CAMPAIGN COMMITTEE,PRIMARY,,1964520,F3X,202604159857644079,22,Transfers to Affiliated/Other Party Committees,4041520261435734296,2026-05-08T02:51:29,,,,false,,,,,,,,,,https://docquery.fec.gov/cgi-bin/fecimg/?202604159857644079,MCALLEN,C00765719,MONICA FOR CONGRESS,TX,785024605,,Q1,2026,SB,ITEMIZED DISBURSEMENTS,0.00,J,,N,4050720261509791462,BFD9032452ABE4FD884A,2026,C00765719
A,ADD,,,MONICA FOR CONGRESS,MONICA,H0TX15124,DE LA CRUZ HERNANDEZ,,"DE LA CRUZ HERNANDEZ, MONICA",H,HOUSE,15,TX,TEXAS,,,008,Transfers,,C00857649,,,,,,,-5490.32,2026-03-26,VOID TRANSFER OF NET PROCEEDS FROM 3/16 LOST CHECK REISSUED 3/26,TRANSFERS,24G,TRANSFER OUT AFFILIATED,P,,CCM,CAMPAIGN COMMITTEE,PRIMARY,,1964520,F3X,202604159857644079,22,Transfers to Affiliated/Other Party Committees,4041520261435734296,2026-05-08T02:51:29,,,,false,,,,,,,,,,https://docquery.fec.gov/cgi-bin/fecimg/?202604159857644079,MCALLEN,C00765719,MONICA FOR CONGRESS,TX,785024605,,Q1,2026,SB,ITEMIZED DISBURSEMENTS,0.00,J,,N,4050720261509791461,B65D841B32D4D4F86B20,2026,C00765719
A,ADD,,,AUGUST PFLUGER FOR CONGRESS,AUGUST,H0TX11230,PFLUGER,LEE,"PFLUGER, AUGUST LEE",H,HOUSE,11,TX,TEXAS,,,008,Transfers,,C00857649,,,,,,,6641.69,2026-03-26,TRANSFER OF NET PROCEEDS,TRANSFERS,24G,TRANSFER OUT AFFILIATED,P,,CCM,CAMPAIGN COMMITTEE,PRIMARY,,1964520,F3X,202604159857644072,22,Transfers to Affiliated/Other Party Committees,4041520261435734296,2026-05-08T02:51:29,,,,false,,,,,,,,,,https://docquery.fec.gov/cgi-bin/fecimg/?202604159857644072,SAN ANGELO,C00719294,AUGUST PFLUGER FOR CONGRESS,TX,76902,,Q1,2026,SB,ITEMIZED DISBURSEMENTS,0.00,J,,N,4050720261509791439,B1F70B71FAADE485BB86,2026,C00719294
A,ADD,,,NRCC,,,,,,,,,,,,,011,Political Contributions,,C00857649,,,,,,,49622.9,2026-03-25,TRANSFER OF NET PROCEEDS,CONTRIBUTIONS,24K,CONTRIBUTION MADE TO NON-AFFILIATED,P2026,NON-ELECTION,PTY,POLITICAL PARTY COMMITTEE,PRIMARY,2026,1964520,F3X,202604159857644085,23,Contributions to Federal Candidates/Committees and Other Political Committees,4041520261435734296,2026-05-08T02:51:29,,,,false,,,,,,,,,,https://docquery.fec.gov/cgi-bin/fecimg/?202604159857644085,WASHINGTON,C00075820,NRCC,DC,20003,,Q1,2026,SB,ITEMIZED DISBURSEMENTS,0.00,J,,N,4050720261509791478,B652B824EF26349C5940,2026,C00075820
A,ADD,,,NRCC,,,,,,,,,,,,,011,Political Contributions,,C00857649,,,,,,,23530.55,2026-03-25,TRANSFER OF NET PROCEEDS,CONTRIBUTIONS,24K,CONTRIBUTION MADE TO NON-AFFILIATED,P2026,NON-ELECTION,PTY,POLITICAL PARTY COMMITTEE,PRIMARY,2026,1964520,F3X,202604159857644085,23,Contributions to Federal Candidates/Committees and Other Political Committees,4041520261435734296,2026-05-08T02:51:29,,,,false,,,,,,,,,,https://docquery.fec.gov/cgi-bin/fecimg/?202604159857644085,WASHINGTON,C00075820,NRCC,DC,20003,,Q1,2026,SB,ITEMIZED DISBURSEMENTS,0.00,J,,N,4050720261509791477,BC1AC2CC1ECE946948EB,2026,C00075820
A,ADD,,,,,,,,,,,,,,,,003,Solicitation and Fundraising Expenses ,,C00857649,,,,,,,-1000.0,2026-03-23,VOID: FUNDRAISING CONSULTING. SEE REISSUE,OTHER,,,,,IND,INDIVIDUAL,,,1964520,F3X,202604159857644069,21B,Other Federal Operating Expenditures,4041520261435734296,2026-05-08T02:51:29,,,,false,,,,CAROLINE,BRENNAN,,,,,https://docquery.fec.gov/cgi-bin/fecimg/?202604159857644069,MIDLAND,,"BRENNAN, CAROLINE",TX,797071426,,Q1,2026,SB,ITEMIZED DISBURSEMENTS,0.00,J,,N,4050720261509791431,B2933A0BCEC67433DB52,2026,
A,ADD,,,,,,,,,,,,,,,,003,Solicitation and Fundraising Expenses ,,C00857649,,,,,,,1000.0,2026-03-23,FUNDRAISING CONSULTING,OTHER,,,,,IND,INDIVIDUAL,,,1964520,F3X,202604159857644068,21B,Other Federal Operating Expenditures,4041520261435734296,2026-05-08T02:51:29,,,,false,,,,CAROLINE,BRENNAN,,,,,https://docquery.fec.gov/cgi-bin/fecimg/?202604159857644068,MIDLAND,,"BRENNAN, CAROLINE",TX,797071426,,Q1,2026,SB,ITEMIZED DISBURSEMENTS,0.00,J,,N,4050720261509791430,B098BF9132F674F7D9A4,2026,
A,ADD,,,,,,,,,,,,,,,,010,Refunds of Contributions,,C00857649,,,,,,,6600.0,2026-03-20,CONTRIBUTION REFUND,REFUNDS,22Y,CONTRIBUTION REFUND TO INDIVIDUAL,P,,IND,INDIVIDUAL,PRIMARY,,1964520,F3X,202604159857644086,28A,Refunds of Contributions Made to Individuals/Persons Other Than Political Committees,4041520261435734296,2026-05-08T02:51:29,,,,false,,,,SYED,ANWAR,JAVAID,,,,https://docquery.fec.gov/cgi-bin/fecimg/?202604159857644086,MIDLAND,,"ANWAR, SYED JAVAID",TX,797014412,,Q1,2026,SB,ITEMIZED DISBURSEMENTS,0.00,J,,N,4050720261509791480,BBD6F2BD2465E42EEB9E,2026,
A,ADD,,,,,,,,,,,,,,,,001,Administrative/Salary/Overhead Expenses ,,C00857649,,,,,,,221.5,2026-03-20,E-MERCHANT FEES,OTHER,,,,,ORG,ORGANIZATION,,,1964520,F3X,202604159857644070,21B,Other Federal Operating Expenditures,4041520261435734296,2026-05-08T02:51:29,,,,false,,,,,,,,,,https://docquery.fec.gov/cgi-bin/fecimg/?202604159857644070,BETHESDA,,CFS COMPLIANCE,MD,20824,,Q1,2026,SB,ITEMIZED DISBURSEMENTS,0.00,J,,N,4050720261509791435,B3F99F16F8677431AAB5,2026,
A,ADD,,,,,,,,,,,,,,,,001,Administrative/Salary/Overhead Expenses ,,C00857649,,,,,,,1772.3,2026-03-20,E-MERCHANT FEES,OTHER,,,,,ORG,ORGANIZATION,,,1964520,F3X,202604159857644066,21B,Other Federal Operating Expenditures,4041520261435734296,2026-05-08T02:51:29,,,,false,,,,,,,,,,https://docquery.fec.gov/cgi-bin/fecimg/?202604159857644066,NEW ORLEANS,,ANEDOT,LA,70112,,Q1,2026,SB,ITEMIZED DISBURSEMENTS,0.00,J,,N,4050720261509791424,BF69A299ACAC14024A81,2026,
A,ADD,,,,,,,,,,,,,,,,010,Refunds of Contributions,,C00857649,,,,,,,-6600.0,2026-03-19,VOID CONTRIBUTION REFUND LOST CHECK REISSUED 3/20/2026,REFUNDS,22Y,CONTRIBUTION REFUND TO INDIVIDUAL,P,,IND,INDIVIDUAL,PRIMARY,,1964520,F3X,202604159857644086,28A,Refunds of Contributions Made to Individuals/Persons Other Than Political Committees,4041520261435734296,2026-05-08T02:51:29,,,,false,,,,SYED,ANWAR,JAVAID,,,,https://docquery.fec.gov/cgi-bin/fecimg/?202604159857644086,MIDLAND,,"ANWAR, SYED JAVAID",TX,797014412,,Q1,2026,SB,ITEMIZED DISBURSEMENTS,0.00,J,,N,4050720261509791479,BF27FE6588F7649BEBEA,2026,
A,ADD,,,NRCC,,,,,,,,,,,,,008,Transfers,,C00857649,,,,,,,29371.0,2026-03-17,TRANSFER OF JOINT FUNDRAISING PROCEEDS,TRANSFERS,24G,TRANSFER OUT AFFILIATED,P,,PTY,POLITICAL PARTY COMMITTEE,PRIMARY,,1964520,F3X,202604159857644081,22,Transfers to Affiliated/Other Party Committees,4041520261435734296,2026-05-08T02:51:29,,,,false,,,,,,,,,,https://docquery.fec.gov/cgi-bin/fecimg/?202604159857644081,WASHINGTON,C00075820,NRCC,DC,20003,,Q1,2026,SB,ITEMIZED DISBURSEMENTS,0.00,J,,N,4050720261509791466,B284B09B7BDC44E3AB29,2026,C00075820
A,ADD,,,NRCC,,,,,,,,,,,,,008,Transfers,,C00857649,,,,,,,6249.15,2026-03-17,TRANSFER OF JOINT FUNDRAISING PROCEEDS,TRANSFERS,24G,TRANSFER OUT AFFILIATED,P,,PTY,POLITICAL PARTY COMMITTEE,PRIMARY,,1964520,F3X,202604159857644080,22,Transfers to Affiliated/Other Party Committees,4041520261435734296,2026-05-08T02:51:29,,,,false,,,,,,,,,,https://docquery.fec.gov/cgi-bin/fecimg/?202604159857644080,WASHINGTON,C00075820,NRCC,DC,20003,,Q1,2026,SB,ITEMIZED DISBURSEMENTS,0.00,J,,N,4050720261509791465,B2AE1FFE4D3F440BCA14,2026,C00075820
A,ADD,,,NRCC,,,,,,,,,,,,,008,Transfers,,C00857649,,,,,,,9016.63,2026-03-17,TRANSFER OF JOINT FUNDRAISING PROCEEDS,TRANSFERS,24G,TRANSFER OUT AFFILIATED,P,,PTY,POLITICAL PARTY COMMITTEE,PRIMARY,,1964520,F3X,202604159857644080,22,Transfers to Affiliated/Other Party Committees,4041520261435734296,2026-05-08T02:51:29,,,,false,,,,,,,,,,https://docquery.fec.gov/cgi-bin/fecimg/?202604159857644080,WASHINGTON,C00075820,NRCC,DC,20003,,Q1,2026,SB,ITEMIZED DISBURSEMENTS,0.00,J,,N,4050720261509791464,BE8E1DBCAE04F409785A,2026,C00075820
A,ADD,,,VAN ORDEN FOR CONGRESS,DERRICK F. MR.,H0WI03175,VAN ORDEN,,"VAN ORDEN, DERRICK F. MR.",H,HOUSE,03,WI,WISCONSIN,,,008,Transfers,,C00857649,,,,,,,7454.34,2026-03-16,TRANSFER OF NET PROCEEDS,TRANSFERS,24G,TRANSFER OUT AFFILIATED,P,,CCM,CAMPAIGN COMMITTEE,PRIMARY,,1964520,F3X,202604159857644084,22,Transfers to Affiliated/Other Party Committees,4041520261435734296,2026-05-08T02:51:29,,,,false,,,,,,,,,,https://docquery.fec.gov/cgi-bin/fecimg/?202604159857644084,LA CROSSE,C00742007,VAN ORDEN FOR CONGRESS,WI,546021836,,Q1,2026,SB,ITEMIZED DISBURSEMENTS,0.00,J,,N,4050720261509791476,BBA0EFCEFF7C84C109B5,2026,C00742007
A,ADD,,,VALADAO FOR CONGRESS,DAVID,H2CA20094,VALADAO,,"VALADAO, DAVID",H,HOUSE,22,CA,CALIFORNIA,,,008,Transfers,,C00857649,,,,,,,5490.32,2026-03-16,TRANSFER OF NET PROCEEDS,TRANSFERS,24G,TRANSFER OUT AFFILIATED,P,,CCM,CAMPAIGN COMMITTEE,PRIMARY,,1964520,F3X,202604159857644084,22,Transfers to Affiliated/Other Party Committees,4041520261435734296,2026-05-08T02:51:29,,,,false,,,,,,,,,,https://docquery.fec.gov/cgi-bin/fecimg/?202604159857644084,FRESNO,C00499392,VALADAO FOR CONGRESS,CA,937042236,,Q1,2026,SB,ITEMIZED DISBURSEMENTS,0.00,J,,N,4050720261509791475,BF27DA0441BFB4034AFC,2026,C00499392
A,ADD,,,TOM BARRETT FOR CONGRESS,THOMAS,H2MI07123,BARRETT,MORE,"BARRETT, THOMAS MORE",H,HOUSE,07,MI,MICHIGAN,,,008,Transfers,,C00857649,,,,,,,5490.32,2026-03-16,TRANSFER OF NET PROCEEDS,TRANSFERS,24G,TRANSFER OUT AFFILIATED,P,,CCM,CAMPAIGN COMMITTEE,PRIMARY,,1964520,F3X,202604159857644083,22,Transfers to Affiliated/Other Party Committees,4041520261435734296,2026-05-08T02:51:29,,,,false,,,,,,,,,,https://docquery.fec.gov/cgi-bin/fecimg/?202604159857644083,LANSING,C00793976,TOM BARRETT FOR CONGRESS,MI,489015221,,Q1,2026,SB,ITEMIZED DISBURSEMENTS,0.00,J,,N,4050720261509791474,B7AC689A403424427BF5,2026,C00793976
A,ADD,,,"STEIL FOR WISCONSIN, INC.",BRYAN,H8WI01156,STEIL,GEORGE,"STEIL, BRYAN GEORGE",H,HOUSE,01,WI,WISCONSIN,,,008,Transfers,,C00857649,,,,,,,8793.45,2026-03-16,TRANSFER OF NET PROCEEDS,TRANSFERS,24G,TRANSFER OUT AFFILIATED,P,,CCM,CAMPAIGN COMMITTEE,PRIMARY,,1964520,F3X,202604159857644083,22,Transfers to Affiliated/Other Party Committees,4041520261435734296,2026-05-08T02:51:29,,,,false,,,,,,,,,,https://docquery.fec.gov/cgi-bin/fecimg/?202604159857644083,OAK CREEK,C00677286,"STEIL FOR WISCONSIN, INC.",WI,53154,,Q1,2026,SB,ITEMIZED DISBURSEMENTS,0.00,J,,N,4050720261509791473,B1D3AD4A67FD945F4940,2026,C00677286
A,ADD,,,SALAZAR FOR CONGRESS,MARIA,H8FL27185,SALAZAR,ELVIRA,"SALAZAR, MARIA ELVIRA",H,HOUSE,27,FL,FLORIDA,,,008,Transfers,,C00857649,,,,,,,5490.32,2026-03-16,TRANSFER OF NET PROCEEDS,TRANSFERS,24G,TRANSFER OUT AFFILIATED,P,,CCM,CAMPAIGN COMMITTEE,PRIMARY,,1964520,F3X,202604159857644083,22,Transfers to Affiliated/Other Party Committees,4041520261435734296,2026-05-08T02:51:29,,,,false,,,,,,,,,,https://docquery.fec.gov/cgi-bin/fecimg/?202604159857644083,CORAL GABLES,C00714261,SALAZAR FOR CONGRESS,FL,331341601,,Q1,2026,SB,ITEMIZED DISBURSEMENTS,0.00,J,,N,4050720261509791472,BE054426A468D4CB9AD7,2026,C00714261
A,ADD,,,ROB WITTMAN FOR CONGRESS,ROBERT J.,H8VA01147,WITTMAN,MR.,"WITTMAN, ROBERT J. MR.",H,HOUSE,01,VA,VIRGINIA,,,008,Transfers,,C00857649,,,,,,,4419.04,2026-03-16,TRANSFER OF NET PROCEEDS,TRANSFERS,24G,TRANSFER OUT AFFILIATED,P,,CCM,CAMPAIGN COMMITTEE,PRIMARY,,1964520,F3X,202604159857644082,22,Transfers to Affiliated/Other Party Committees,4041520261435734296,2026-05-08T02:51:29,,,,false,,,,,,,,,,https://docquery.fec.gov/cgi-bin/fecimg/?202604159857644082,ALEXANDRIA,C00441014,ROB WITTMAN FOR CONGRESS,VA,223130427,,Q1,2026,SB,ITEMIZED DISBURSEMENTS,0.00,J,,N,4050720261509791471,B415A180ECB5D4BEFB56,2026,C00441014
A,ADD,,,ROB FOR PA,ROB,H4PA08124,BRESNAHAN,,"BRESNAHAN, ROB",H,HOUSE,08,PA,PENNSYLVANIA,,,008,Transfers,,C00857649,,,,,,,4374.4,2026-03-16,TRANSFER OF NET PROCEEDS,TRANSFERS,24G,TRANSFER OUT AFFILIATED,P,,CCM,CAMPAIGN COMMITTEE,PRIMARY,,1964520,F3X,202604159857644082,22,Transfers to Affiliated/Other Party Committees,4041520261435734296,2026-05-08T02:51:29,,,,false,,,,,,,,,,https://docquery.fec.gov/cgi-bin/fecimg/?202604159857644082,PITTSTON,C00852137,ROB FOR PA,PA,186406228,,Q1,2026,SB,ITEMIZED DISBURSEMENTS,0.00,J,,N,4050720261509791470,B0931A9A51C884171BA9,2026,C00852137
A,ADD,,,RAPTOR PAC,,,,,,,,,,,,,008,Transfers,,C00857649,,,,,,,32584.85,2026-03-16,TRANSFER OF JOINT FUNDRAISING PROCEEDS,TRANSFERS,24G,TRANSFER OUT AFFILIATED,P,,PAC,POLITICAL ACTION COMMITTEE,PRIMARY,,1964520,F3X,202604159857644081,22,Transfers to Affiliated/Other Party Committees,4041520261435734296,2026-05-08T02:51:29,,,,false,,,,,,,,,,https://docquery.fec.gov/cgi-bin/fecimg/?202604159857644081,MIDLAND,C00749481,RAPTOR PAC,TX,797044864,,Q1,2026,SB,ITEMIZED DISBURSEMENTS,0.00,J,,N,4050720261509791468,B2A31D16A3F4F4C58AAD,2026,C00749481
A,ADD,,,PATRIOTS FOR PERRY,SCOTT,H2PA04135,PERRY,,"PERRY, SCOTT",H,HOUSE,10,PA,PENNSYLVANIA,,,008,Transfers,,C00857649,,,,,,,7365.07,2026-03-16,TRANSFER OF NET PROCEEDS,TRANSFERS,24G,TRANSFER OUT AFFILIATED,P,,CCM,CAMPAIGN COMMITTEE,PRIMARY,,1964520,F3X,202604159857644081,22,Transfers to Affiliated/Other Party Committees,4041520261435734296,2026-05-08T02:51:29,,,,false,,,,,,,,,,https://docquery.fec.gov/cgi-bin/fecimg/?202604159857644081,HARRISBURG,C00510164,PATRIOTS FOR PERRY,PA,171121020,,Q1,2026,SB,ITEMIZED DISBURSEMENTS,0.00,J,,N,4050720261509791467,BE1B178097EA640F7B3C,2026,C00510164
A,ADD,,,NICOLE FOR NEW YORK,NICOLE,H0NY11078,MALLIOTAKIS,,"MALLIOTAKIS, NICOLE",H,HOUSE,11,NY,NEW YORK,,,008,Transfers,,C00857649,,,,,,,9373.72,2026-03-16,TRANSFER OF NET PROCEEDS,TRANSFERS,24G,TRANSFER OUT AFFILIATED,P,,CCM,CAMPAIGN COMMITTEE,PRIMARY,,1964520,F3X,202604159857644080,22,Transfers to Affiliated/Other Party Committees,4041520261435734296,2026-05-08T02:51:29,,,,false,,,,,,,,,,https://docquery.fec.gov/cgi-bin/fecimg/?202604159857644080,STATEN ISLAND,C00694778,NICOLE FOR NEW YORK,NY,10306,,Q1,2026,SB,ITEMIZED DISBURSEMENTS,0.00,J,,N,4050720261509791463,BF9337993231848F4AF9,2026,C00694778
A,ADD,,,MONICA FOR CONGRESS,MONICA,H0TX15124,DE LA CRUZ HERNANDEZ,,"DE LA CRUZ HERNANDEZ, MONICA",H,HOUSE,15,TX,TEXAS,,,008,Transfers,,C00857649,,,,,,,5490.32,2026-03-16,TRANSFER OF NET PROCEEDS,TRANSFERS,24G,TRANSFER OUT AFFILIATED,P,,CCM,CAMPAIGN COMMITTEE,PRIMARY,,1964520,F3X,202604159857644079,22,Transfers to Affiliated/Other Party Committees,4041520261435734296,2026-05-08T02:51:29,,,,false,,,,,,,,,,https://docquery.fec.gov/cgi-bin/fecimg/?202604159857644079,MCALLEN,C00765719,MONICA FOR CONGRESS,TX,785024605,,Q1,2026,SB,ITEMIZED DISBURSEMENTS,0.00,J,,N,4050720261509791460,B67F6CDD56FD14C8A9B4,2026,C00765719
A,ADD,,,MILLER-MEEKS FOR CONGRESS,MARIANNETTE,H0IA02180,MILLER-MEEKS,JANE,"MILLER-MEEKS, MARIANNETTE JANE",H,HOUSE,02,IA,IOWA,,,008,Transfers,,C00857649,,,,,,,4374.4,2026-03-16,TRANSFER OF NET PROCEEDS,TRANSFERS,24G,TRANSFER OUT AFFILIATED,P,,CCM,CAMPAIGN COMMITTEE,PRIMARY,,1964520,F3X,202604159857644078,22,Transfers to Affiliated/Other Party Committees,4041520261435734296,2026-05-08T02:51:29,,,,false,,,,,,,,,,https://docquery.fec.gov/cgi-bin/fecimg/?202604159857644078,OTTUMWA,C00558825,MILLER-MEEKS FOR CONGRESS,IA,52501,,Q1,2026,SB,ITEMIZED DISBURSEMENTS,0.00,J,,N,4050720261509791459,B4E918E15F8D14CFABAC,2026,C00558825
A,ADD,,,MCGUIRE FOR VIRGINIA,JOHN,H4VA05071,MCGUIRE,,"MCGUIRE, JOHN",H,HOUSE,05,VA,VIRGINIA,,,008,Transfers,,C00857649,,,,,,,4419.04,2026-03-16,TRANSFER OF NET PROCEEDS,TRANSFERS,24G,TRANSFER OUT AFFILIATED,P,,CCM,CAMPAIGN COMMITTEE,PRIMARY,,1964520,F3X,202604159857644078,22,Transfers to Affiliated/Other Party Committees,4041520261435734296,2026-05-08T02:51:29,,,,false,,,,,,,,,,https://docquery.fec.gov/cgi-bin/fecimg/?202604159857644078,MANAKIN SABOT,C00856831,MCGUIRE FOR VIRGINIA,VA,231030242,,Q1,2026,SB,ITEMIZED DISBURSEMENTS,0.00,J,,N,4050720261509791458,BD87CE6A4364A4D30865,2026,C00856831
A,ADD,,,MACKENZIE FOR CONGRESS COMMITTEE,RYAN,H8PA15195,MACKENZIE,EDWARD,"MACKENZIE, RYAN EDWARD",H,HOUSE,07,PA,PENNSYLVANIA,,,008,Transfers,,C00857649,,,,,,,5490.32,2026-03-16,TRANSFER OF NET PROCEEDS,TRANSFERS,24G,TRANSFER OUT AFFILIATED,P,,CCM,CAMPAIGN COMMITTEE,PRIMARY,,1964520,F3X,202604159857644078,22,Transfers to Affiliated/Other Party Committees,4041520261435734296,2026-05-08T02:51:29,,,,false,,,,,,,,,,https://docquery.fec.gov/cgi-bin/fecimg/?202604159857644078,EMMAUS,C00846501,MACKENZIE FOR CONGRESS COMMITTEE,PA,180490747,,Q1,2026,SB,ITEMIZED DISBURSEMENTS,0.00,J,,N,4050720261509791457,B79EAEF48EFAC44FD980,2026,C00846501
A,ADD,,,LAWLER FOR CONGRESS,MICHAEL,H2NY17162,LAWLER,VINCENT,"LAWLER, MICHAEL VINCENT",H,HOUSE,17,NY,NEW YORK,,,008,Transfers,,C00857649,,,,,,,7365.07,2026-03-16,TRANSFER OF NET PROCEEDS,TRANSFERS,24G,TRANSFER OUT AFFILIATED,P,,CCM,CAMPAIGN COMMITTEE,PRIMARY,,1964520,F3X,202604159857644077,22,Transfers to Affiliated/Other Party Committees,4041520261435734296,2026-05-08T02:51:29,,,,false,,,,,,,,,,https://docquery.fec.gov/cgi-bin/fecimg/?202604159857644077,CHAPPAQUA,C00815415,LAWLER FOR CONGRESS,NY,10514,,Q1,2026,SB,ITEMIZED DISBURSEMENTS,0.00,J,,N,4050720261509791456,B5FF346D3C81D4B9FB57,2026,C00815415
A,ADD,,,LALOTA FOR CONGRESS,LALOTA,H2NY01190,NICK,,"NICK, LALOTA",H,HOUSE,01,NY,NEW YORK,,,008,Transfers,,C00857649,,,,,,,7365.07,2026-03-16,TRANSFER OF NET PROCEEDS,TRANSFERS,24G,TRANSFER OUT AFFILIATED,P,,CCM,CAMPAIGN COMMITTEE,PRIMARY,,1964520,F3X,202604159857644077,22,Transfers to Affiliated/Other Party Committees,4041520261435734296,2026-05-08T02:51:29,,,,false,,,,,,,,,,https://docquery.fec.gov/cgi-bin/fecimg/?202604159857644077,HAUPPAUGE,C00806018,LALOTA FOR CONGRESS,NY,117880155,,Q1,2026,SB,ITEMIZED DISBURSEMENTS,0.00,J,,N,4050720261509791455,B8165678A95464632976,2026,C00806018
A,ADD,,,KING-HINDS FOR CONGRESS,KIMBERLYN,H4MP01022,KING-HINDS,KAY,"KING-HINDS, KIMBERLYN KAY",H,HOUSE,01,MP,NORTHERN MARIANA ISL,,,008,Transfers,,C00857649,,,,,,,5490.32,2026-03-16,TRANSFER OF NET PROCEEDS,TRANSFERS,24G,TRANSFER OUT AFFILIATED,P,,CCM,CAMPAIGN COMMITTEE,PRIMARY,,1964520,F3X,202604159857644077,22,Transfers to Affiliated/Other Party Committees,4041520261435734296,2026-05-08T02:51:29,,,,false,,,,,,,,,,https://docquery.fec.gov/cgi-bin/fecimg/?202604159857644077,TINIAN,C00873554,KING-HINDS FOR CONGRESS,MP,969520064,,Q1,2026,SB,ITEMIZED DISBURSEMENTS,0.00,J,,N,4050720261509791454,BBEEE771257BA4F8F8BC,2026,C00873554
A,ADD,,,KIGGANS FOR CONGRESS,JENNIFER,H2VA02064,KIGGANS,,"KIGGANS, JENNIFER",H,HOUSE,02,VA,VIRGINIA,,,008,Transfers,,C00857649,,,,,,,4419.04,2026-03-16,TRANSFER OF NET PROCEEDS,TRANSFERS,24G,TRANSFER OUT AFFILIATED,P,,CCM,CAMPAIGN COMMITTEE,PRIMARY,,1964520,F3X,202604159857644076,22,Transfers to Affiliated/Other Party Committees,4041520261435734296,2026-05-08T02:51:29,,,,false,,,,,,,,,,https://docquery.fec.gov/cgi-bin/fecimg/?202604159857644076,VIRGINIA BEACH,C00776120,KIGGANS FOR CONGRESS,VA,234710042,,Q1,2026,SB,ITEMIZED DISBURSEMENTS,0.00,J,,N,4050720261509791453,B39B4E0C7AD5A4A618ED,2026,C00776120
A,ADD,,,KEAN FOR CONGRESS INC,THOMAS H,H0NJ07261,KEAN,JR,"KEAN, THOMAS H JR",H,HOUSE,07,NJ,NEW JERSEY,,,008,Transfers,,C00857649,,,,,,,4374.4,2026-03-16,TRANSFER OF NET PROCEEDS,TRANSFERS,24G,TRANSFER OUT AFFILIATED,P,,CCM,CAMPAIGN COMMITTEE,PRIMARY,,1964520,F3X,202604159857644076,22,Transfers to Affiliated/Other Party Committees,4041520261435734296,2026-05-08T02:51:29,,,,false,,,,,,,,,,https://docquery.fec.gov/cgi-bin/fecimg/?202604159857644076,EDISON,C00703058,KEAN FOR CONGRESS INC,NJ,088180999,,Q1,2026,SB,ITEMIZED DISBURSEMENTS,0.00,J,,N,4050720261509791452,BB3D08CB3946143418E3,2026,C00703058
A,ADD,,,JEFF HURD FOR CONGRESS,JEFFREY,H4CO03357,HURD,,"HURD, JEFFREY",H,HOUSE,03,CO,COLORADO,,,008,Transfers,,C00857649,,,,,,,5490.32,2026-03-16,TRANSFER OF NET PROCEEDS,TRANSFERS,24G,TRANSFER OUT AFFILIATED,P,,CCM,CAMPAIGN COMMITTEE,PRIMARY,,1964520,F3X,202604159857644076,22,Transfers to Affiliated/Other Party Committees,4041520261435734296,2026-05-08T02:51:29,,,,false,,,,,,,,,,https://docquery.fec.gov/cgi-bin/fecimg/?202604159857644076,GRAND JUNCTION,C00848333,JEFF HURD FOR CONGRESS,CO,815068815,,Q1,2026,SB,ITEMIZED DISBURSEMENTS,0.00,J,,N,4050720261509791451,B6CA4654663AB45FAB6A,2026,C00848333
A,ADD,,,JEFF CRANK FOR CONGRESS,JEFF,H6CO05142,CRANK,,"CRANK, JEFF",H,HOUSE,05,CO,COLORADO,,,008,Transfers,,C00857649,,,,,,,9373.72,2026-03-16,TRANSFER OF NET PROCEEDS,TRANSFERS,24G,TRANSFER OUT AFFILIATED,P,,CCM,CAMPAIGN COMMITTEE,PRIMARY,,1964520,F3X,202604159857644075,22,Transfers to Affiliated/Other Party Committees,4041520261435734296,2026-05-08T02:51:29,,,,false,,,,,,,,,,https://docquery.fec.gov/cgi-bin/fecimg/?202604159857644075,COLORADO SPRINGS,C00865592,JEFF CRANK FOR CONGRESS,CO,809207833,,Q1,2026,SB,ITEMIZED DISBURSEMENTS,0.00,J,,N,4050720261509791450,B60C8B7B92A3946AF983,2026,C00865592
A,ADD,,,JAY OBERNOLTE FOR CONGRESS,JAY,H0CA08135,OBERNOLTE,,"OBERNOLTE, JAY",H,HOUSE,23,CA,CALIFORNIA,,,008,Transfers,,C00857649,,,,,,,9373.72,2026-03-16,TRANSFER OF NET PROCEEDS,TRANSFERS,24G,TRANSFER OUT AFFILIATED,P,,CCM,CAMPAIGN COMMITTEE,PRIMARY,,1964520,F3X,202604159857644075,22,Transfers to Affiliated/Other Party Committees,4041520261435734296,2026-05-08T02:51:29,,,,false,,,,,,,,,,https://docquery.fec.gov/cgi-bin/fecimg/?202604159857644075,ATHENS,C00720078,JAY OBERNOLTE FOR CONGRESS,GA,30605,,Q1,2026,SB,ITEMIZED DISBURSEMENTS,0.00,J,,N,4050720261509791449,BD7C82D3873ED4405A4C,2026,C00720078
A,ADD,,,JAMES MOYLAN FOR CONGRESS,JAMES,H2GU01031,MOYLAN,C.,"MOYLAN, JAMES C.",H,HOUSE,00,GU,GUAM,,,008,Transfers,,C00857649,,,,,,,5490.32,2026-03-16,TRANSFER OF NET PROCEEDS,TRANSFERS,24G,TRANSFER OUT AFFILIATED,P,,CCM,CAMPAIGN COMMITTEE,PRIMARY,,1964520,F3X,202604159857644075,22,Transfers to Affiliated/Other Party Committees,4041520261435734296,2026-05-08T02:51:29,,,,false,,,,,,,,,,https://docquery.fec.gov/cgi-bin/fecimg/?202604159857644075,TAMUNING,C00809343,JAMES MOYLAN FOR CONGRESS,GU,96931,,Q1,2026,SB,ITEMIZED DISBURSEMENTS,0.00,J,,N,4050720261509791448,B9B258027395F4CAC81B,2026,C00809343
A,ADD,,,IOWANS FOR ZACH NUNN,ZACH,H2IA03119,NUNN,,"NUNN, ZACH",H,HOUSE,03,IA,IOWA,,,008,Transfers,,C00857649,,,,,,,5490.32,2026-03-16,TRANSFER OF NET PROCEEDS,TRANSFERS,24G,TRANSFER OUT AFFILIATED,P,,CCM,CAMPAIGN COMMITTEE,PRIMARY,,1964520,F3X,202604159857644074,22,Transfers to Affiliated/Other Party Committees,4041520261435734296,2026-05-08T02:51:29,,,,false,,,,,,,,,,https://docquery.fec.gov/cgi-bin/fecimg/?202604159857644074,DES MOINES,C00784389,IOWANS FOR ZACH NUNN,IA,50301,,Q1,2026,SB,ITEMIZED DISBURSEMENTS,0.00,J,,N,4050720261509791447,B230BFC9F271747B580F,2026,C00784389
A,ADD,,,HUIZENGA FOR CONGRESS,WILLIAM,H0MI02094,HUIZENGA,P,"HUIZENGA, WILLIAM P",H,HOUSE,04,MI,MICHIGAN,,,008,Transfers,,C00857649,,,,,,,5490.32,2026-03-16,TRANSFER OF NET PROCEEDS,TRANSFERS,24G,TRANSFER OUT AFFILIATED,P,,CCM,CAMPAIGN COMMITTEE,PRIMARY,,1964520,F3X,202604159857644074,22,Transfers to Affiliated/Other Party Committees,4041520261435734296,2026-05-08T02:51:29,,,,false,,,,,,,,,,https://docquery.fec.gov/cgi-bin/fecimg/?202604159857644074,ZEELAND,C00459297,HUIZENGA FOR CONGRESS,MI,494640254,,Q1,2026,SB,ITEMIZED DISBURSEMENTS,0.00,J,,N,4050720261509791446,BF8770DEEDD54454FB2B,2026,C00459297
A,ADD,,,GARBARINO FOR CONGRESS,ANDREW,H0NY02234,GARBARINO,,"GARBARINO, ANDREW",H,HOUSE,02,NY,NEW YORK,,,008,Transfers,,C00857649,,,,,,,9373.72,2026-03-16,TRANSFER OF NET PROCEEDS,TRANSFERS,24G,TRANSFER OUT AFFILIATED,P,,CCM,CAMPAIGN COMMITTEE,PRIMARY,,1964520,F3X,202604159857644074,22,Transfers to Affiliated/Other Party Committees,4041520261435734296,2026-05-08T02:51:29,,,,false,,,,,,,,,,https://docquery.fec.gov/cgi-bin/fecimg/?202604159857644074,BAYPORT,C00729954,GARBARINO FOR CONGRESS,NY,11705,,Q1,2026,SB,ITEMIZED DISBURSEMENTS,0.00,J,,N,4050720261509791445,BF915FB7FB7C94839A44,2026,C00729954
A,ADD,,,FINSTAD FOR CONGRESS,BRAD,H2MN01223,FINSTAD,,"FINSTAD, BRAD",H,HOUSE,01,MN,MINNESOTA,,,008,Transfers,,C00857649,,,,,,,9373.72,2026-03-16,TRANSFER OF NET PROCEEDS,TRANSFERS,24G,TRANSFER OUT AFFILIATED,P,,CCM,CAMPAIGN COMMITTEE,PRIMARY,,1964520,F3X,202604159857644073,22,Transfers to Affiliated/Other Party Committees,4041520261435734296,2026-05-08T02:51:29,,,,false,,,,,,,,,,https://docquery.fec.gov/cgi-bin/fecimg/?202604159857644073,NEW ULM,C00807743,FINSTAD FOR CONGRESS,MN,560730923,,Q1,2026,SB,ITEMIZED DISBURSEMENTS,0.00,J,,N,4050720261509791444,B2F540556E3864BE9A2D,2026,C00807743
A,ADD,,,ELECTGABEEVANS.COM,TIMOTHY GABRIEL,H4CO08034,EVANS,JOSEPH,"EVANS, TIMOTHY GABRIEL JOSEPH",H,HOUSE,08,CO,COLORADO,,,008,Transfers,,C00857649,,,,,,,4374.4,2026-03-16,TRANSFER OF NET PROCEEDS,TRANSFERS,24G,TRANSFER OUT AFFILIATED,P,,CCM,CAMPAIGN COMMITTEE,PRIMARY,,1964520,F3X,202604159857644073,22,Transfers to Affiliated/Other Party Committees,4041520261435734296,2026-05-08T02:51:29,,,,false,,,,,,,,,,https://docquery.fec.gov/cgi-bin/fecimg/?202604159857644073,WESTMINSTER,C00849844,ELECTGABEEVANS.COM,CO,800350608,,Q1,2026,SB,ITEMIZED DISBURSEMENTS,0.00,J,,N,4050720261509791443,BA4ACBF9C1E564A2A913,2026,C00849844
A,ADD,,,CISCOMANI FOR CONGRESS,JUAN,H2AZ02360,CISCOMANI,,"CISCOMANI, JUAN",H,HOUSE,06,AZ,ARIZONA,,,008,Transfers,,C00857649,,,,,,,4820.77,2026-03-16,TRANSFER OF NET PROCEEDS,TRANSFERS,24G,TRANSFER OUT AFFILIATED,P,,CCM,CAMPAIGN COMMITTEE,PRIMARY,,1964520,F3X,202604159857644073,22,Transfers to Affiliated/Other Party Committees,4041520261435734296,2026-05-08T02:51:29,,,,false,,,,,,,,,,https://docquery.fec.gov/cgi-bin/fecimg/?202604159857644073,TUCSON,C00786194,CISCOMANI FOR CONGRESS,AZ,857405103,,Q1,2026,SB,ITEMIZED DISBURSEMENTS,0.00,J,,N,4050720261509791442,BD8D0CB0C02364D28BA3,2026,C00786194
A,ADD,,,CHUCK EDWARDS FOR CONGRESS,CHUCK,H2NC14050,EDWARDS,,"EDWARDS, CHUCK",H,HOUSE,11,NC,NORTH CAROLINA,,,008,Transfers,,C00857649,,,,,,,8793.45,2026-03-16,TRANSFER OF NET PROCEEDS,TRANSFERS,24G,TRANSFER OUT AFFILIATED,P,,CCM,CAMPAIGN COMMITTEE,PRIMARY,,1964520,F3X,202604159857644072,22,Transfers to Affiliated/Other Party Committees,4041520261435734296,2026-05-08T02:51:29,,,,false,,,,,,,,,,https://docquery.fec.gov/cgi-bin/fecimg/?202604159857644072,HENDERSONVILLE,C00796433,CHUCK EDWARDS FOR CONGRESS,NC,287924902,,Q1,2026,SB,ITEMIZED DISBURSEMENTS,0.00,J,,N,4050720261509791441,B9891A895EDC44FA5AD0,2026,C00796433
A,ADD,,,BRIAN FITZPATRICK FOR ALL OF US,BRIAN,H6PA08277,FITZPATRICK,,"FITZPATRICK, BRIAN",H,HOUSE,01,PA,PENNSYLVANIA,,,008,Transfers,,C00857649,,,,,,,5490.32,2026-03-16,TRANSFER OF NET PROCEEDS,TRANSFERS,24G,TRANSFER OUT AFFILIATED,P,,CCM,CAMPAIGN COMMITTEE,PRIMARY,,1964520,F3X,202604159857644072,22,Transfers to Affiliated/Other Party Committees,4041520261435734296,2026-05-08T02:51:29,,,,false,,,,,,,,,,https://docquery.fec.gov/cgi-bin/fecimg/?202604159857644072,LANGHORNE,C00607416,BRIAN FITZPATRICK FOR ALL OF US,PA,190470939,,Q1,2026,SB,ITEMIZED DISBURSEMENTS,0.00,J,,N,4050720261509791440,B33C82CAE5444404CB4F,2026,C00607416
A,ADD,,,AUGUST PFLUGER FOR CONGRESS,AUGUST,H0TX11230,PFLUGER,LEE,"PFLUGER, AUGUST LEE",H,HOUSE,11,TX,TEXAS,,,008,Transfers,,C00857649,,,,,,,29460.27,2026-03-16,TRANSFER OF JOINT FUNDRAISING PROCEEDS,TRANSFERS,24G,TRANSFER OUT AFFILIATED,P,,CCM,CAMPAIGN COMMITTEE,PRIMARY,,1964520,F3X,202604159857644071,22,Transfers to Affiliated/Other Party Committees,4041520261435734296,2026-05-08T02:51:29,,,,false,,,,,,,,,,https://docquery.fec.gov/cgi-bin/fecimg/?202604159857644071,SAN ANGELO,C00719294,AUGUST PFLUGER FOR CONGRESS,TX,76902,,Q1,2026,SB,ITEMIZED DISBURSEMENTS,0.00,J,,N,4050720261509791438,B06D4D7FC108441A7A84,2026,C00719294
A,ADD,,,ANNA PAULINA LUNA FOR CONGRESS,ANNA,H0FL13158,PAULINA LUNA,,"PAULINA LUNA, ANNA",H,HOUSE,13,FL,FLORIDA,,,008,Transfers,,C00857649,,,,,,,8793.45,2026-03-16,TRANSFER OF NET PROCEEDS,TRANSFERS,24G,TRANSFER OUT AFFILIATED,P,,CCM,CAMPAIGN COMMITTEE,PRIMARY,,1964520,F3X,202604159857644071,22,Transfers to Affiliated/Other Party Committees,4041520261435734296,2026-05-08T02:51:29,,,,false,,,,,,,,,,https://docquery.fec.gov/cgi-bin/fecimg/?202604159857644071,SAINT PETERSBURG,C00718239,ANNA PAULINA LUNA FOR CONGRESS,FL,337022409,,Q1,2026,SB,ITEMIZED DISBURSEMENTS,0.00,J,,N,4050720261509791437,BB842717785E54431B86,2026,C00718239
A,ADD,,,ALASKANS FOR NICK BEGICH,NICHOLAS,H2AK01083,BEGICH,III,"BEGICH, NICHOLAS III",H,HOUSE,00,AK,ALASKA,,,008,Transfers,,C00857649,,,,,,,8793.45,2026-03-16,TRANSFER OF NET PROCEEDS,TRANSFERS,24G,TRANSFER OUT AFFILIATED,P,,CCM,CAMPAIGN COMMITTEE,PRIMARY,,1964520,F3X,202604159857644071,22,Transfers to Affiliated/Other Party Committees,4041520261435734296,2026-05-08T02:51:29,,,,false,,,,,,,,,,https://docquery.fec.gov/cgi-bin/fecimg/?202604159857644071,CHUGIAK,C00792341,ALASKANS FOR NICK BEGICH,AK,995671710,,Q1,2026,SB,ITEMIZED DISBURSEMENTS,0.00,J,,N,4050720261509791436,BE87569CC93FE47158C8,2026,C00792341
A,ADD,,,,,,,,,,,,,,,,001,Administrative/Salary/Overhead Expenses ,,C00857649,,,,,,,385.0,2026-03-11,E-MERCHANT FEES,OTHER,,,,,ORG,ORGANIZATION,,,1964520,F3X,202604159857644070,21B,Other Federal Operating Expenditures,4041520261435734296,2026-05-08T02:51:29,,,,false,,,,,,,,,,https://docquery.fec.gov/cgi-bin/fecimg/?202604159857644070,BETHESDA,,CFS COMPLIANCE,MD,20824,,Q1,2026,SB,ITEMIZED DISBURSEMENTS,0.00,J,,N,4050720261509791434,B66C2C336B33944ADAA3,2026,
A,ADD,,,,,,,,,,,,,,,,001,Administrative/Salary/Overhead Expenses ,,C00857649,,,,,,,3080.6,2026-03-11,E-MERCHANT FEES,OTHER,,,,,ORG,ORGANIZATION,,,1964520,F3X,202604159857644066,21B,Other Federal Operating Expenditures,4041520261435734296,2026-05-08T02:51:29,,,,false,,,,,,,,,,https://docquery.fec.gov/cgi-bin/fecimg/?202604159857644066,NEW ORLEANS,,ANEDOT,LA,70112,,Q1,2026,SB,ITEMIZED DISBURSEMENTS,0.00,J,,N,4050720261509791423,B4DEB2B54D1A848E69CA,2026,
A,ADD,,,,,,,,,,,,,,,,001,Administrative/Salary/Overhead Expenses ,,C00857649,,,,,,,145.0,2026-03-06,E-MERCHANT FEES,OTHER,,,,,ORG,ORGANIZATION,,,1964520,F3X,202604159857644069,21B,Other Federal Operating Expenditures,4041520261435734296,2026-05-08T02:51:29,,,,false,,,,,,,,,,https://docquery.fec.gov/cgi-bin/fecimg/?202604159857644069,BETHESDA,,CFS COMPLIANCE,MD,20824,,Q1,2026,SB,ITEMIZED DISBURSEMENTS,0.00,J,,N,4050720261509791433,B7F0A7F3D2CCC489D998,2026,
A,ADD,,,,,,,,,,,,,,,,001,Administrative/Salary/Overhead Expenses ,,C00857649,,,,,,,1160.6,2026-03-06,E-MERCHANT FEES,OTHER,,,,,ORG,ORGANIZATION,,,1964520,F3X,202604159857644066,21B,Other Federal Operating Expenditures,4041520261435734296,2026-05-08T02:51:29,,,,false,,,,,,,,,,https://docquery.fec.gov/cgi-bin/fecimg/?202604159857644066,NEW ORLEANS,,ANEDOT,LA,70112,,Q1,2026,SB,ITEMIZED DISBURSEMENTS,0.00,J,,N,4050720261509791422,BB7EB1C8D076E448389B,2026,
A,ADD,,,,,,,,,,,,,,,,001,Administrative/Salary/Overhead Expenses ,,C00857649,,,,,,,284.73,2026-02-26,COMPLIANCE CONSULTING,OTHER,,,,,ORG,ORGANIZATION,,,1964520,F3X,202604159857644069,21B,Other Federal Operating Expenditures,4041520261435734296,2026-05-08T02:51:29,,,,false,,,,,,,,,,https://docquery.fec.gov/cgi-bin/fecimg/?202604159857644069,BETHESDA,,CFS COMPLIANCE,MD,20824,,Q1,2026,SB,ITEMIZED DISBURSEMENTS,0.00,J,,N,4050720261509791432,B8CE492660AF043CF808,2026,
A,ADD,,,,,,,,,,,,,,,,003,Solicitation and Fundraising Expenses ,,C00857649,,,,,,,1000.0,2026-02-26,FUNDRAISING CONSULTING,OTHER,,,,,IND,INDIVIDUAL,,,1964520,F3X,202604159857644068,21B,Other Federal Operating Expenditures,4041520261435734296,2026-05-08T02:51:29,,,,false,,,,CAROLINE,BRENNAN,,,,,https://docquery.fec.gov/cgi-bin/fecimg/?202604159857644068,MIDLAND,,"BRENNAN, CAROLINE",TX,797071426,,Q1,2026,SB,ITEMIZED DISBURSEMENTS,0.00,J,,N,4050720261509791429,B28C0CB97798B45128B5,2026,
A,ADD,,,,,,,,,,,,,,,,001,Administrative/Salary/Overhead Expenses ,,C00857649,,,,,,,772.5,2026-02-26,SOFTWARE,OTHER,,,,,ORG,ORGANIZATION,,,1964520,F3X,202604159857644067,21B,Other Federal Operating Expenditures,4041520261435734296,2026-05-08T02:51:29,,,,false,,,,,,,,,,https://docquery.fec.gov/cgi-bin/fecimg/?202604159857644067,WASHINGTON,,"ARISTOTLE INTERNATIONAL, INC.",DC,200031164,,Q1,2026,SB,ITEMIZED DISBURSEMENTS,0.00,J,,N,4050720261509791426,BC195E98EA4F947AB819,2026,
A,ADD,,,,,,,,,,,,,,,,001,Administrative/Salary/Overhead Expenses ,,C00857649,,,,,,,772.5,2026-02-10,SOFTWARE,OTHER,,,,,ORG,ORGANIZATION,,,1964520,F3X,202604159857644067,21B,Other Federal Operating Expenditures,4041520261435734296,2026-05-08T02:51:29,,,,false,,,,,,,,,,https://docquery.fec.gov/cgi-bin/fecimg/?202604159857644067,WASHINGTON,,"ARISTOTLE INTERNATIONAL, INC.",DC,200031164,,Q1,2026,SB,ITEMIZED DISBURSEMENTS,0.00,J,,N,4050720261509791425,B12DBABAFE484487FB70,2026,
A,ADD,,,,,,,,,,,,,,,,003,Solicitation and Fundraising Expenses ,,C00857649,,,,,,,2000.0,2026-01-26,FUNDRAISING CONSULTING,OTHER,,,,,IND,INDIVIDUAL,,,1964520,F3X,202604159857644068,21B,Other Federal Operating Expenditures,4041520261435734296,2026-05-08T02:51:29,,,,false,,,,CAROLINE,BRENNAN,,,,,https://docquery.fec.gov/cgi-bin/fecimg/?202604159857644068,MIDLAND,,"BRENNAN, CAROLINE",TX,797071426,,Q1,2026,SB,ITEMIZED DISBURSEMENTS,0.00,J,,N,4050720261509791428,B7EE10D9EACB44D28AD9,2026,
A,ADD,,,,,,,,,,,,,,,,003,Solicitation and Fundraising Expenses ,,C00857649,,,,,,,-1000.0,2026-01-05,FUNDRAISING CONSULTING,OTHER,,,,,IND,INDIVIDUAL,,,1964520,F3X,202604159857644067,21B,Other Federal Operating Expenditures,4041520261435734296,2026-05-08T02:51:29,,,,false,,,,CAROLINE,BRENNAN,,,,,https://docquery.fec.gov/cgi-bin/fecimg/?202604159857644067,MIDLAND,,"BRENNAN, CAROLINE",TX,797071426,,Q1,2026,SB,ITEMIZED DISBURSEMENTS,0.00,J,,N,4050720261509791427,B9461D9DA02404F29B9D,2026,
A,ADD,,,,,,,,,,,,,,,,003,Solicitation and Fundraising Expenses ,,C00857649,,,,,,,15000.0,2025-12-31,FUNDRAISING CONSULTING,OTHER,,,,,IND,INDIVIDUAL,,,1939994,F3X,202601309794883582,21B,Other Federal Operating Expenditures,4013020261304203314,2026-02-27T02:36:02,,,,false,,,,CAROLINE,BRENNAN,,,,,https://docquery.fec.gov/cgi-bin/fecimg/?202601309794883582,MIDLAND,,"BRENNAN, CAROLINE",TX,797071426,,YE,2025,SB,ITEMIZED DISBURSEMENTS,0.00,J,"",N,4022620261359583446,BF74985E68B934FFA9FB,2026,
A,ADD,,,,,,,,,,,,,,,,001,Administrative/Salary/Overhead Expenses ,,C00857649,,,,,,,10582.5,2025-12-24,COMPLIANCE CONSULTING,OTHER,,,,,ORG,ORGANIZATION,,,1939994,F3X,202601309794883583,21B,Other Federal Operating Expenditures,4013020261304203314,2026-02-27T02:36:02,,,,false,,,,,,,,,,https://docquery.fec.gov/cgi-bin/fecimg/?202601309794883583,BETHESDA,,CFS COMPLIANCE,MD,20824,,YE,2025,SB,ITEMIZED DISBURSEMENTS,0.00,J,"",N,4022620261359583448,B765A810BC171449C844,2026,
A,ADD,,,,,,,,,,,,,,,,003,Solicitation and Fundraising Expenses ,,C00857649,,,,,,,1000.0,2025-12-18,FUNDRAISING CONSULTING,OTHER,,,,,IND,INDIVIDUAL,,,1939994,F3X,202601309794883582,21B,Other Federal Operating Expenditures,4013020261304203314,2026-02-27T02:36:02,,,,false,,,,CAROLINE,BRENNAN,,,,,https://docquery.fec.gov/cgi-bin/fecimg/?202601309794883582,MIDLAND,,"BRENNAN, CAROLINE",TX,797071426,,YE,2025,SB,ITEMIZED DISBURSEMENTS,0.00,J,"",N,4022620261359583445,B80B98EA1F44B459A839,2026,
A,ADD,,,,,,,,,,,,,,,,010,Refunds of Contributions,,C00857649,,,,,,,6600.0,2025-12-16,CONTRIBUTION REFUND,REFUNDS,22Y,CONTRIBUTION REFUND TO INDIVIDUAL,P,,IND,INDIVIDUAL,PRIMARY,,1939994,F3X,202601309794883595,28A,Refunds of Contributions Made to Individuals/Persons Other Than Political Committees,4013020261304203314,2026-02-27T02:36:02,,,,false,,,,SYED,ANWAR,JAVAID,,,,https://docquery.fec.gov/cgi-bin/fecimg/?202601309794883595,MIDLAND,,"ANWAR, SYED JAVAID",TX,797014412,,YE,2025,SB,ITEMIZED DISBURSEMENTS,0.00,J,"",N,4022620261359583483,B17B1947BFB5C404F986,2026,
A,ADD,,,RAPTOR PAC,,,,,,,,,,,,,008,Transfers,,C00857649,,,,,,,8807.29,2025-12-16,TRANSFER OF JOINT FUNDRAISING PROCEEDS,TRANSFERS,24G,TRANSFER OUT AFFILIATED,P,,PAC,POLITICAL ACTION COMMITTEE,PRIMARY,,1939994,F3X,202601309794883591,22,Transfers to Affiliated/Other Party Committees,4013020261304203314,2026-02-27T02:36:02,,,,false,,,,,,,,,,https://docquery.fec.gov/cgi-bin/fecimg/?202601309794883591,MIDLAND,C00749481,RAPTOR PAC,TX,797044864,,YE,2025,SB,ITEMIZED DISBURSEMENTS,0.00,J,"",N,4022620261359583472,B42B359FCE49C4C10B45,2026,C00749481
A,ADD,,,AUGUST PFLUGER FOR CONGRESS,AUGUST,H0TX11230,PFLUGER,LEE,"PFLUGER, AUGUST LEE",H,HOUSE,11,TX,TEXAS,,,008,Transfers,,C00857649,,,,,,,18812.05,2025-12-16,TRANSFER OF JOINT FUNDRAISING PROCEEDS,TRANSFERS,24G,TRANSFER OUT AFFILIATED,P,,CCM,CAMPAIGN COMMITTEE,PRIMARY,,1939994,F3X,202601309794883584,22,Transfers to Affiliated/Other Party Committees,4013020261304203314,2026-02-27T02:36:02,,,,false,,,,,,,,,,https://docquery.fec.gov/cgi-bin/fecimg/?202601309794883584,SAN ANGELO,C00719294,AUGUST PFLUGER FOR CONGRESS,TX,76902,,YE,2025,SB,ITEMIZED DISBURSEMENTS,0.00,J,"",N,4022620261359583451,B1223B75C4E55425181D,2026,C00719294
A,ADD,,,ZINKE FOR CONGRESS,RYAN,H2MT02050,ZINKE,,"ZINKE, RYAN",H,HOUSE,00,MT,MONTANA,,,008,Transfers,,C00857649,,,,,,,5343.79,2025-12-15,TRANSFER OF NET PROCEEDS,TRANSFERS,24G,TRANSFER OUT AFFILIATED,P,,CCM,CAMPAIGN COMMITTEE,PRIMARY,,1939994,F3X,202601309794883594,22,Transfers to Affiliated/Other Party Committees,4013020261304203314,2026-02-27T02:36:02,,,,false,,,,,,,,,,https://docquery.fec.gov/cgi-bin/fecimg/?202601309794883594,WHITEFISH,C00778159,ZINKE FOR CONGRESS,MT,599372981,,YE,2025,SB,ITEMIZED DISBURSEMENTS,0.00,J,"",N,4022620261359583481,B350A0332A78D47D0997,2026,C00778159
A,ADD,,,VAN ORDEN FOR CONGRESS,DERRICK F. MR.,H0WI03175,VAN ORDEN,,"VAN ORDEN, DERRICK F. MR.",H,HOUSE,03,WI,WISCONSIN,,,008,Transfers,,C00857649,,,,,,,6124.67,2025-12-15,TRANSFER OF NET PROCEEDS,TRANSFERS,24G,TRANSFER OUT AFFILIATED,P,,CCM,CAMPAIGN COMMITTEE,PRIMARY,,1939994,F3X,202601309794883594,22,Transfers to Affiliated/Other Party Committees,4013020261304203314,2026-02-27T02:36:02,,,,false,,,,,,,,,,https://docquery.fec.gov/cgi-bin/fecimg/?202601309794883594,LA CROSSE,C00742007,VAN ORDEN FOR CONGRESS,WI,546021836,,YE,2025,SB,ITEMIZED DISBURSEMENTS,0.00,J,"",N,4022620261359583480,B1E83A43331F3451799E,2026,C00742007
A,ADD,,,VALADAO FOR CONGRESS,DAVID,H2CA20094,VALADAO,,"VALADAO, DAVID",H,HOUSE,22,CA,CALIFORNIA,,,008,Transfers,,C00857649,,,,,,,8736.12,2025-12-15,TRANSFER OF NET PROCEEDS,TRANSFERS,24G,TRANSFER OUT AFFILIATED,P,,CCM,CAMPAIGN COMMITTEE,PRIMARY,,1939994,F3X,202601309794883594,22,Transfers to Affiliated/Other Party Committees,4013020261304203314,2026-02-27T02:36:02,,,,false,,,,,,,,,,https://docquery.fec.gov/cgi-bin/fecimg/?202601309794883594,FRESNO,C00499392,VALADAO FOR CONGRESS,CA,937042236,,YE,2025,SB,ITEMIZED DISBURSEMENTS,0.00,J,"",N,4022620261359583479,B888F7A7286ED4DEEB28,2026,C00499392
A,ADD,,,TONY GONZALES FOR CONGRESS,ERNEST ANTHONY TONY,H0TX35015,GONZALES,II,"GONZALES, ERNEST ANTHONY TONY II",H,HOUSE,23,TX,TEXAS,,,008,Transfers,,C00857649,,,,,,,2302.0,2025-12-15,TRANSFER OF NET PROCEEDS,TRANSFERS,24G,TRANSFER OUT AFFILIATED,P,,CCM,CAMPAIGN COMMITTEE,PRIMARY,,1939994,F3X,202601309794883593,22,Transfers to Affiliated/Other Party Committees,4013020261304203314,2026-02-27T02:36:02,,,,false,,,,,,,,,,https://docquery.fec.gov/cgi-bin/fecimg/?202601309794883593,SAN ANTONIO,C00706614,TONY GONZALES FOR CONGRESS,TX,782700442,,YE,2025,SB,ITEMIZED DISBURSEMENTS,0.00,J,"",N,4022620261359583478,BE11DD458180843D890F,2026,C00706614
A,ADD,,,TOM BARRETT FOR CONGRESS,THOMAS,H2MI07123,BARRETT,MORE,"BARRETT, THOMAS MORE",H,HOUSE,07,MI,MICHIGAN,,,008,Transfers,,C00857649,,,,,,,7321.71,2025-12-15,TRANSFER OF NET PROCEEDS,TRANSFERS,24G,TRANSFER OUT AFFILIATED,P,,CCM,CAMPAIGN COMMITTEE,PRIMARY,,1939994,F3X,202601309794883593,22,Transfers to Affiliated/Other Party Committees,4013020261304203314,2026-02-27T02:36:02,,,,false,,,,,,,,,,https://docquery.fec.gov/cgi-bin/fecimg/?202601309794883593,LANSING,C00793976,TOM BARRETT FOR CONGRESS,MI,489015221,,YE,2025,SB,ITEMIZED DISBURSEMENTS,0.00,J,"",N,4022620261359583477,BE4C82AA0B2444952ACD,2026,C00793976
A,ADD,,,"STEIL FOR WISCONSIN, INC.",BRYAN,H8WI01156,STEIL,GEORGE,"STEIL, BRYAN GEORGE",H,HOUSE,01,WI,WISCONSIN,,,008,Transfers,,C00857649,,,,,,,8748.02,2025-12-15,TRANSFER OF NET PROCEEDS,TRANSFERS,24G,TRANSFER OUT AFFILIATED,P,,CCM,CAMPAIGN COMMITTEE,PRIMARY,,1939994,F3X,202601309794883593,22,Transfers to Affiliated/Other Party Committees,4013020261304203314,2026-02-27T02:36:02,,,,false,,,,,,,,,,https://docquery.fec.gov/cgi-bin/fecimg/?202601309794883593,OAK CREEK,C00677286,"STEIL FOR WISCONSIN, INC.",WI,53154,,YE,2025,SB,ITEMIZED DISBURSEMENTS,0.00,J,"",N,4022620261359583476,B6A0751BF583D42E98D0,2026,C00677286
A,ADD,,,SALAZAR FOR CONGRESS,MARIA,H8FL27185,SALAZAR,ELVIRA,"SALAZAR, MARIA ELVIRA",H,HOUSE,27,FL,FLORIDA,,,008,Transfers,,C00857649,,,,,,,6670.24,2025-12-15,TRANSFER OF NET PROCEEDS,TRANSFERS,24G,TRANSFER OUT AFFILIATED,P,,CCM,CAMPAIGN COMMITTEE,PRIMARY,,1939994,F3X,202601309794883592,22,Transfers to Affiliated/Other Party Committees,4013020261304203314,2026-02-27T02:36:02,,,,false,,,,,,,,,,https://docquery.fec.gov/cgi-bin/fecimg/?202601309794883592,CORAL GABLES,C00714261,SALAZAR FOR CONGRESS,FL,331341601,,YE,2025,SB,ITEMIZED DISBURSEMENTS,0.00,J,"",N,4022620261359583475,B13E7FBDBCA6B4131893,2026,C00714261
A,ADD,,,ROB WITTMAN FOR CONGRESS,ROBERT J.,H8VA01147,WITTMAN,MR.,"WITTMAN, ROBERT J. MR.",H,HOUSE,01,VA,VIRGINIA,,,008,Transfers,,C00857649,,,,,,,8748.02,2025-12-15,TRANSFER OF NET PROCEEDS,TRANSFERS,24G,TRANSFER OUT AFFILIATED,P,,CCM,CAMPAIGN COMMITTEE,PRIMARY,,1939994,F3X,202601309794883592,22,Transfers to Affiliated/Other Party Committees,4013020261304203314,2026-02-27T02:36:02,,,,false,,,,,,,,,,https://docquery.fec.gov/cgi-bin/fecimg/?202601309794883592,ALEXANDRIA,C00441014,ROB WITTMAN FOR CONGRESS,VA,223130427,,YE,2025,SB,ITEMIZED DISBURSEMENTS,0.00,J,"",N,4022620261359583474,B5B8AF9EEC03345E597E,2026,C00441014
A,ADD,,,ROB FOR PA,ROB,H4PA08124,BRESNAHAN,,"BRESNAHAN, ROB",H,HOUSE,08,PA,PENNSYLVANIA,,,008,Transfers,,C00857649,,,,,,,6147.32,2025-12-15,TRANSFER OF NET PROCEEDS,TRANSFERS,24G,TRANSFER OUT AFFILIATED,P,,CCM,CAMPAIGN COMMITTEE,PRIMARY,,1939994,F3X,202601309794883592,22,Transfers to Affiliated/Other Party Committees,4013020261304203314,2026-02-27T02:36:02,,,,false,,,,,,,,,,https://docquery.fec.gov/cgi-bin/fecimg/?202601309794883592,PITTSTON,C00852137,ROB FOR PA,PA,186406228,,YE,2025,SB,ITEMIZED DISBURSEMENTS,0.00,J,"",N,4022620261359583473,B05042DDEA80241C19A8,2026,C00852137
A,ADD,,,PATRIOTS FOR PERRY,SCOTT,H2PA04135,PERRY,,"PERRY, SCOTT",H,HOUSE,10,PA,PENNSYLVANIA,,,008,Transfers,,C00857649,,,,,,,6147.31,2025-12-15,TRANSFER OF NET PROCEEDS,TRANSFERS,24G,TRANSFER OUT AFFILIATED,P,,CCM,CAMPAIGN COMMITTEE,PRIMARY,,1939994,F3X,202601309794883591,22,Transfers to Affiliated/Other Party Committees,4013020261304203314,2026-02-27T02:36:02,,,,false,,,,,,,,,,https://docquery.fec.gov/cgi-bin/fecimg/?202601309794883591,HARRISBURG,C00510164,PATRIOTS FOR PERRY,PA,171121020,,YE,2025,SB,ITEMIZED DISBURSEMENTS,0.00,J,"",N,4022620261359583471,BBB2C256AC8A84ED1816,2026,C00510164
A,ADD,,,NRCC,,,,,,,,,,,,,008,Transfers,,C00857649,,,,,,,7317.32,2025-12-15,TRANSFER OF JOINT FUNDRAISING PROCEEDS. LEGAL,TRANSFERS,24G,TRANSFER OUT AFFILIATED,P,,PTY,POLITICAL PARTY COMMITTEE,PRIMARY,,1939994,F3X,202601309794883591,22,Transfers to Affiliated/Other Party Committees,4013020261304203314,2026-02-27T02:36:02,,,,false,,,,,,,,,,https://docquery.fec.gov/cgi-bin/fecimg/?202601309794883591,WASHINGTON,C00075820,NRCC,DC,20003,,YE,2025,SB,ITEMIZED DISBURSEMENTS,0.00,J,"",N,4022620261359583470,B1573BCB110EA42A1A2D,2026,C00075820
A,ADD,,,MONICA FOR CONGRESS,MONICA,H0TX15124,DE LA CRUZ HERNANDEZ,,"DE LA CRUZ HERNANDEZ, MONICA",H,HOUSE,15,TX,TEXAS,,,008,Transfers,,C00857649,,,,,,,8702.28,2025-12-15,TRANSFER OF NET PROCEEDS,TRANSFERS,24G,TRANSFER OUT AFFILIATED,P,,CCM,CAMPAIGN COMMITTEE,PRIMARY,,1939994,F3X,202601309794883590,22,Transfers to Affiliated/Other Party Committees,4013020261304203314,2026-02-27T02:36:02,,,,false,,,,,,,,,,https://docquery.fec.gov/cgi-bin/fecimg/?202601309794883590,MCALLEN,C00765719,MONICA FOR CONGRESS,TX,785024605,,YE,2025,SB,ITEMIZED DISBURSEMENTS,0.00,J,"",N,4022620261359583469,BE3477DEC44E847FA8C5,2026,C00765719
A,ADD,,,MILLER-MEEKS FOR CONGRESS,MARIANNETTE,H0IA02180,MILLER-MEEKS,JANE,"MILLER-MEEKS, MARIANNETTE JANE",H,HOUSE,02,IA,IOWA,,,008,Transfers,,C00857649,,,,,,,9466.88,2025-12-15,TRANSFER OF NET PROCEEDS,TRANSFERS,24G,TRANSFER OUT AFFILIATED,P,,CCM,CAMPAIGN COMMITTEE,PRIMARY,,1939994,F3X,202601309794883590,22,Transfers to Affiliated/Other Party Committees,4013020261304203314,2026-02-27T02:36:02,,,,false,,,,,,,,,,https://docquery.fec.gov/cgi-bin/fecimg/?202601309794883590,OTTUMWA,C00558825,MILLER-MEEKS FOR CONGRESS,IA,52501,,YE,2025,SB,ITEMIZED DISBURSEMENTS,0.00,J,"",N,4022620261359583468,BCE6ED5D81A8040C7A38,2026,C00558825
A,ADD,,,MCGUIRE FOR VIRGINIA,JOHN,H4VA05071,MCGUIRE,,"MCGUIRE, JOHN",H,HOUSE,05,VA,VIRGINIA,,,008,Transfers,,C00857649,,,,,,,9466.89,2025-12-15,TRANSFER OF NET PROCEEDS,TRANSFERS,24G,TRANSFER OUT AFFILIATED,P,,CCM,CAMPAIGN COMMITTEE,PRIMARY,,1939994,F3X,202601309794883590,22,Transfers to Affiliated/Other Party Committees,4013020261304203314,2026-02-27T02:36:02,,,,false,,,,,,,,,,https://docquery.fec.gov/cgi-bin/fecimg/?202601309794883590,MANAKIN SABOT,C00856831,MCGUIRE FOR VIRGINIA,VA,231030242,,YE,2025,SB,ITEMIZED DISBURSEMENTS,0.00,J,"",N,4022620261359583467,B3029A8E6E3BF4B9E9DC,2026,C00856831
A,ADD,,,MACKENZIE FOR CONGRESS COMMITTEE,RYAN,H8PA15195,MACKENZIE,EDWARD,"MACKENZIE, RYAN EDWARD",H,HOUSE,07,PA,PENNSYLVANIA,,,008,Transfers,,C00857649,,,,,,,6147.31,2025-12-15,TRANSFER OF NET PROCEEDS,TRANSFERS,24G,TRANSFER OUT AFFILIATED,P,,CCM,CAMPAIGN COMMITTEE,PRIMARY,,1939994,F3X,202601309794883589,22,Transfers to Affiliated/Other Party Committees,4013020261304203314,2026-02-27T02:36:02,,,,false,,,,,,,,,,https://docquery.fec.gov/cgi-bin/fecimg/?202601309794883589,EMMAUS,C00846501,MACKENZIE FOR CONGRESS COMMITTEE,PA,180490747,,YE,2025,SB,ITEMIZED DISBURSEMENTS,0.00,J,"",N,4022620261359583466,B8A3BB5FA2F974069B23,2026,C00846501
A,ADD,,,LAWLER FOR CONGRESS,MICHAEL,H2NY17162,LAWLER,VINCENT,"LAWLER, MICHAEL VINCENT",H,HOUSE,17,NY,NEW YORK,,,008,Transfers,,C00857649,,,,,,,6147.32,2025-12-15,TRANSFER OF NET PROCEEDS,TRANSFERS,24G,TRANSFER OUT AFFILIATED,P,,CCM,CAMPAIGN COMMITTEE,PRIMARY,,1939994,F3X,202601309794883589,22,Transfers to Affiliated/Other Party Committees,4013020261304203314,2026-02-27T02:36:02,,,,false,,,,,,,,,,https://docquery.fec.gov/cgi-bin/fecimg/?202601309794883589,CHAPPAQUA,C00815415,LAWLER FOR CONGRESS,NY,10514,,YE,2025,SB,ITEMIZED DISBURSEMENTS,0.00,J,"",N,4022620261359583465,B5143D846500A491687F,2026,C00815415
A,ADD,,,LALOTA FOR CONGRESS,LALOTA,H2NY01190,NICK,,"NICK, LALOTA",H,HOUSE,01,NY,NEW YORK,,,008,Transfers,,C00857649,,,,,,,6156.47,2025-12-15,TRANSFER OF NET PROCEEDS,TRANSFERS,24G,TRANSFER OUT AFFILIATED,P,,CCM,CAMPAIGN COMMITTEE,PRIMARY,,1939994,F3X,202601309794883589,22,Transfers to Affiliated/Other Party Committees,4013020261304203314,2026-02-27T02:36:02,,,,false,,,,,,,,,,https://docquery.fec.gov/cgi-bin/fecimg/?202601309794883589,HAUPPAUGE,C00806018,LALOTA FOR CONGRESS,NY,117880155,,YE,2025,SB,ITEMIZED DISBURSEMENTS,0.00,J,"",N,4022620261359583464,B6ABA3E930A7040E9961,2026,C00806018
A,ADD,,,KING-HINDS FOR CONGRESS,KIMBERLYN,H4MP01022,KING-HINDS,KAY,"KING-HINDS, KIMBERLYN KAY",H,HOUSE,01,MP,NORTHERN MARIANA ISL,,,008,Transfers,,C00857649,,,,,,,2325.57,2025-12-15,TRANSFER OF NET PROCEEDS,TRANSFERS,24G,TRANSFER OUT AFFILIATED,P,,CCM,CAMPAIGN COMMITTEE,PRIMARY,,1939994,F3X,202601309794883588,22,Transfers to Affiliated/Other Party Committees,4013020261304203314,2026-02-27T02:36:02,,,,false,,,,,,,,,,https://docquery.fec.gov/cgi-bin/fecimg/?202601309794883588,TINIAN,C00873554,KING-HINDS FOR CONGRESS,MP,969520064,,YE,2025,SB,ITEMIZED DISBURSEMENTS,0.00,J,"",N,4022620261359583463,BDF1ECD749CC5447AB63,2026,C00873554
A,ADD,,,KIGGANS FOR CONGRESS,JENNIFER,H2VA02064,KIGGANS,,"KIGGANS, JENNIFER",H,HOUSE,02,VA,VIRGINIA,,,008,Transfers,,C00857649,,,,,,,6147.32,2025-12-15,TRANSFER OF NET PROCEEDS,TRANSFERS,24G,TRANSFER OUT AFFILIATED,P,,CCM,CAMPAIGN COMMITTEE,PRIMARY,,1939994,F3X,202601309794883588,22,Transfers to Affiliated/Other Party Committees,4013020261304203314,2026-02-27T02:36:02,,,,false,,,,,,,,,,https://docquery.fec.gov/cgi-bin/fecimg/?202601309794883588,VIRGINIA BEACH,C00776120,KIGGANS FOR CONGRESS,VA,234710042,,YE,2025,SB,ITEMIZED DISBURSEMENTS,0.00,J,"",N,4022620261359583462,BAA653A039D3249839BE,2026,C00776120
A,ADD,,,KEVIN KILEY FOR CONGRESS,KEVIN,H2CA03157,KILEY,,"KILEY, KEVIN",H,HOUSE,03,CA,CALIFORNIA,,,008,Transfers,,C00857649,,,,,,,2302.0,2025-12-15,TRANSFER OF NET PROCEEDS,TRANSFERS,24G,TRANSFER OUT AFFILIATED,P,,CCM,CAMPAIGN COMMITTEE,PRIMARY,,1939994,F3X,202601309794883588,22,Transfers to Affiliated/Other Party Committees,4013020261304203314,2026-02-27T02:36:02,,,,false,,,,,,,,,,https://docquery.fec.gov/cgi-bin/fecimg/?202601309794883588,HILMAR,C00801985,KEVIN KILEY FOR CONGRESS,CA,95324,,YE,2025,SB,ITEMIZED DISBURSEMENTS,0.00,J,"",N,4022620261359583461,B83EA6DA8E95D4EA2ACC,2026,C00801985
A,ADD,,,KEAN FOR CONGRESS INC,THOMAS H,H0NJ07261,KEAN,JR,"KEAN, THOMAS H JR",H,HOUSE,07,NJ,NEW JERSEY,,,008,Transfers,,C00857649,,,,,,,8748.01,2025-12-15,TRANSFER OF NET PROCEEDS,TRANSFERS,24G,TRANSFER OUT AFFILIATED,P,,CCM,CAMPAIGN COMMITTEE,PRIMARY,,1939994,F3X,202601309794883587,22,Transfers to Affiliated/Other Party Committees,4013020261304203314,2026-02-27T02:36:02,,,,false,,,,,,,,,,https://docquery.fec.gov/cgi-bin/fecimg/?202601309794883587,EDISON,C00703058,KEAN FOR CONGRESS INC,NJ,088180999,,YE,2025,SB,ITEMIZED DISBURSEMENTS,0.00,J,"",N,4022620261359583460,B033A1B9550E04798863,2026,C00703058
A,ADD,,,JEFF HURD FOR CONGRESS,JEFFREY,H4CO03357,HURD,,"HURD, JEFFREY",H,HOUSE,03,CO,COLORADO,,,008,Transfers,,C00857649,,,,,,,6153.71,2025-12-15,TRANSFER OF NET PROCEEDS,TRANSFERS,24G,TRANSFER OUT AFFILIATED,P,,CCM,CAMPAIGN COMMITTEE,PRIMARY,,1939994,F3X,202601309794883587,22,Transfers to Affiliated/Other Party Committees,4013020261304203314,2026-02-27T02:36:02,,,,false,,,,,,,,,,https://docquery.fec.gov/cgi-bin/fecimg/?202601309794883587,GRAND JUNCTION,C00848333,JEFF HURD FOR CONGRESS,CO,815068815,,YE,2025,SB,ITEMIZED DISBURSEMENTS,0.00,J,"",N,4022620261359583459,BDA526F89DF6F409FA03,2026,C00848333
A,ADD,,,JAMES MOYLAN FOR CONGRESS,JAMES,H2GU01031,MOYLAN,C.,"MOYLAN, JAMES C.",H,HOUSE,00,GU,GUAM,,,008,Transfers,,C00857649,,,,,,,2302.0,2025-12-15,TRANSFER OF NET PROCEEDS,TRANSFERS,24G,TRANSFER OUT AFFILIATED,P,,CCM,CAMPAIGN COMMITTEE,PRIMARY,,1939994,F3X,202601309794883587,22,Transfers to Affiliated/Other Party Committees,4013020261304203314,2026-02-27T02:36:02,,,,false,,,,,,,,,,https://docquery.fec.gov/cgi-bin/fecimg/?202601309794883587,TAMUNING,C00809343,JAMES MOYLAN FOR CONGRESS,GU,96931,,YE,2025,SB,ITEMIZED DISBURSEMENTS,0.00,J,"",N,4022620261359583458,B8EC9CCF6E3794FF1BC9,2026,C00809343
A,ADD,,,IOWANS FOR ZACH NUNN,ZACH,H2IA03119,NUNN,,"NUNN, ZACH",H,HOUSE,03,IA,IOWA,,,008,Transfers,,C00857649,,,,,,,8721.95,2025-12-15,TRANSFER OF NET PROCEEDS,TRANSFERS,24G,TRANSFER OUT AFFILIATED,P,,CCM,CAMPAIGN COMMITTEE,PRIMARY,,1939994,F3X,202601309794883586,22,Transfers to Affiliated/Other Party Committees,4013020261304203314,2026-02-27T02:36:02,,,,false,,,,,,,,,,https://docquery.fec.gov/cgi-bin/fecimg/?202601309794883586,DES MOINES,C00784389,IOWANS FOR ZACH NUNN,IA,50301,,YE,2025,SB,ITEMIZED DISBURSEMENTS,0.00,J,"",N,4022620261359583457,B788DB26096EE4A40AB5,2026,C00784389
A,ADD,,,HUIZENGA FOR CONGRESS,WILLIAM,H0MI02094,HUIZENGA,P,"HUIZENGA, WILLIAM P",H,HOUSE,04,MI,MICHIGAN,,,008,Transfers,,C00857649,,,,,,,2325.57,2025-12-15,TRANSFER OF NET PROCEEDS,TRANSFERS,24G,TRANSFER OUT AFFILIATED,P,,CCM,CAMPAIGN COMMITTEE,PRIMARY,,1939994,F3X,202601309794883586,22,Transfers to Affiliated/Other Party Committees,4013020261304203314,2026-02-27T02:36:02,,,,false,,,,,,,,,,https://docquery.fec.gov/cgi-bin/fecimg/?202601309794883586,ZEELAND,C00459297,HUIZENGA FOR CONGRESS,MI,494640254,,YE,2025,SB,ITEMIZED DISBURSEMENTS,0.00,J,"",N,4022620261359583456,BD38028D391574A2397A,2026,C00459297
A,ADD,,,ELECTGABEEVANS.COM,TIMOTHY GABRIEL,H4CO08034,EVANS,JOSEPH,"EVANS, TIMOTHY GABRIEL JOSEPH",H,HOUSE,08,CO,COLORADO,,,008,Transfers,,C00857649,,,,,,,6144.58,2025-12-15,TRANSFER OF NET PROCEEDS,TRANSFERS,24G,TRANSFER OUT AFFILIATED,P,,CCM,CAMPAIGN COMMITTEE,PRIMARY,,1939994,F3X,202601309794883586,22,Transfers to Affiliated/Other Party Committees,4013020261304203314,2026-02-27T02:36:02,,,,false,,,,,,,,,,https://docquery.fec.gov/cgi-bin/fecimg/?202601309794883586,WESTMINSTER,C00849844,ELECTGABEEVANS.COM,CO,800350608,,YE,2025,SB,ITEMIZED DISBURSEMENTS,0.00,J,"",N,4022620261359583455,BDC9AE1A11DFF4C659F5,2026,C00849844
A,ADD,,,CISCOMANI FOR CONGRESS,JUAN,H2AZ02360,CISCOMANI,,"CISCOMANI, JUAN",H,HOUSE,06,AZ,ARIZONA,,,008,Transfers,,C00857649,,,,,,,7333.6,2025-12-15,TRANSFER OF NET PROCEEDS,TRANSFERS,24G,TRANSFER OUT AFFILIATED,P,,CCM,CAMPAIGN COMMITTEE,PRIMARY,,1939994,F3X,202601309794883585,22,Transfers to Affiliated/Other Party Committees,4013020261304203314,2026-02-27T02:36:02,,,,false,,,,,,,,,,https://docquery.fec.gov/cgi-bin/fecimg/?202601309794883585,TUCSON,C00786194,CISCOMANI FOR CONGRESS,AZ,857405103,,YE,2025,SB,ITEMIZED DISBURSEMENTS,0.00,J,"",N,4022620261359583454,B54E37697CAB34E11BAF,2026,C00786194
A,ADD,,,CHUCK EDWARDS FOR CONGRESS,CHUCK,H2NC14050,EDWARDS,,"EDWARDS, CHUCK",H,HOUSE,11,NC,NORTH CAROLINA,,,008,Transfers,,C00857649,,,,,,,6670.24,2025-12-15,TRANSFER OF NET PROCEEDS,TRANSFERS,24G,TRANSFER OUT AFFILIATED,P,,CCM,CAMPAIGN COMMITTEE,PRIMARY,,1939994,F3X,202601309794883585,22,Transfers to Affiliated/Other Party Committees,4013020261304203314,2026-02-27T02:36:02,,,,false,,,,,,,,,,https://docquery.fec.gov/cgi-bin/fecimg/?202601309794883585,HENDERSONVILLE,C00796433,CHUCK EDWARDS FOR CONGRESS,NC,287924902,,YE,2025,SB,ITEMIZED DISBURSEMENTS,0.00,J,"",N,4022620261359583453,BC65DC2FD52E745629D8,2026,C00796433
A,ADD,,,BRIAN FITZPATRICK FOR ALL OF US,BRIAN,H6PA08277,FITZPATRICK,,"FITZPATRICK, BRIAN",H,HOUSE,01,PA,PENNSYLVANIA,,,008,Transfers,,C00857649,,,,,,,8748.02,2025-12-15,TRANSFER OF NET PROCEEDS,TRANSFERS,24G,TRANSFER OUT AFFILIATED,P,,CCM,CAMPAIGN COMMITTEE,PRIMARY,,1939994,F3X,202601309794883585,22,Transfers to Affiliated/Other Party Committees,4013020261304203314,2026-02-27T02:36:02,,,,false,,,,,,,,,,https://docquery.fec.gov/cgi-bin/fecimg/?202601309794883585,LANGHORNE,C00607416,BRIAN FITZPATRICK FOR ALL OF US,PA,190470939,,YE,2025,SB,ITEMIZED DISBURSEMENTS,0.00,J,"",N,4022620261359583452,BDA2E30CD31CA49DCB40,2026,C00607416
A,ADD,,,ANNA PAULINA LUNA FOR CONGRESS,ANNA,H0FL13158,PAULINA LUNA,,"PAULINA LUNA, ANNA",H,HOUSE,13,FL,FLORIDA,,,008,Transfers,,C00857649,,,,,,,6156.46,2025-12-15,TRANSFER OF NET PROCEEDS,TRANSFERS,24G,TRANSFER OUT AFFILIATED,P,,CCM,CAMPAIGN COMMITTEE,PRIMARY,,1939994,F3X,202601309794883584,22,Transfers to Affiliated/Other Party Committees,4013020261304203314,2026-02-27T02:36:02,,,,false,,,,,,,,,,https://docquery.fec.gov/cgi-bin/fecimg/?202601309794883584,SAINT PETERSBURG,C00718239,ANNA PAULINA LUNA FOR CONGRESS,FL,337022409,,YE,2025,SB,ITEMIZED DISBURSEMENTS,0.00,J,"",N,4022620261359583450,BC2003389B52A478089C,2026,C00718239
A,ADD,,,ALASKANS FOR NICK BEGICH,NICHOLAS,H2AK01083,BEGICH,III,"BEGICH, NICHOLAS III",H,HOUSE,00,AK,ALASKA,,,008,Transfers,,C00857649,,,,,,,7324.45,2025-12-15,TRANSFER OF NET PROCEEDS,TRANSFERS,24G,TRANSFER OUT AFFILIATED,P,,CCM,CAMPAIGN COMMITTEE,PRIMARY,,1939994,F3X,202601309794883584,22,Transfers to Affiliated/Other Party Committees,4013020261304203314,2026-02-27T02:36:02,,,,false,,,,,,,,,,https://docquery.fec.gov/cgi-bin/fecimg/?202601309794883584,CHUGIAK,C00792341,ALASKANS FOR NICK BEGICH,AK,995671710,,YE,2025,SB,ITEMIZED DISBURSEMENTS,0.00,J,"",N,4022620261359583449,B17E7A1FECB3E47D0A76,2026,C00792341
A,ADD,,,,,,,,,,,,,,,,010,Refunds of Contributions,,C00857649,,,,,,,-6600.0,2025-12-11,VOID CONTRIBUTION REFUND FROM 2/28/2025 LOST CHECK REISSUED 12/16/2025,REFUNDS,22Y,CONTRIBUTION REFUND TO INDIVIDUAL,P,,IND,INDIVIDUAL,PRIMARY,,1939994,F3X,202601309794883595,28A,Refunds of Contributions Made to Individuals/Persons Other Than Political Committees,4013020261304203314,2026-02-27T02:36:02,,,,false,,,,SYED,ANWAR,JAVAID,,,,https://docquery.fec.gov/cgi-bin/fecimg/?202601309794883595,MIDLAND,,"ANWAR, SYED JAVAID",TX,797014412,,YE,2025,SB,ITEMIZED DISBURSEMENTS,0.00,J,"",N,4022620261359583482,B49724683AE4042A5823,2026,
A,ADD,,,,,,,,,,,,,,,,001,Administrative/Salary/Overhead Expenses ,,C00857649,,,,,,,22.65,2025-12-09,SOFTWARE FEE,OTHER,,,,,ORG,ORGANIZATION,,,1939994,F3X,202601309794883580,21B,Other Federal Operating Expenditures,4013020261304203314,2026-02-27T02:36:02,,,,false,,,,,,,,,,https://docquery.fec.gov/cgi-bin/fecimg/?202601309794883580,ALVISO,,BILL.COM,CA,950022563,,YE,2025,SB,ITEMIZED DISBURSEMENTS,0.00,J,"",N,4022620261359583440,B2CC2456C96CA4099815,2026,
A,ADD,,,,,,,,,,,,,,,,003,Solicitation and Fundraising Expenses ,,C00857649,,,,,,,1000.0,2025-11-26,FUNDRAISING CONSULTING,OTHER,,,,,IND,INDIVIDUAL,,,1939994,F3X,202601309794883582,21B,Other Federal Operating Expenditures,4013020261304203314,2026-02-27T02:36:02,,,,false,,,,CAROLINE,BRENNAN,,,,,https://docquery.fec.gov/cgi-bin/fecimg/?202601309794883582,MIDLAND,,"BRENNAN, CAROLINE",TX,797071426,,YE,2025,SB,ITEMIZED DISBURSEMENTS,0.00,J,"",N,4022620261359583444,B3B21EA23DF654F84B98,2026,
A,ADD,,,,,,,,,,,,,,,,001,Administrative/Salary/Overhead Expenses ,,C00857649,,,,,,,23.26,2025-11-07,SOFTWARE FEE,OTHER,,,,,ORG,ORGANIZATION,,,1939994,F3X,202601309794883580,21B,Other Federal Operating Expenditures,4013020261304203314,2026-02-27T02:36:02,,,,false,,,,,,,,,,https://docquery.fec.gov/cgi-bin/fecimg/?202601309794883580,ALVISO,,BILL.COM,CA,950022563,,YE,2025,SB,ITEMIZED DISBURSEMENTS,0.00,J,"",N,4022620261359583439,B84DA8118E0EF467E90B,2026,
A,ADD,,,,,,,,,,,,,,,,003,Solicitation and Fundraising Expenses ,,C00857649,,,,,,,1000.0,2025-10-28,FUNDRAISING CONSULTING,OTHER,,,,,IND,INDIVIDUAL,,,1939994,F3X,202601309794883581,21B,Other Federal Operating Expenditures,4013020261304203314,2026-02-27T02:36:02,,,,false,,,,CAROLINE,BRENNAN,,,,,https://docquery.fec.gov/cgi-bin/fecimg/?202601309794883581,MIDLAND,,"BRENNAN, CAROLINE",TX,797071426,,YE,2025,SB,ITEMIZED DISBURSEMENTS,0.00,J,"",N,4022620261359583443,BDF583F73BAC04E70BAF,2026,
A,ADD,,,,,,,,,,,,,,,,001,Administrative/Salary/Overhead Expenses ,,C00857649,,,,,,,121.09,2025-10-24,COMPLIANCE CONSULTING,OTHER,,,,,ORG,ORGANIZATION,,,1939994,F3X,202601309794883583,21B,Other Federal Operating Expenditures,4013020261304203314,2026-02-27T02:36:02,,,,false,,,,,,,,,,https://docquery.fec.gov/cgi-bin/fecimg/?202601309794883583,BETHESDA,,CFS COMPLIANCE,MD,20824,,YE,2025,SB,ITEMIZED DISBURSEMENTS,0.00,J,"",N,4022620261359583447,B15631D3A37074D7E944,2026,
A,ADD,,,,,,,,,,,,,,,,001,Administrative/Salary/Overhead Expenses ,,C00857649,,,,,,,22.65,2025-10-07,SOFTWARE FEE,OTHER,,,,,ORG,ORGANIZATION,,,1939994,F3X,202601309794883580,21B,Other Federal Operating Expenditures,4013020261304203314,2026-02-27T02:36:02,,,,false,,,,,,,,,,https://docquery.fec.gov/cgi-bin/fecimg/?202601309794883580,ALVISO,,BILL.COM,CA,950022563,,YE,2025,SB,ITEMIZED DISBURSEMENTS,0.00,J,"",N,4022620261359583438,BB309A46D711B40048CC,2026,
A,ADD,,,,,,,,,,,,,,,,003,Solicitation and Fundraising Expenses ,,C00857649,,,,,,,1000.0,2025-10-02,FUNDRAISING CONSULTING,OTHER,,,,,IND,INDIVIDUAL,,,1939994,F3X,202601309794883581,21B,Other Federal Operating Expenditures,4013020261304203314,2026-02-27T02:36:02,,,,false,,,,CAROLINE,BRENNAN,,,,,https://docquery.fec.gov/cgi-bin/fecimg/?202601309794883581,MIDLAND,,"BRENNAN, CAROLINE",TX,797071426,,YE,2025,SB,ITEMIZED DISBURSEMENTS,0.00,J,"",N,4022620261359583442,B6F5C677A5F7F413BAC2,2026,
A,ADD,,,,,,,,,,,,,,,,003,Solicitation and Fundraising Expenses ,,C00857649,,,,,,,-2000.0,2025-10-01,VOID FUNDRAISING CONSULTING FROM 7/23/2025 DUPLICATE PAYMENTS NOT REISSUED NO DEBT OUTSTANDING,OTHER,,,,,IND,INDIVIDUAL,,,1939994,F3X,202601309794883581,21B,Other Federal Operating Expenditures,4013020261304203314,2026-02-27T02:36:02,,,,false,,,,CAROLINE,BRENNAN,,,,,https://docquery.fec.gov/cgi-bin/fecimg/?202601309794883581,MIDLAND,,"BRENNAN, CAROLINE",TX,797071426,,YE,2025,SB,ITEMIZED DISBURSEMENTS,0.00,J,"",N,4022620261359583441,B33B788F24A3A46DF9C1,2026,
A,ADD,,,,,,,,,,,,,,,,001,Administrative/Salary/Overhead Expenses ,,C00857649,,,,,,,772.5,2025-08-29,SOFTWARE SERVICE,OTHER,,,,,ORG,ORGANIZATION,,,1919290,F3X,202510149790785685,21B,Other Federal Operating Expenditures,4101420251292806120,2025-11-27T02:35:56,,,,false,,,,,,,,,,https://docquery.fec.gov/cgi-bin/fecimg/?202510149790785685,WASHINGTON,,"ARISTOTLE INTERNATIONAL, INC.",DC,200031164,,Q3,2025,SB,ITEMIZED DISBURSEMENTS,0.00,J,"",N,4112620251294966259,B4CF3A34EB663432C8E9,2026,
A,ADD,,,,,,,,,,,,,,,,001,Administrative/Salary/Overhead Expenses ,,C00857649,,,,,,,1000.0,2025-08-27,FUNDRAISING CONSULTING,OTHER,,,,,IND,INDIVIDUAL,,,1919290,F3X,202510149790785686,21B,Other Federal Operating Expenditures,4101420251292806120,2025-11-27T02:35:56,,,,false,,,,CAROLINE,BRENNAN,,,,,https://docquery.fec.gov/cgi-bin/fecimg/?202510149790785686,MIDLAND,,"BRENNAN, CAROLINE",TX,797071426,,Q3,2025,SB,ITEMIZED DISBURSEMENTS,0.00,J,"",N,4112620251294966263,BB2814387611F4DD6B75,2026,
A,ADD,,,ROB FOR PA,ROB,H4PA08124,BRESNAHAN,,"BRESNAHAN, ROB",H,HOUSE,08,PA,PENNSYLVANIA,,,008,Transfers,,C00857649,,,,,,,2800.55,2025-08-08,TRANSFER OF NET PROCEEDS,TRANSFERS,24G,TRANSFER OUT AFFILIATED,P,,CCM,CAMPAIGN COMMITTEE,PRIMARY,,1919290,F3X,202510149790785687,22,Transfers to Affiliated/Other Party Committees,4101420251292806120,2025-11-27T02:35:56,,,,false,,,,,,,,,,https://docquery.fec.gov/cgi-bin/fecimg/?202510149790785687,PITTSTON,C00852137,ROB FOR PA,PA,186406228,,Q3,2025,SB,ITEMIZED DISBURSEMENTS,0.00,J,"",N,4112620251294966266,B02DBD4E67E6A466495C,2026,C00852137
A,ADD,,,ROB FOR PA,ROB,H4PA08124,BRESNAHAN,,"BRESNAHAN, ROB",H,HOUSE,08,PA,PENNSYLVANIA,,,008,Transfers,,C00857649,,,,,,,-2800.55,2025-08-07,VOID TRANSFER OF NET PROCEEDS FROM 6/20/25 REISSUED 8/8/25,TRANSFERS,24G,TRANSFER OUT AFFILIATED,P,,CCM,CAMPAIGN COMMITTEE,PRIMARY,,1919290,F3X,202510149790785687,22,Transfers to Affiliated/Other Party Committees,4101420251292806120,2025-11-27T02:35:56,,,,false,,,,,,,,,,https://docquery.fec.gov/cgi-bin/fecimg/?202510149790785687,PITTSTON,C00852137,ROB FOR PA,PA,186406228,,Q3,2025,SB,ITEMIZED DISBURSEMENTS,0.00,J,"",N,4112620251294966265,BD4E873C3C1104C89ACA,2026,C00852137
A,ADD,,,,,,,,,,,,,,,,001,Administrative/Salary/Overhead Expenses ,,C00857649,,,,,,,188.1,2025-07-25,E-MERCHANT FEES,OTHER,,,,,ORG,ORGANIZATION,,,1919290,F3X,202510149790785686,21B,Other Federal Operating Expenditures,4101420251292806120,2025-11-27T02:35:56,,,,false,,,,,,,,,,https://docquery.fec.gov/cgi-bin/fecimg/?202510149790785686,BETHESDA,,CFS COMPLIANCE,MD,20824,,Q3,2025,SB,ITEMIZED DISBURSEMENTS,0.00,J,"",N,4112620251294966264,BB4B63625A0D84DE4B54,2026,
A,ADD,,,,,,,,,,,,,,,,003,Solicitation and Fundraising Expenses ,,C00857649,,,,,,,2000.0,2025-07-23,FUNDRAISING CONSULTING,OTHER,,,,,IND,INDIVIDUAL,,,1919290,F3X,202510149790785686,21B,Other Federal Operating Expenditures,4101420251292806120,2025-11-27T02:35:56,,,,false,,,,CAROLINE,BRENNAN,,,,,https://docquery.fec.gov/cgi-bin/fecimg/?202510149790785686,MIDLAND,,"BRENNAN, CAROLINE",TX,797071426,,Q3,2025,SB,ITEMIZED DISBURSEMENTS,0.00,J,"",N,4112620251294966262,B64B80CDC51764BC18FE,2026,
A,ADD,,,,,,,,,,,,,,,,001,Administrative/Salary/Overhead Expenses ,,C00857649,,,,,,,1000.0,2025-07-18,FUNDRAISING CONSULTING,OTHER,,,,,IND,INDIVIDUAL,,,1919290,F3X,202510149790785685,21B,Other Federal Operating Expenditures,4101420251292806120,2025-11-27T02:35:56,,,,false,,,,CAROLINE,BRENNAN,,,,,https://docquery.fec.gov/cgi-bin/fecimg/?202510149790785685,MIDLAND,,"BRENNAN, CAROLINE",TX,797071426,,Q3,2025,SB,ITEMIZED DISBURSEMENTS,0.00,J,"",N,4112620251294966261,B6262C874E3B940B5847,2026,
A,ADD,,,,,,,,,,,,,,,,001,Administrative/Salary/Overhead Expenses ,,C00857649,,,,,,,1000.0,2025-07-03,FUNDRAISING CONSULTING,OTHER,,,,,IND,INDIVIDUAL,,,1919290,F3X,202510149790785685,21B,Other Federal Operating Expenditures,4101420251292806120,2025-11-27T02:35:56,,,,false,,,,CAROLINE,BRENNAN,,,,,https://docquery.fec.gov/cgi-bin/fecimg/?202510149790785685,MIDLAND,,"BRENNAN, CAROLINE",TX,797071426,,Q3,2025,SB,ITEMIZED DISBURSEMENTS,0.00,J,"",N,4112620251294966260,B12C29C49404A4AC6B79,2026,
A,ADD,,,,,,,,,,,,,,,,001,Administrative/Salary/Overhead Expenses ,,C00857649,,,,,,,5160.0,2025-06-30,COMPLIANCE CONSULTING,OTHER,,,,,ORG,ORGANIZATION,,,1902082,F3X,202507159763100196,21B,Other Federal Operating Expenditures,4071520251208396399,2025-07-17T03:36:19,,,,false,,,,,,,,,,https://docquery.fec.gov/cgi-bin/fecimg/?202507159763100196,BETHESDA,,CFS COMPLIANCE,MD,20824,,Q2,2025,SB,ITEMIZED DISBURSEMENTS,0.00,J,"",N,4071620251208994972,B925D5C4B64614C1FB1B,2026,
A,ADD,,,RAPTOR PAC,,,,,,,,,,,,,008,Transfers,,C00857649,,,,,,,16803.32,2025-06-23,TRANSFER OF NET PROCEEDS,TRANSFERS,24G,TRANSFER OUT AFFILIATED,P,,PAC,POLITICAL ACTION COMMITTEE,PRIMARY,,1902082,F3X,202507159763100206,22,Transfers to Affiliated/Other Party Committees,4071520251208396399,2025-07-17T03:36:19,,,,false,,,,,,,,,,https://docquery.fec.gov/cgi-bin/fecimg/?202507159763100206,MIDLAND,C00749481,RAPTOR PAC,TX,797044864,,Q2,2025,SB,ITEMIZED DISBURSEMENTS,0.00,J,"",N,4071620251208995000,B1724BC5C3F8C45FE946,2026,C00749481
A,ADD,,,HOUSE CONSERVATIVES FUND,,,,,,,,,,,,,008,Transfers,,C00857649,,,,,,,14002.77,2025-06-23,TRANSFER OF NET PROCEEDS,TRANSFERS,24G,TRANSFER OUT AFFILIATED,P,,PAC,POLITICAL ACTION COMMITTEE,PRIMARY,,1902082,F3X,202507159763100200,22,Transfers to Affiliated/Other Party Committees,4071520251208396399,2025-07-17T03:36:19,,,,false,,,,,,,,,,https://docquery.fec.gov/cgi-bin/fecimg/?202507159763100200,ALEXANDRIA,C00326439,HOUSE CONSERVATIVES FUND,VA,223145404,,Q2,2025,SB,ITEMIZED DISBURSEMENTS,0.00,J,"",N,4071620251208994983,BB1143896CEB641BB890,2026,C00326439
A,ADD,,,CONSERVATIVES FOR AMERICA PAC,,,,,,,,,,,,,008,Transfers,,C00857649,,,,,,,11668.97,2025-06-23,TRANSFER OF NET PROCEEDS,TRANSFERS,24G,TRANSFER OUT AFFILIATED,P,,PAC,POLITICAL ACTION COMMITTEE,PRIMARY,,1902082,F3X,202507159763100199,22,Transfers to Affiliated/Other Party Committees,4071520251208396399,2025-07-17T03:36:19,,,,false,,,,,,,,,,https://docquery.fec.gov/cgi-bin/fecimg/?202507159763100199,BETHESDA,C00893263,CONSERVATIVES FOR AMERICA PAC,MD,208240844,,Q2,2025,SB,ITEMIZED DISBURSEMENTS,0.00,J,"",N,4071620251208994980,B686017C507704A1AB74,2026,C00893263
A,ADD,,,AUGUST PFLUGER FOR CONGRESS,AUGUST,H0TX11230,PFLUGER,LEE,"PFLUGER, AUGUST LEE",H,HOUSE,11,TX,TEXAS,,,008,Transfers,,C00857649,,,,,,,19603.88,2025-06-23,TRANSFER OF NET PROCEEDS,TRANSFERS,24G,TRANSFER OUT AFFILIATED,P,,CCM,CAMPAIGN COMMITTEE,PRIMARY,,1902082,F3X,202507159763100198,22,Transfers to Affiliated/Other Party Committees,4071520251208396399,2025-07-17T03:36:19,,,,false,,,,,,,,,,https://docquery.fec.gov/cgi-bin/fecimg/?202507159763100198,SAN ANGELO,C00719294,AUGUST PFLUGER FOR CONGRESS,TX,76902,,Q2,2025,SB,ITEMIZED DISBURSEMENTS,0.00,J,"",N,4071620251208994976,B936A15CE58E547E2AE5,2026,C00719294
A,ADD,,,,,,,,,,,,,,,,003,Solicitation and Fundraising Expenses ,,C00857649,,,,,,,2000.0,2025-06-23,FUNDRAISING CONSULTING,OTHER,,,,,IND,INDIVIDUAL,,,1902082,F3X,202507159763100195,21B,Other Federal Operating Expenditures,4071520251208396399,2025-07-17T03:36:19,,,,false,,,,CAROLINE,BRENNAN,,,,,https://docquery.fec.gov/cgi-bin/fecimg/?202507159763100195,MIDLAND,,"BRENNAN, CAROLINE",TX,797071426,,Q2,2025,SB,ITEMIZED DISBURSEMENTS,0.00,J,"",N,4071620251208994968,BE59572D35FEB4AE0AC0,2026,
A,ADD,,,ZINKE FOR CONGRESS,RYAN,H2MT02050,ZINKE,,"ZINKE, RYAN",H,HOUSE,00,MT,MONTANA,,,008,Transfers,,C00857649,,,,,,,2800.55,2025-06-20,TRANSFER OF NET PROCEEDS,TRANSFERS,24G,TRANSFER OUT AFFILIATED,P,,CCM,CAMPAIGN COMMITTEE,PRIMARY,,1902082,F3X,202507159763100209,22,Transfers to Affiliated/Other Party Committees,4071520251208396399,2025-07-17T03:36:19,,,,false,,,,,,,,,,https://docquery.fec.gov/cgi-bin/fecimg/?202507159763100209,WHITEFISH,C00778159,ZINKE FOR CONGRESS,MT,599372981,,Q2,2025,SB,ITEMIZED DISBURSEMENTS,0.00,J,"",N,4071620251208995010,B7A8C17B477184E6B9CA,2026,C00778159
A,ADD,,,YOUNG KIM FOR CONGRESS,YOUNG,H8CA39240,KIM,,"KIM, YOUNG",H,HOUSE,40,CA,CALIFORNIA,,,008,Transfers,,C00857649,,,,,,,2800.55,2025-06-20,TRANSFER OF NET PROCEEDS,TRANSFERS,24G,TRANSFER OUT AFFILIATED,P,,CCM,CAMPAIGN COMMITTEE,PRIMARY,,1902082,F3X,202507159763100209,22,Transfers to Affiliated/Other Party Committees,4071520251208396399,2025-07-17T03:36:19,,,,false,,,,,,,,,,https://docquery.fec.gov/cgi-bin/fecimg/?202507159763100209,ANAHEIM,C00665638,YOUNG KIM FOR CONGRESS,CA,928177490,,Q2,2025,SB,ITEMIZED DISBURSEMENTS,0.00,J,"",N,4071620251208995009,BC6BF254A519D49B2922,2026,C00665638
A,ADD,,,VAN ORDEN FOR CONGRESS,DERRICK F. MR.,H0WI03175,VAN ORDEN,,"VAN ORDEN, DERRICK F. MR.",H,HOUSE,03,WI,WISCONSIN,,,008,Transfers,,C00857649,,,,,,,2800.55,2025-06-20,TRANSFER OF NET PROCEEDS,TRANSFERS,24G,TRANSFER OUT AFFILIATED,P,,CCM,CAMPAIGN COMMITTEE,PRIMARY,,1902082,F3X,202507159763100208,22,Transfers to Affiliated/Other Party Committees,4071520251208396399,2025-07-17T03:36:19,,,,false,,,,,,,,,,https://docquery.fec.gov/cgi-bin/fecimg/?202507159763100208,LA CROSSE,C00742007,VAN ORDEN FOR CONGRESS,WI,546021836,,Q2,2025,SB,ITEMIZED DISBURSEMENTS,0.00,J,"",N,4071620251208995008,B5474B7B5E82D4637BBA,2026,C00742007
A,ADD,,,VALADAO FOR CONGRESS,DAVID,H2CA20094,VALADAO,,"VALADAO, DAVID",H,HOUSE,22,CA,CALIFORNIA,,,008,Transfers,,C00857649,,,,,,,2800.55,2025-06-20,TRANSFER OF NET PROCEEDS,TRANSFERS,24G,TRANSFER OUT AFFILIATED,P,,CCM,CAMPAIGN COMMITTEE,PRIMARY,,1902082,F3X,202507159763100208,22,Transfers to Affiliated/Other Party Committees,4071520251208396399,2025-07-17T03:36:19,,,,false,,,,,,,,,,https://docquery.fec.gov/cgi-bin/fecimg/?202507159763100208,FRESNO,C00499392,VALADAO FOR CONGRESS,CA,937042236,,Q2,2025,SB,ITEMIZED DISBURSEMENTS,0.00,J,"",N,4071620251208995007,B859CEF39AC9344CBAE5,2026,C00499392
A,ADD,,,TONY GONZALES FOR CONGRESS,ERNEST ANTHONY TONY,H0TX35015,GONZALES,II,"GONZALES, ERNEST ANTHONY TONY II",H,HOUSE,23,TX,TEXAS,,,008,Transfers,,C00857649,,,,,,,2800.55,2025-06-20,TRANSFER OF NET PROCEEDS,TRANSFERS,24G,TRANSFER OUT AFFILIATED,P,,CCM,CAMPAIGN COMMITTEE,PRIMARY,,1902082,F3X,202507159763100208,22,Transfers to Affiliated/Other Party Committees,4071520251208396399,2025-07-17T03:36:19,,,,false,,,,,,,,,,https://docquery.fec.gov/cgi-bin/fecimg/?202507159763100208,SAN ANTONIO,C00706614,TONY GONZALES FOR CONGRESS,TX,782700442,,Q2,2025,SB,ITEMIZED DISBURSEMENTS,0.00,J,"",N,4071620251208995006,B8082FC9416E74B8881B,2026,C00706614
A,ADD,,,TOM BARRETT FOR CONGRESS,THOMAS,H2MI07123,BARRETT,MORE,"BARRETT, THOMAS MORE",H,HOUSE,07,MI,MICHIGAN,,,008,Transfers,,C00857649,,,,,,,4900.97,2025-06-20,TRANSFER OF NET PROCEEDS,TRANSFERS,24G,TRANSFER OUT AFFILIATED,P,,CCM,CAMPAIGN COMMITTEE,PRIMARY,,1902082,F3X,202507159763100207,22,Transfers to Affiliated/Other Party Committees,4071520251208396399,2025-07-17T03:36:19,,,,false,,,,,,,,,,https://docquery.fec.gov/cgi-bin/fecimg/?202507159763100207,LANSING,C00793976,TOM BARRETT FOR CONGRESS,MI,489015221,,Q2,2025,SB,ITEMIZED DISBURSEMENTS,0.00,J,"",N,4071620251208995005,B7F428750B5BE4922BD9,2026,C00793976
A,ADD,,,"STEIL FOR WISCONSIN, INC.",BRYAN,H8WI01156,STEIL,GEORGE,"STEIL, BRYAN GEORGE",H,HOUSE,01,WI,WISCONSIN,,,008,Transfers,,C00857649,,,,,,,2800.55,2025-06-20,TRANSFER OF NET PROCEEDS,TRANSFERS,24G,TRANSFER OUT AFFILIATED,P,,CCM,CAMPAIGN COMMITTEE,PRIMARY,,1902082,F3X,202507159763100207,22,Transfers to Affiliated/Other Party Committees,4071520251208396399,2025-07-17T03:36:19,,,,false,,,,,,,,,,https://docquery.fec.gov/cgi-bin/fecimg/?202507159763100207,JANESVILLE,C00677286,"STEIL FOR WISCONSIN, INC.",WI,535451129,,Q2,2025,SB,ITEMIZED DISBURSEMENTS,0.00,J,"",N,4071620251208995004,B44EC70AF87DF4652821,2026,C00677286
A,ADD,,,SALAZAR FOR CONGRESS,MARIA,H8FL27185,SALAZAR,ELVIRA,"SALAZAR, MARIA ELVIRA",H,HOUSE,27,FL,FLORIDA,,,008,Transfers,,C00857649,,,,,,,1633.66,2025-06-20,TRANSFER OF NET PROCEEDS,TRANSFERS,24G,TRANSFER OUT AFFILIATED,P,,CCM,CAMPAIGN COMMITTEE,PRIMARY,,1902082,F3X,202507159763100207,22,Transfers to Affiliated/Other Party Committees,4071520251208396399,2025-07-17T03:36:19,,,,false,,,,,,,,,,https://docquery.fec.gov/cgi-bin/fecimg/?202507159763100207,CORAL GABLES,C00714261,SALAZAR FOR CONGRESS,FL,331341601,,Q2,2025,SB,ITEMIZED DISBURSEMENTS,0.00,J,"",N,4071620251208995003,B1674E112931C4B29989,2026,C00714261
A,ADD,,,ROB WITTMAN FOR CONGRESS,ROBERT J.,H8VA01147,WITTMAN,MR.,"WITTMAN, ROBERT J. MR.",H,HOUSE,01,VA,VIRGINIA,,,008,Transfers,,C00857649,,,,,,,2800.55,2025-06-20,TRANSFER OF NET PROCEEDS,TRANSFERS,24G,TRANSFER OUT AFFILIATED,P,,CCM,CAMPAIGN COMMITTEE,PRIMARY,,1902082,F3X,202507159763100206,22,Transfers to Affiliated/Other Party Committees,4071520251208396399,2025-07-17T03:36:19,,,,false,,,,,,,,,,https://docquery.fec.gov/cgi-bin/fecimg/?202507159763100206,ALEXANDRIA,C00441014,ROB WITTMAN FOR CONGRESS,VA,223130427,,Q2,2025,SB,ITEMIZED DISBURSEMENTS,0.00,J,"",N,4071620251208995002,BF7C336328FB5446D862,2026,C00441014
A,ADD,,,ROB FOR PA,ROB,H4PA08124,BRESNAHAN,,"BRESNAHAN, ROB",H,HOUSE,08,PA,PENNSYLVANIA,,,008,Transfers,,C00857649,,,,,,,2800.55,2025-06-20,TRANSFER OF NET PROCEEDS,TRANSFERS,24G,TRANSFER OUT AFFILIATED,P,,CCM,CAMPAIGN COMMITTEE,PRIMARY,,1902082,F3X,202507159763100206,22,Transfers to Affiliated/Other Party Committees,4071520251208396399,2025-07-17T03:36:19,,,,false,,,,,,,,,,https://docquery.fec.gov/cgi-bin/fecimg/?202507159763100206,PITTSTON,C00852137,ROB FOR PA,PA,186406228,,Q2,2025,SB,ITEMIZED DISBURSEMENTS,0.00,J,"",N,4071620251208995001,BFA1A122BD0AC451690F,2026,C00852137
A,ADD,,,PATRIOTS FOR PERRY,SCOTT,H2PA04135,PERRY,,"PERRY, SCOTT",H,HOUSE,10,PA,PENNSYLVANIA,,,008,Transfers,,C00857649,,,,,,,2800.55,2025-06-20,TRANSFER OF NET PROCEEDS,TRANSFERS,24G,TRANSFER OUT AFFILIATED,P,,CCM,CAMPAIGN COMMITTEE,PRIMARY,,1902082,F3X,202507159763100205,22,Transfers to Affiliated/Other Party Committees,4071520251208396399,2025-07-17T03:36:19,,,,false,,,,,,,,,,https://docquery.fec.gov/cgi-bin/fecimg/?202507159763100205,HARRISBURG,C00510164,PATRIOTS FOR PERRY,PA,171121020,,Q2,2025,SB,ITEMIZED DISBURSEMENTS,0.00,J,"",N,4071620251208994999,BE42D467AA75647C0B92,2026,C00510164
A,ADD,,,MONICA FOR CONGRESS,MONICA,H0TX15124,DE LA CRUZ HERNANDEZ,,"DE LA CRUZ HERNANDEZ, MONICA",H,HOUSE,15,TX,TEXAS,,,008,Transfers,,C00857649,,,,,,,2800.55,2025-06-20,TRANSFER OF NET PROCEEDS,TRANSFERS,24G,TRANSFER OUT AFFILIATED,P,,CCM,CAMPAIGN COMMITTEE,PRIMARY,,1902082,F3X,202507159763100205,22,Transfers to Affiliated/Other Party Committees,4071520251208396399,2025-07-17T03:36:19,,,,false,,,,,,,,,,https://docquery.fec.gov/cgi-bin/fecimg/?202507159763100205,MCALLEN,C00765719,MONICA FOR CONGRESS,TX,785024605,,Q2,2025,SB,ITEMIZED DISBURSEMENTS,0.00,J,"",N,4071620251208994998,BEEFCB09EB8C04648997,2026,C00765719
A,ADD,,,MILLER-MEEKS FOR CONGRESS,MARIANNETTE,H0IA02180,MILLER-MEEKS,JANE,"MILLER-MEEKS, MARIANNETTE JANE",H,HOUSE,02,IA,IOWA,,,008,Transfers,,C00857649,,,,,,,2800.55,2025-06-20,TRANSFER OF NET PROCEEDS,TRANSFERS,24G,TRANSFER OUT AFFILIATED,P,,CCM,CAMPAIGN COMMITTEE,PRIMARY,,1902082,F3X,202507159763100205,22,Transfers to Affiliated/Other Party Committees,4071520251208396399,2025-07-17T03:36:19,,,,false,,,,,,,,,,https://docquery.fec.gov/cgi-bin/fecimg/?202507159763100205,OTTUMWA,C00558825,MILLER-MEEKS FOR CONGRESS,IA,52501,,Q2,2025,SB,ITEMIZED DISBURSEMENTS,0.00,J,"",N,4071620251208994997,B09DCBF902F144E29B8F,2026,C00558825
A,ADD,,,MCGUIRE FOR VIRGINIA,JOHN,H4VA05071,MCGUIRE,,"MCGUIRE, JOHN",H,HOUSE,05,VA,VIRGINIA,,,008,Transfers,,C00857649,,,,,,,2800.55,2025-06-20,TRANSFER OF NET PROCEEDS,TRANSFERS,24G,TRANSFER OUT AFFILIATED,P,,CCM,CAMPAIGN COMMITTEE,PRIMARY,,1902082,F3X,202507159763100204,22,Transfers to Affiliated/Other Party Committees,4071520251208396399,2025-07-17T03:36:19,,,,false,,,,,,,,,,https://docquery.fec.gov/cgi-bin/fecimg/?202507159763100204,MANAKIN SABOT,C00856831,MCGUIRE FOR VIRGINIA,VA,231030242,,Q2,2025,SB,ITEMIZED DISBURSEMENTS,0.00,J,"",N,4071620251208994996,B4FE840DAAA474CB1BB2,2026,C00856831
A,ADD,,,MACKENZIE FOR CONGRESS COMMITTEE,RYAN,H8PA15195,MACKENZIE,EDWARD,"MACKENZIE, RYAN EDWARD",H,HOUSE,07,PA,PENNSYLVANIA,,,008,Transfers,,C00857649,,,,,,,2800.55,2025-06-20,TRANSFER OF NET PROCEEDS,TRANSFERS,24G,TRANSFER OUT AFFILIATED,P,,CCM,CAMPAIGN COMMITTEE,PRIMARY,,1902082,F3X,202507159763100204,22,Transfers to Affiliated/Other Party Committees,4071520251208396399,2025-07-17T03:36:19,,,,false,,,,,,,,,,https://docquery.fec.gov/cgi-bin/fecimg/?202507159763100204,EMMAUS,C00846501,MACKENZIE FOR CONGRESS COMMITTEE,PA,180490747,,Q2,2025,SB,ITEMIZED DISBURSEMENTS,0.00,J,"",N,4071620251208994995,BA6C6FCC7E7134D0497A,2026,C00846501
A,ADD,,,LAWLER FOR CONGRESS,MICHAEL,H2NY17162,LAWLER,VINCENT,"LAWLER, MICHAEL VINCENT",H,HOUSE,17,NY,NEW YORK,,,008,Transfers,,C00857649,,,,,,,2800.55,2025-06-20,TRANSFER OF NET PROCEEDS,TRANSFERS,24G,TRANSFER OUT AFFILIATED,P,,CCM,CAMPAIGN COMMITTEE,PRIMARY,,1902082,F3X,202507159763100204,22,Transfers to Affiliated/Other Party Committees,4071520251208396399,2025-07-17T03:36:19,,,,false,,,,,,,,,,https://docquery.fec.gov/cgi-bin/fecimg/?202507159763100204,SOUTH SALEM,C00815415,LAWLER FOR CONGRESS,NY,105900087,,Q2,2025,SB,ITEMIZED DISBURSEMENTS,0.00,J,"",N,4071620251208994994,BCB3FA7AEC84F476BB5E,2026,C00815415
A,ADD,,,LALOTA FOR CONGRESS,LALOTA,H2NY01190,NICK,,"NICK, LALOTA",H,HOUSE,01,NY,NEW YORK,,,008,Transfers,,C00857649,,,,,,,2800.55,2025-06-20,TRANSFER OF NET PROCEEDS,TRANSFERS,24G,TRANSFER OUT AFFILIATED,P,,CCM,CAMPAIGN COMMITTEE,PRIMARY,,1902082,F3X,202507159763100203,22,Transfers to Affiliated/Other Party Committees,4071520251208396399,2025-07-17T03:36:19,,,,false,,,,,,,,,,https://docquery.fec.gov/cgi-bin/fecimg/?202507159763100203,HAUPPAUGE,C00806018,LALOTA FOR CONGRESS,NY,117880155,,Q2,2025,SB,ITEMIZED DISBURSEMENTS,0.00,J,"",N,4071620251208994993,B6B96707058A14C6CAF3,2026,C00806018
A,ADD,,,KING-HINDS FOR CONGRESS,KIMBERLYN,H4MP01022,KING-HINDS,KAY,"KING-HINDS, KIMBERLYN KAY",H,HOUSE,01,MP,NORTHERN MARIANA ISL,,,008,Transfers,,C00857649,,,,,,,1633.66,2025-06-20,TRANSFER OF NET PROCEEDS,TRANSFERS,24G,TRANSFER OUT AFFILIATED,P,,CCM,CAMPAIGN COMMITTEE,PRIMARY,,1902082,F3X,202507159763100203,22,Transfers to Affiliated/Other Party Committees,4071520251208396399,2025-07-17T03:36:19,,,,false,,,,,,,,,,https://docquery.fec.gov/cgi-bin/fecimg/?202507159763100203,TINIAN,C00873554,KING-HINDS FOR CONGRESS,MP,969520064,,Q2,2025,SB,ITEMIZED DISBURSEMENTS,0.00,J,"",N,4071620251208994992,B7CEEC9A5F5EA473E990,2026,C00873554
A,ADD,,,KIGGANS FOR CONGRESS,JENNIFER,H2VA02064,KIGGANS,,"KIGGANS, JENNIFER",H,HOUSE,02,VA,VIRGINIA,,,008,Transfers,,C00857649,,,,,,,2800.55,2025-06-20,TRANSFER OF NET PROCEEDS,TRANSFERS,24G,TRANSFER OUT AFFILIATED,P,,CCM,CAMPAIGN COMMITTEE,PRIMARY,,1902082,F3X,202507159763100203,22,Transfers to Affiliated/Other Party Committees,4071520251208396399,2025-07-17T03:36:19,,,,false,,,,,,,,,,https://docquery.fec.gov/cgi-bin/fecimg/?202507159763100203,VIRGINIA BEACH,C00776120,KIGGANS FOR CONGRESS,VA,234710042,,Q2,2025,SB,ITEMIZED DISBURSEMENTS,0.00,J,"",N,4071620251208994991,B950BB8DC430848F1B2E,2026,C00776120
A,ADD,,,KEVIN KILEY FOR CONGRESS,KEVIN,H2CA03157,KILEY,,"KILEY, KEVIN",H,HOUSE,03,CA,CALIFORNIA,,,008,Transfers,,C00857649,,,,,,,2800.55,2025-06-20,TRANSFER OF NET PROCEEDS,TRANSFERS,24G,TRANSFER OUT AFFILIATED,P,,CCM,CAMPAIGN COMMITTEE,PRIMARY,,1902082,F3X,202507159763100202,22,Transfers to Affiliated/Other Party Committees,4071520251208396399,2025-07-17T03:36:19,,,,false,,,,,,,,,,https://docquery.fec.gov/cgi-bin/fecimg/?202507159763100202,GRANITE BAY,C00801985,KEVIN KILEY FOR CONGRESS,CA,957466618,,Q2,2025,SB,ITEMIZED DISBURSEMENTS,0.00,J,"",N,4071620251208994990,BBF29F58A19594381B8D,2026,C00801985
A,ADD,,,KEN CALVERT FOR CONGRESS COMMITTEE,KEN,H2CA37023,CALVERT,,"CALVERT, KEN",H,HOUSE,41,CA,CALIFORNIA,,,008,Transfers,,C00857649,,,,,,,2800.55,2025-06-20,TRANSFER OF NET PROCEEDS,TRANSFERS,24G,TRANSFER OUT AFFILIATED,P,,CCM,CAMPAIGN COMMITTEE,PRIMARY,,1902082,F3X,202507159763100202,22,Transfers to Affiliated/Other Party Committees,4071520251208396399,2025-07-17T03:36:19,,,,false,,,,,,,,,,https://docquery.fec.gov/cgi-bin/fecimg/?202507159763100202,CORONA,C00257337,KEN CALVERT FOR CONGRESS COMMITTEE,CA,928782438,,Q2,2025,SB,ITEMIZED DISBURSEMENTS,0.00,J,"",N,4071620251208994989,BBEF9FDF00F5F4538934,2026,C00257337
A,ADD,,,KEAN FOR CONGRESS INC,THOMAS H.,H0NJ07261,KEAN,JR.,"KEAN, THOMAS H. JR.",H,HOUSE,07,NJ,NEW JERSEY,,,008,Transfers,,C00857649,,,,,,,2800.55,2025-06-20,TRANSFER OF NET PROCEEDS,TRANSFERS,24G,TRANSFER OUT AFFILIATED,P,,CCM,CAMPAIGN COMMITTEE,PRIMARY,,1902082,F3X,202507159763100202,22,Transfers to Affiliated/Other Party Committees,4071520251208396399,2025-07-17T03:36:19,,,,false,,,,,,,,,,https://docquery.fec.gov/cgi-bin/fecimg/?202507159763100202,EDISON,C00703058,KEAN FOR CONGRESS INC,NJ,088180999,,Q2,2025,SB,ITEMIZED DISBURSEMENTS,0.00,J,"",N,4071620251208994988,B3CB636F8B84F442A9B0,2026,C00703058
A,ADD,,,JEFF HURD FOR CONGRESS,JEFFREY,H4CO03357,HURD,,"HURD, JEFFREY",H,HOUSE,03,CO,COLORADO,,,008,Transfers,,C00857649,,,,,,,2800.55,2025-06-20,TRANSFER OF NET PROCEEDS,TRANSFERS,24G,TRANSFER OUT AFFILIATED,P,,CCM,CAMPAIGN COMMITTEE,PRIMARY,,1902082,F3X,202507159763100201,22,Transfers to Affiliated/Other Party Committees,4071520251208396399,2025-07-17T03:36:19,,,,false,,,,,,,,,,https://docquery.fec.gov/cgi-bin/fecimg/?202507159763100201,GRAND JUNCTION,C00848333,JEFF HURD FOR CONGRESS,CO,815068815,,Q2,2025,SB,ITEMIZED DISBURSEMENTS,0.00,J,"",N,4071620251208994987,B4B7668C7B3D84FC89F4,2026,C00848333
A,ADD,,,JAMES MOYLAN FOR CONGRESS,JAMES,H2GU01031,MOYLAN,C.,"MOYLAN, JAMES C.",H,HOUSE,00,GU,GUAM,,,008,Transfers,,C00857649,,,,,,,2800.55,2025-06-20,TRANSFER OF NET PROCEEDS,TRANSFERS,24G,TRANSFER OUT AFFILIATED,P,,CCM,CAMPAIGN COMMITTEE,PRIMARY,,1902082,F3X,202507159763100201,22,Transfers to Affiliated/Other Party Committees,4071520251208396399,2025-07-17T03:36:19,,,,false,,,,,,,,,,https://docquery.fec.gov/cgi-bin/fecimg/?202507159763100201,TAMUNING,C00809343,JAMES MOYLAN FOR CONGRESS,GU,969316394,,Q2,2025,SB,ITEMIZED DISBURSEMENTS,0.00,J,"",N,4071620251208994986,B178C31F2730146A89F4,2026,C00809343
A,ADD,,,IOWANS FOR ZACH NUNN,ZACH,H2IA03119,NUNN,,"NUNN, ZACH",H,HOUSE,03,IA,IOWA,,,008,Transfers,,C00857649,,,,,,,2800.55,2025-06-20,TRANSFER OF NET PROCEEDS,TRANSFERS,24G,TRANSFER OUT AFFILIATED,P,,CCM,CAMPAIGN COMMITTEE,PRIMARY,,1902082,F3X,202507159763100201,22,Transfers to Affiliated/Other Party Committees,4071520251208396399,2025-07-17T03:36:19,,,,false,,,,,,,,,,https://docquery.fec.gov/cgi-bin/fecimg/?202507159763100201,BONDURANT,C00784389,IOWANS FOR ZACH NUNN,IA,500350011,,Q2,2025,SB,ITEMIZED DISBURSEMENTS,0.00,J,"",N,4071620251208994985,BAD4E8278E988445DB01,2026,C00784389
A,ADD,,,HUIZENGA FOR CONGRESS,WILLIAM,H0MI02094,HUIZENGA,P,"HUIZENGA, WILLIAM P",H,HOUSE,04,MI,MICHIGAN,,,008,Transfers,,C00857649,,,,,,,1633.66,2025-06-20,TRANSFER OF NET PROCEEDS,TRANSFERS,24G,TRANSFER OUT AFFILIATED,P,,CCM,CAMPAIGN COMMITTEE,PRIMARY,,1902082,F3X,202507159763100200,22,Transfers to Affiliated/Other Party Committees,4071520251208396399,2025-07-17T03:36:19,,,,false,,,,,,,,,,https://docquery.fec.gov/cgi-bin/fecimg/?202507159763100200,ZEELAND,C00459297,HUIZENGA FOR CONGRESS,MI,494640254,,Q2,2025,SB,ITEMIZED DISBURSEMENTS,0.00,J,"",N,4071620251208994984,B92BFB11F1E054FB3BD8,2026,C00459297
A,ADD,,,FRIENDS OF DAVID SCHWEIKERT,DAVID,H4AZ06045,SCHWEIKERT,S.,"SCHWEIKERT, DAVID S.",H,HOUSE,01,AZ,ARIZONA,,,008,Transfers,,C00857649,,,,,,,1633.66,2025-06-20,TRANSFER OF NET PROCEEDS,TRANSFERS,24G,TRANSFER OUT AFFILIATED,P,,CCM,CAMPAIGN COMMITTEE,PRIMARY,,1902082,F3X,202507159763100200,22,Transfers to Affiliated/Other Party Committees,4071520251208396399,2025-07-17T03:36:19,,,,false,,,,,,,,,,https://docquery.fec.gov/cgi-bin/fecimg/?202507159763100200,SCOTTSDALE,C00540617,FRIENDS OF DAVID SCHWEIKERT,AZ,852674907,,Q2,2025,SB,ITEMIZED DISBURSEMENTS,0.00,J,"",N,4071620251208994982,BDCFE6B7C6F0D42779C8,2026,C00540617
A,ADD,,,ELECTGABEEVANS.COM,TIMOTHY GABRIEL,H4CO08034,EVANS,JOSEPH,"EVANS, TIMOTHY GABRIEL JOSEPH",H,HOUSE,08,CO,COLORADO,,,008,Transfers,,C00857649,,,,,,,2800.55,2025-06-20,TRANSFER OF NET PROCEEDS,TRANSFERS,24G,TRANSFER OUT AFFILIATED,P,,CCM,CAMPAIGN COMMITTEE,PRIMARY,,1902082,F3X,202507159763100199,22,Transfers to Affiliated/Other Party Committees,4071520251208396399,2025-07-17T03:36:19,,,,false,,,,,,,,,,https://docquery.fec.gov/cgi-bin/fecimg/?202507159763100199,WESTMINSTER,C00849844,ELECTGABEEVANS.COM,CO,800350608,,Q2,2025,SB,ITEMIZED DISBURSEMENTS,0.00,J,"",N,4071620251208994981,B2AC0DC49CDBF4D61AA1,2026,C00849844
A,ADD,,,CISCOMANI FOR CONGRESS,JUAN,H2AZ02360,CISCOMANI,,"CISCOMANI, JUAN",H,HOUSE,06,AZ,ARIZONA,,,008,Transfers,,C00857649,,,,,,,4900.97,2025-06-20,TRANSFER OF NET PROCEEDS,TRANSFERS,24G,TRANSFER OUT AFFILIATED,P,,CCM,CAMPAIGN COMMITTEE,PRIMARY,,1902082,F3X,202507159763100199,22,Transfers to Affiliated/Other Party Committees,4071520251208396399,2025-07-17T03:36:19,,,,false,,,,,,,,,,https://docquery.fec.gov/cgi-bin/fecimg/?202507159763100199,TUCSON,C00786194,CISCOMANI FOR CONGRESS,AZ,857405103,,Q2,2025,SB,ITEMIZED DISBURSEMENTS,0.00,J,"",N,4071620251208994979,B4A17A26E006446D0BA6,2026,C00786194
A,ADD,,,CHUCK EDWARDS FOR CONGRESS,CHUCK,H2NC14050,EDWARDS,,"EDWARDS, CHUCK",H,HOUSE,11,NC,NORTH CAROLINA,,,008,Transfers,,C00857649,,,,,,,1633.66,2025-06-20,TRANSFER OF NET PROCEEDS,TRANSFERS,24G,TRANSFER OUT AFFILIATED,P,,CCM,CAMPAIGN COMMITTEE,PRIMARY,,1902082,F3X,202507159763100198,22,Transfers to Affiliated/Other Party Committees,4071520251208396399,2025-07-17T03:36:19,,,,false,,,,,,,,,,https://docquery.fec.gov/cgi-bin/fecimg/?202507159763100198,HENDERSONVILLE,C00796433,CHUCK EDWARDS FOR CONGRESS,NC,287924902,,Q2,2025,SB,ITEMIZED DISBURSEMENTS,0.00,J,"",N,4071620251208994978,BBC60999250AA49B2897,2026,C00796433
A,ADD,,,BRIAN FITZPATRICK FOR ALL OF US,BRIAN,H6PA08277,FITZPATRICK,,"FITZPATRICK, BRIAN",H,HOUSE,01,PA,PENNSYLVANIA,,,008,Transfers,,C00857649,,,,,,,2800.55,2025-06-20,TRANSFER OF NET PROCEEDS,TRANSFERS,24G,TRANSFER OUT AFFILIATED,P,,CCM,CAMPAIGN COMMITTEE,PRIMARY,,1902082,F3X,202507159763100198,22,Transfers to Affiliated/Other Party Committees,4071520251208396399,2025-07-17T03:36:19,,,,false,,,,,,,,,,https://docquery.fec.gov/cgi-bin/fecimg/?202507159763100198,LANGHORNE,C00607416,BRIAN FITZPATRICK FOR ALL OF US,PA,190470939,,Q2,2025,SB,ITEMIZED DISBURSEMENTS,0.00,J,"",N,4071620251208994977,B2FB650E68AB144D89AF,2026,C00607416
A,ADD,,,ASHLEY HINSON FOR CONGRESS,ASHLEY HINSON,H0IA01174,ARENHOLZ,,"ARENHOLZ, ASHLEY HINSON",H,HOUSE,02,IA,IOWA,,,008,Transfers,,C00857649,,,,,,,2800.55,2025-06-20,TRANSFER OF NET PROCEEDS,TRANSFERS,24G,TRANSFER OUT AFFILIATED,P,,CCM,CAMPAIGN COMMITTEE,PRIMARY,,1902082,F3X,202507159763100197,22,Transfers to Affiliated/Other Party Committees,4071520251208396399,2025-07-17T03:36:19,,,,false,,,,,,,,,,https://docquery.fec.gov/cgi-bin/fecimg/?202507159763100197,MARION,C00706267,ASHLEY HINSON FOR CONGRESS,IA,52302,,Q2,2025,SB,ITEMIZED DISBURSEMENTS,0.00,J,"",N,4071620251208994975,BB23841EC0A5E40FE9B8,2026,C00706267
A,ADD,,,ANNA PAULINA LUNA FOR CONGRESS,ANNA,H0FL13158,PAULINA LUNA,,"PAULINA LUNA, ANNA",H,HOUSE,13,FL,FLORIDA,,,008,Transfers,,C00857649,,,,,,,2800.55,2025-06-20,TRANSFER OF NET PROCEEDS,TRANSFERS,24G,TRANSFER OUT AFFILIATED,P,,CCM,CAMPAIGN COMMITTEE,PRIMARY,,1902082,F3X,202507159763100197,22,Transfers to Affiliated/Other Party Committees,4071520251208396399,2025-07-17T03:36:19,,,,false,,,,,,,,,,https://docquery.fec.gov/cgi-bin/fecimg/?202507159763100197,SAINT PETERSBURG,C00718239,ANNA PAULINA LUNA FOR CONGRESS,FL,337022409,,Q2,2025,SB,ITEMIZED DISBURSEMENTS,0.00,J,"",N,4071620251208994974,BD6F38CF9BD8E49DBB30,2026,C00718239
A,ADD,,,ALASKANS FOR NICK BEGICH,NICHOLAS,H2AK01083,BEGICH,III,"BEGICH, NICHOLAS III",H,HOUSE,00,AK,ALASKA,,,008,Transfers,,C00857649,,,,,,,4900.97,2025-06-20,TRANSFER OF NET PROCEEDS,TRANSFERS,24G,TRANSFER OUT AFFILIATED,P,,CCM,CAMPAIGN COMMITTEE,PRIMARY,,1902082,F3X,202507159763100197,22,Transfers to Affiliated/Other Party Committees,4071520251208396399,2025-07-17T03:36:19,,,,false,,,,,,,,,,https://docquery.fec.gov/cgi-bin/fecimg/?202507159763100197,CHUGIAK,C00792341,ALASKANS FOR NICK BEGICH,AK,995671710,,Q2,2025,SB,ITEMIZED DISBURSEMENTS,0.00,J,"",N,4071620251208994973,BA32250A2285B44CE8A0,2026,C00792341
A,ADD,,,,,,,,,,,,,,,,001,Administrative/Salary/Overhead Expenses ,,C00857649,,,,,,,750.0,2025-06-09,SOFTWARE SERVICE,OTHER,,,,,ORG,ORGANIZATION,,,1902082,F3X,202507159763100194,21B,Other Federal Operating Expenditures,4071520251208396399,2025-07-17T03:36:19,,,,false,,,,,,,,,,https://docquery.fec.gov/cgi-bin/fecimg/?202507159763100194,WASHINGTON,,"ARISTOTLE INTERNATIONAL, INC.",DC,200031164,,Q2,2025,SB,ITEMIZED DISBURSEMENTS,0.00,J,"",N,4071620251208994967,BAB9BB7D13BB448C0A58,2026,
A,ADD,,,,,,,,,,,,,,,,001,Administrative/Salary/Overhead Expenses ,,C00857649,,,,,,,25.0,2025-06-02,E-MERCHANT FEES,OTHER,,,,,ORG,ORGANIZATION,,,1902082,F3X,202507159763100196,21B,Other Federal Operating Expenditures,4071520251208396399,2025-07-17T03:36:19,,,,false,,,,,,,,,,https://docquery.fec.gov/cgi-bin/fecimg/?202507159763100196,BETHESDA,,CFS COMPLIANCE,MD,20824,,Q2,2025,SB,ITEMIZED DISBURSEMENTS,0.00,J,"",N,4071620251208994971,BC40ECF3EB88A49BC969,2026,
A,ADD,,,,,,,,,,,,,,,,001,Administrative/Salary/Overhead Expenses ,,C00857649,,,,,,,200.3,2025-06-02,E-MERCHANT FEES,OTHER,,,,,ORG,ORGANIZATION,,,1902082,F3X,202507159763100194,21B,Other Federal Operating Expenditures,4071520251208396399,2025-07-17T03:36:19,,,,false,,,,,,,,,,https://docquery.fec.gov/cgi-bin/fecimg/?202507159763100194,NEW ORLEANS,,ANEDOT,LA,70112,,Q2,2025,SB,ITEMIZED DISBURSEMENTS,0.00,J,"",N,4071620251208994966,B239D34BFAED14B9DBE0,2026,
A,ADD,,,,,,,,,,,,,,,,001,Administrative/Salary/Overhead Expenses ,,C00857649,,,,,,,33.98,2025-04-25,COMPLIANCE CONSULTING,OTHER,,,,,ORG,ORGANIZATION,,,1902082,F3X,202507159763100195,21B,Other Federal Operating Expenditures,4071520251208396399,2025-07-17T03:36:19,,,,false,,,,,,,,,,https://docquery.fec.gov/cgi-bin/fecimg/?202507159763100195,BETHESDA,,CFS COMPLIANCE,MD,20824,,Q2,2025,SB,ITEMIZED DISBURSEMENTS,0.00,J,"",N,4071620251208994970,B79BC5FEDBD3341EF8E2,2026,
A,ADD,,,,,,,,,,,,,,,,001,Administrative/Salary/Overhead Expenses ,,C00857649,,,,,,,125.0,2025-04-11,E-MERCHANT FEES,OTHER,,,,,ORG,ORGANIZATION,,,1902082,F3X,202507159763100195,21B,Other Federal Operating Expenditures,4071520251208396399,2025-07-17T03:36:19,,,,false,,,,,,,,,,https://docquery.fec.gov/cgi-bin/fecimg/?202507159763100195,BETHESDA,,CFS COMPLIANCE,MD,20824,,Q2,2025,SB,ITEMIZED DISBURSEMENTS,0.00,J,"",N,4071620251208994969,B9382663050B8411886C,2026,
A,ADD,,,,,,,,,,,,,,,,001,Administrative/Salary/Overhead Expenses ,,C00857649,,,,,,,1000.3,2025-04-11,E-MERCHANT FEES,OTHER,,,,,ORG,ORGANIZATION,,,1902082,F3X,202507159763100194,21B,Other Federal Operating Expenditures,4071520251208396399,2025-07-17T03:36:19,,,,false,,,,,,,,,,https://docquery.fec.gov/cgi-bin/fecimg/?202507159763100194,NEW ORLEANS,,ANEDOT,LA,70112,,Q2,2025,SB,ITEMIZED DISBURSEMENTS,0.00,J,"",N,4071620251208994965,B0062F699E6CE477E954,2026,
A,ADD,,,,,,,,,,,,,,,,001,Administrative/Salary/Overhead Expenses ,,C00857649,,,,,,,629.39,2025-03-25,COMPLIANCE CONSULTING,OTHER,,,,,ORG,ORGANIZATION,,,1886917,F3X,202504159755421629,21B,Other Federal Operating Expenditures,4041520251184163240,2025-04-18T03:36:47,,,,false,,,,,,,,,,https://docquery.fec.gov/cgi-bin/fecimg/?202504159755421629,BETHESDA,,CFS COMPLIANCE,MD,20824,,Q1,2025,SB,ITEMIZED DISBURSEMENTS,0.00,J,"",N,4041720251185296274,B73525BDAF6264474968,2026,
A,ADD,,,,,,,,,,,,,,,,001,Administrative/Salary/Overhead Expenses ,,C00857649,,,,,,,750.0,2025-03-08,SOFTWARE SERVICE,OTHER,,,,,ORG,ORGANIZATION,,,1886917,F3X,202504159755421629,21B,Other Federal Operating Expenditures,4041520251184163240,2025-04-18T03:36:47,,,,false,,,,,,,,,,https://docquery.fec.gov/cgi-bin/fecimg/?202504159755421629,WASHINGTON,,"ARISTOTLE INTERNATIONAL, INC.",DC,200031164,,Q1,2025,SB,ITEMIZED DISBURSEMENTS,0.00,J,"",N,4041720251185296272,BFAD3519EA5584FB69F3,2026,
A,ADD,,,,,,,,,,,,,,,,010,Refunds of Contributions,,C00857649,,,,,,,-6600.0,2025-02-28,VOID CONTRIBUTION REFUND FROM 2/27/2024 LOST CHECK REISSUED 2/28/2025,REFUNDS,22Y,CONTRIBUTION REFUND TO INDIVIDUAL,P,,IND,INDIVIDUAL,PRIMARY,,1886917,F3X,202504159755421630,28A,Refunds of Contributions Made to Individuals/Persons Other Than Political Committees,4041520251184163240,2025-04-18T03:36:47,,,,false,,,,SYED,ANWAR,JAVAID,,,,https://docquery.fec.gov/cgi-bin/fecimg/?202504159755421630,MIDLAND,,"ANWAR, SYED JAVAID",TX,79701,,Q1,2025,SB,ITEMIZED DISBURSEMENTS,0.00,J,"",N,4041720251185296276,B26E7BD1084FB4093822,2026,
A,ADD,,,,,,,,,,,,,,,,010,Refunds of Contributions,,C00857649,,,,,,,6600.0,2025-02-28,CONTRIBUTION REFUND,REFUNDS,22Y,CONTRIBUTION REFUND TO INDIVIDUAL,P,,IND,INDIVIDUAL,PRIMARY,,1886917,F3X,202504159755421630,28A,Refunds of Contributions Made to Individuals/Persons Other Than Political Committees,4041520251184163240,2025-04-18T03:36:47,,,,false,,,,SYED,ANWAR,JAVAID,,,,https://docquery.fec.gov/cgi-bin/fecimg/?202504159755421630,MIDLAND,,"ANWAR, SYED JAVAID",TX,79701,,Q1,2025,SB,ITEMIZED DISBURSEMENTS,0.00,J,"",N,4041720251185296275,B3299408E111A4C8484D,2026,
A,ADD,,,,,,,,,,,,,,,,001,Administrative/Salary/Overhead Expenses ,,C00857649,,,,,,,1050.0,2025-01-06,COMPLIANCE CONSULTING,OTHER,,,,,ORG,ORGANIZATION,,,1886917,F3X,202504159755421629,21B,Other Federal Operating Expenditures,4041520251184163240,2025-04-18T03:36:47,,,,false,,,,,,,,,,https://docquery.fec.gov/cgi-bin/fecimg/?202504159755421629,BETHESDA,,CFS COMPLIANCE,MD,20824,,Q1,2025,SB,ITEMIZED DISBURSEMENTS,0.00,J,"",N,4041720251185296273,B9B8601631A474DA7A4C,2026,
A,ADD,,,HOUSE CONSERVATIVES FUND,,,,,,,,,,,,,008,Transfers,,C00857649,,,,,,,5000.0,2024-12-30,TRANSFER OF NET PROCEEDS,TRANSFERS,24G,TRANSFER OUT AFFILIATED,P,,PAC,POLITICAL ACTION COMMITTEE,PRIMARY,,1871519,F3X,202501319748903106,22,Transfers to Affiliated/Other Party Committees,4013120251139345388,2025-02-11T02:35:47,,,,false,,,,,,,,,,https://docquery.fec.gov/cgi-bin/fecimg/?202501319748903106,ALEXANDRIA,C00326439,HOUSE CONSERVATIVES FUND,VA,223145404,,YE,2024,SB,ITEMIZED DISBURSEMENTS,0.00,J,,N,4021020251166955230,B4B8A7F5084E24B7AB65,2024,C00326439
A,ADD,,,,,,,,,,,,,,,,003,Solicitation and Fundraising Expenses ,,C00857649,,,,,,,87.74,2024-12-30,FUNDRAISING CONSULTING,OTHER,,,,,ORG,ORGANIZATION,,,1871519,F3X,202501319748903105,21B,Other Federal Operating Expenditures,4013120251139345388,2025-02-11T02:35:47,,,,false,,,,,,,,,,https://docquery.fec.gov/cgi-bin/fecimg/?202501319748903105,AUSTIN,,"LILLY & COMPANY, LLC",TX,78704,,YE,2024,SB,ITEMIZED DISBURSEMENTS,0.00,J,,N,4021020251166955229,B0990C5EB9D0A430EAF0,2024,
A,ADD,,,,,,,,,,,,,,,,001,Administrative/Salary/Overhead Expenses ,,C00857649,,,,,,,213.24,2024-12-30,COMPLIANCE CONSULTING,OTHER,,,,,ORG,ORGANIZATION,,,1871519,F3X,202501319748903104,21B,Other Federal Operating Expenditures,4013120251139345388,2025-02-11T02:35:47,,,,false,,,,,,,,,,https://docquery.fec.gov/cgi-bin/fecimg/?202501319748903104,BETHESDA,,CFS COMPLIANCE,MD,20824,,YE,2024,SB,ITEMIZED DISBURSEMENTS,0.00,J,,N,4021020251166955228,BCCA93895EFE34D9BB7B,2024,
A,ADD,,,,,,,,,,,,,,,,001,Administrative/Salary/Overhead Expenses ,,C00857649,,,,,,,750.0,2024-12-30,SOFTWARE SERVICE,OTHER,,,,,ORG,ORGANIZATION,,,1871519,F3X,202501319748903104,21B,Other Federal Operating Expenditures,4013120251139345388,2025-02-11T02:35:47,,,,false,,,,,,,,,,https://docquery.fec.gov/cgi-bin/fecimg/?202501319748903104,WASHINGTON,,"ARISTOTLE INTERNATIONAL, INC.",DC,200031164,,YE,2024,SB,ITEMIZED DISBURSEMENTS,0.00,J,,N,4021020251166955226,BE76BA1DEA5234B67B7B,2024,
A,ADD,,,RAPTOR PAC,,,,,,,,,,,,,008,Transfers,,C00857649,,,,,,,5000.0,2024-12-23,TRANSFER OF NET PROCEEDS,TRANSFERS,24G,TRANSFER OUT AFFILIATED,P,,PAC,POLITICAL ACTION COMMITTEE,PRIMARY,,1871519,F3X,202501319748903106,22,Transfers to Affiliated/Other Party Committees,4013120251139345388,2025-02-11T02:35:47,,,,false,,,,,,,,,,https://docquery.fec.gov/cgi-bin/fecimg/?202501319748903106,MIDLAND,C00749481,RAPTOR PAC,TX,797044864,,YE,2024,SB,ITEMIZED DISBURSEMENTS,0.00,J,,N,4021020251166955231,B9F88ACD7E53C4555838,2024,C00749481
A,ADD,,,,,,,,,,,,,,,,001,Administrative/Salary/Overhead Expenses ,,C00857649,,,,,,,20.98,2024-12-09,SOFTWARE FEE,OTHER,,,,,ORG,ORGANIZATION,,,1871519,F3X,202501319748903104,21B,Other Federal Operating Expenditures,4013120251139345388,2025-02-11T02:35:47,,,,false,,,,,,,,,,https://docquery.fec.gov/cgi-bin/fecimg/?202501319748903104,ALVISO,,BILL.COM,CA,950022563,,YE,2024,SB,ITEMIZED DISBURSEMENTS,0.00,J,,N,4021020251166955227,B40D4297DEA80474B80F,2024,
A,ADD,,,,,,,,,,,,,,,,003,Solicitation and Fundraising Expenses ,,C00857649,,,,,,,18500.0,2024-11-25,FUNDRAISING CONSULTING,OTHER,,,,,ORG,ORGANIZATION,,,1856816,F3X,202412059730910960,21B,Other Federal Operating Expenditures,4120520241074549530,2025-01-09T02:35:52,,,,false,,,,,,,,,,https://docquery.fec.gov/cgi-bin/fecimg/?202412059730910960,AUSTIN,,"LILLY & COMPANY, LLC",TX,78704,,30G,2024,SB,ITEMIZED DISBURSEMENTS,0.00,J,,N,4010820251127675255,B5015432C7CAC4FC796F,2024,
A,ADD,,,,,,,,,,,,,,,,001,Administrative/Salary/Overhead Expenses ,,C00857649,,,,,,,8493.0,2024-11-07,COMPLIANCE CONSULTING,OTHER,,,,,ORG,ORGANIZATION,,,1856816,F3X,202412059730910960,21B,Other Federal Operating Expenditures,4120520241074549530,2025-01-09T02:35:52,,,,false,,,,,,,,,,https://docquery.fec.gov/cgi-bin/fecimg/?202412059730910960,BETHESDA,,CFS COMPLIANCE,MD,20824,,30G,2024,SB,ITEMIZED DISBURSEMENTS,0.00,J,,N,4010820251127675254,BD84C503DEF8F4223AD6,2024,
A,ADD,,,,,,,,,,,,,,,,001,Administrative/Salary/Overhead Expenses ,,C00857649,,,,,,,22.67,2024-11-07,SOFTWARE FEE,OTHER,,,,,ORG,ORGANIZATION,,,1856816,F3X,202412059730910960,21B,Other Federal Operating Expenditures,4120520241074549530,2025-01-09T02:35:52,,,,false,,,,,,,,,,https://docquery.fec.gov/cgi-bin/fecimg/?202412059730910960,ALVISO,,BILL.COM,CA,950022563,,30G,2024,SB,ITEMIZED DISBURSEMENTS,0.00,J,,N,4010820251127675253,B3954EB5D2CD8454EBA5,2024,
A,ADD,,,YOUNG KIM FOR CONGRESS,YOUNG,H8CA39240,KIM,,"KIM, YOUNG",H,HOUSE,40,CA,CALIFORNIA,,,008,Transfers,,C00857649,,,,,,,3575.76,2024-10-31,TRANSFER OF NET PROCEEDS,TRANSFERS,24G,TRANSFER OUT AFFILIATED,P,,CCM,CAMPAIGN COMMITTEE,PRIMARY,,1856816,F3X,202412059730910974,22,Transfers to Affiliated/Other Party Committees,4120520241074549530,2025-01-09T02:35:52,,,,false,,,,,,,,,,https://docquery.fec.gov/cgi-bin/fecimg/?202412059730910974,ANAHEIM,C00665638,YOUNG KIM FOR CONGRESS,CA,928177490,,30G,2024,SB,ITEMIZED DISBURSEMENTS,0.00,J,,N,4010820251127675294,BAB931A83DC9647A2931,2024,C00665638
A,ADD,,,MIKE GARCIA FOR CONGRESS,MICHAEL,H0CA25105,GARCIA,,"GARCIA, MICHAEL",H,HOUSE,27,CA,CALIFORNIA,,,008,Transfers,,C00857649,,,,,,,5726.74,2024-10-31,TRANSFER OF NET PROCEEDS,TRANSFERS,24G,TRANSFER OUT AFFILIATED,P,,CCM,CAMPAIGN COMMITTEE,PRIMARY,,1856816,F3X,202412059730910970,22,Transfers to Affiliated/Other Party Committees,4120520241074549530,2025-01-09T02:35:52,,,,false,,,,,,,,,,https://docquery.fec.gov/cgi-bin/fecimg/?202412059730910970,IRVINE,C00701102,MIKE GARCIA FOR CONGRESS,CA,92618,,30G,2024,SB,ITEMIZED DISBURSEMENTS,0.00,J,,N,4010820251127675281,B4AD11FBB86E4452B9E2,2024,C00701102
A,ADD,,,ZINKE FOR CONGRESS,RYAN,H2MT02050,ZINKE,,"ZINKE, RYAN",H,HOUSE,00,MT,MONTANA,,,008,Transfers,,C00857649,,,,,,,5569.49,2024-10-30,TRANSFER OF NET PROCEEDS,TRANSFERS,24G,TRANSFER OUT AFFILIATED,P,,CCM,CAMPAIGN COMMITTEE,PRIMARY,,1856816,F3X,202412059730910974,22,Transfers to Affiliated/Other Party Committees,4120520241074549530,2025-01-09T02:35:52,,,,false,,,,,,,,,,https://docquery.fec.gov/cgi-bin/fecimg/?202412059730910974,WHITEFISH,C00778159,ZINKE FOR CONGRESS,MT,599372981,,30G,2024,SB,ITEMIZED DISBURSEMENTS,0.00,J,,N,4010820251127675295,BB6892AC40A184A3F9A7,2024,C00778159
A,ADD,,,VAN ORDEN FOR CONGRESS,DERRICK F. MR.,H0WI03175,VAN ORDEN,,"VAN ORDEN, DERRICK F. MR.",H,HOUSE,03,WI,WISCONSIN,,,008,Transfers,,C00857649,,,,,,,13929.04,2024-10-30,TRANSFER OF NET PROCEEDS,TRANSFERS,24G,TRANSFER OUT AFFILIATED,P,,CCM,CAMPAIGN COMMITTEE,PRIMARY,,1856816,F3X,202412059730910974,22,Transfers to Affiliated/Other Party Committees,4120520241074549530,2025-01-09T02:35:52,,,,false,,,,,,,,,,https://docquery.fec.gov/cgi-bin/fecimg/?202412059730910974,LA CROSSE,C00742007,VAN ORDEN FOR CONGRESS,WI,546021836,,30G,2024,SB,ITEMIZED DISBURSEMENTS,0.00,J,,N,4010820251127675293,B214966D17CF14FD394D,2024,C00742007
A,ADD,,,VALADAO FOR CONGRESS,DAVID,H2CA20094,VALADAO,,"VALADAO, DAVID",H,HOUSE,22,CA,CALIFORNIA,,,008,Transfers,,C00857649,,,,,,,14024.61,2024-10-30,TRANSFER OF NET PROCEEDS,TRANSFERS,24G,TRANSFER OUT AFFILIATED,P,,CCM,CAMPAIGN COMMITTEE,PRIMARY,,1856816,F3X,202412059730910973,22,Transfers to Affiliated/Other Party Committees,4120520241074549530,2025-01-09T02:35:52,,,,false,,,,,,,,,,https://docquery.fec.gov/cgi-bin/fecimg/?202412059730910973,FRESNO,C00499392,VALADAO FOR CONGRESS,CA,937042236,,30G,2024,SB,ITEMIZED DISBURSEMENTS,0.00,J,,N,4010820251127675292,B02F2626D5F2B43FEB14,2024,C00499392
A,ADD,,,TONY GONZALES FOR CONGRESS,ERNEST ANTHONY TONY,H0TX35015,GONZALES,II,"GONZALES, ERNEST ANTHONY TONY II",H,HOUSE,23,TX,TEXAS,,,008,Transfers,,C00857649,,,,,,,2283.31,2024-10-30,TRANSFER OF NET PROCEEDS,TRANSFERS,24G,TRANSFER OUT AFFILIATED,P,,CCM,CAMPAIGN COMMITTEE,PRIMARY,,1856816,F3X,202412059730910973,22,Transfers to Affiliated/Other Party Committees,4120520241074549530,2025-01-09T02:35:52,,,,false,,,,,,,,,,https://docquery.fec.gov/cgi-bin/fecimg/?202412059730910973,SAN ANTONIO,C00706614,TONY GONZALES FOR CONGRESS,TX,782700442,,30G,2024,SB,ITEMIZED DISBURSEMENTS,0.00,J,,N,4010820251127675291,BB90B8DCEA64449CB931,2024,C00706614
A,ADD,,,"STEIL FOR WISCONSIN, INC.",BRYAN,H8WI01156,STEIL,GEORGE,"STEIL, BRYAN GEORGE",H,HOUSE,01,WI,WISCONSIN,,,008,Transfers,,C00857649,,,,,,,7721.79,2024-10-30,TRANSFER OF NET PROCEEDS,TRANSFERS,24G,TRANSFER OUT AFFILIATED,P,,CCM,CAMPAIGN COMMITTEE,PRIMARY,,1856816,F3X,202412059730910973,22,Transfers to Affiliated/Other Party Committees,4120520241074549530,2025-01-09T02:35:52,,,,false,,,,,,,,,,https://docquery.fec.gov/cgi-bin/fecimg/?202412059730910973,JANESVILLE,C00677286,"STEIL FOR WISCONSIN, INC.",WI,535451129,,30G,2024,SB,ITEMIZED DISBURSEMENTS,0.00,J,,N,4010820251127675290,BBCBA0391EB5843E4B36,2024,C00677286
A,ADD,,,SALAZAR FOR CONGRESS,MARIA,H8FL27185,SALAZAR,ELVIRA,"SALAZAR, MARIA ELVIRA",H,HOUSE,27,FL,FLORIDA,,,008,Transfers,,C00857649,,,,,,,3354.67,2024-10-30,TRANSFER OF NET PROCEEDS,TRANSFERS,24G,TRANSFER OUT AFFILIATED,P,,CCM,CAMPAIGN COMMITTEE,PRIMARY,,1856816,F3X,202412059730910972,22,Transfers to Affiliated/Other Party Committees,4120520241074549530,2025-01-09T02:35:52,,,,false,,,,,,,,,,https://docquery.fec.gov/cgi-bin/fecimg/?202412059730910972,CORAL GABLES,C00714261,SALAZAR FOR CONGRESS,FL,331341601,,30G,2024,SB,ITEMIZED DISBURSEMENTS,0.00,J,,N,4010820251127675289,B6F1E1B54AA7C4621836,2024,C00714261
A,ADD,,,RAPTOR PAC,,,,,,,,,,,,,008,Transfers,,C00857649,,,,,,,25609.36,2024-10-30,TRANSFER OF NET PROCEEDS,TRANSFERS,24G,TRANSFER OUT AFFILIATED,P,,PAC,POLITICAL ACTION COMMITTEE,PRIMARY,,1856816,F3X,202412059730910972,22,Transfers to Affiliated/Other Party Committees,4120520241074549530,2025-01-09T02:35:52,,,,false,,,,,,,,,,https://docquery.fec.gov/cgi-bin/fecimg/?202412059730910972,MIDLAND,C00749481,RAPTOR PAC,TX,797044864,,30G,2024,SB,ITEMIZED DISBURSEMENTS,0.00,J,,N,4010820251127675288,BEB6A1EFDF65648D4A87,2024,C00749481
A,ADD,,,PATRIOTS FOR PERRY,SCOTT,H2PA04135,PERRY,,"PERRY, SCOTT",H,HOUSE,10,PA,PENNSYLVANIA,,,008,Transfers,,C00857649,,,,,,,14174.24,2024-10-30,TRANSFER OF NET PROCEEDS,TRANSFERS,24G,TRANSFER OUT AFFILIATED,P,,CCM,CAMPAIGN COMMITTEE,PRIMARY,,1856816,F3X,202412059730910972,22,Transfers to Affiliated/Other Party Committees,4120520241074549530,2025-01-09T02:35:52,,,,false,,,,,,,,,,https://docquery.fec.gov/cgi-bin/fecimg/?202412059730910972,HARRISBURG,C00510164,PATRIOTS FOR PERRY,PA,171121020,,30G,2024,SB,ITEMIZED DISBURSEMENTS,0.00,J,,N,4010820251127675287,BD72BC37792DB4F5D9F8,2024,C00510164
A,ADD,,,NRCC,,,,,,,,,,,,,008,Transfers,,C00857649,,,,,,,2310.34,2024-10-30,TRANSFER OF NET PROCEEDS,TRANSFERS,24G,TRANSFER OUT AFFILIATED,P,,PTY,POLITICAL PARTY COMMITTEE,PRIMARY,,1856816,F3X,202412059730910971,22,Transfers to Affiliated/Other Party Committees,4120520241074549530,2025-01-09T02:35:52,,,,false,,,,,,,,,,https://docquery.fec.gov/cgi-bin/fecimg/?202412059730910971,WASHINGTON,C00075820,NRCC,DC,20003,,30G,2024,SB,ITEMIZED DISBURSEMENTS,0.00,J,,N,4010820251127675286,BA8D66861263844078BB,2024,C00075820
A,ADD,,,NRCC,,,,,,,,,,,,,008,Transfers,,C00857649,,,,,,,715.8,2024-10-30,TRANSFER OF NET PROCEEDS,TRANSFERS,24G,TRANSFER OUT AFFILIATED,P,,PTY,POLITICAL PARTY COMMITTEE,PRIMARY,,1856816,F3X,202412059730910971,22,Transfers to Affiliated/Other Party Committees,4120520241074549530,2025-01-09T02:35:52,,,,false,,,,,,,,,,https://docquery.fec.gov/cgi-bin/fecimg/?202412059730910971,WASHINGTON,C00075820,NRCC,DC,20003,,30G,2024,SB,ITEMIZED DISBURSEMENTS,0.00,J,,N,4010820251127675285,B538A18B5DAD34B7B958,2024,C00075820
A,ADD,,,NANCY MACE FOR CONGRESS,NANCY,H0SC01394,MACE,,"MACE, NANCY",H,HOUSE,01,SC,SOUTH CAROLINA,,,008,Transfers,,C00857649,,,,,,,3273.22,2024-10-30,TRANSFER OF NET PROCEEDS,TRANSFERS,24G,TRANSFER OUT AFFILIATED,P,,CCM,CAMPAIGN COMMITTEE,PRIMARY,,1856816,F3X,202412059730910971,22,Transfers to Affiliated/Other Party Committees,4120520241074549530,2025-01-09T02:35:52,,,,false,,,,,,,,,,https://docquery.fec.gov/cgi-bin/fecimg/?202412059730910971,CHARLESTON,C00710103,NANCY MACE FOR CONGRESS,SC,29492,,30G,2024,SB,ITEMIZED DISBURSEMENTS,0.00,J,,N,4010820251127675284,B6A9AB32EE6A54CF49FC,2024,C00710103
A,ADD,,,MONICA FOR CONGRESS,MONICA,H0TX15124,DE LA CRUZ HERNANDEZ,,"DE LA CRUZ HERNANDEZ, MONICA",H,HOUSE,15,TX,TEXAS,,,008,Transfers,,C00857649,,,,,,,2415.61,2024-10-30,TRANSFER OF NET PROCEEDS,TRANSFERS,24G,TRANSFER OUT AFFILIATED,P,,CCM,CAMPAIGN COMMITTEE,PRIMARY,,1856816,F3X,202412059730910970,22,Transfers to Affiliated/Other Party Committees,4120520241074549530,2025-01-09T02:35:52,,,,false,,,,,,,,,,https://docquery.fec.gov/cgi-bin/fecimg/?202412059730910970,MCALLEN,C00765719,MONICA FOR CONGRESS,TX,785024605,,30G,2024,SB,ITEMIZED DISBURSEMENTS,0.00,J,,N,4010820251127675283,BEADBCA7A47C04973A98,2024,C00765719
A,ADD,,,MILLER-MEEKS FOR CONGRESS,MARIANNETTE,H0IA02180,MILLER-MEEKS,JANE,"MILLER-MEEKS, MARIANNETTE JANE",H,HOUSE,02,IA,IOWA,,,008,Transfers,,C00857649,,,,,,,3284.24,2024-10-30,TRANSFER OF NET PROCEEDS,TRANSFERS,24G,TRANSFER OUT AFFILIATED,P,,CCM,CAMPAIGN COMMITTEE,PRIMARY,,1856816,F3X,202412059730910970,22,Transfers to Affiliated/Other Party Committees,4120520241074549530,2025-01-09T02:35:52,,,,false,,,,,,,,,,https://docquery.fec.gov/cgi-bin/fecimg/?202412059730910970,OTTUMWA,C00558825,MILLER-MEEKS FOR CONGRESS,IA,52501,,30G,2024,SB,ITEMIZED DISBURSEMENTS,0.00,J,,N,4010820251127675282,B0CE68F79545A4F75B47,2024,C00558825
A,ADD,,,MICHELLE STEEL FOR CONGRESS,MICHELLE,H0CA48198,STEEL,,"STEEL, MICHELLE",H,HOUSE,45,CA,CALIFORNIA,,,008,Transfers,,C00857649,,,,,,,3178.56,2024-10-30,TRANSFER OF NET PROCEEDS,TRANSFERS,24G,TRANSFER OUT AFFILIATED,P,,CCM,CAMPAIGN COMMITTEE,PRIMARY,,1856816,F3X,202412059730910969,22,Transfers to Affiliated/Other Party Committees,4120520241074549530,2025-01-09T02:35:52,,,,false,,,,,,,,,,https://docquery.fec.gov/cgi-bin/fecimg/?202412059730910969,IRVINE,C00704981,MICHELLE STEEL FOR CONGRESS,CA,926184691,,30G,2024,SB,ITEMIZED DISBURSEMENTS,0.00,J,,N,4010820251127675280,BFEAE8F56D4DA4404B7C,2024,C00704981
A,ADD,,,MAYRA FLORES FOR CONGRESS,MAYRA,H2TX34113,FLORES,NOHEMI,"FLORES, MAYRA NOHEMI",H,HOUSE,34,TX,TEXAS,,,008,Transfers,,C00857649,,,,,,,2059.8,2024-10-30,TRANSFER OF NET PROCEEDS,TRANSFERS,24G,TRANSFER OUT AFFILIATED,P,,CCM,CAMPAIGN COMMITTEE,PRIMARY,,1856816,F3X,202412059730910969,22,Transfers to Affiliated/Other Party Committees,4120520241074549530,2025-01-09T02:35:52,,,,false,,,,,,,,,,https://docquery.fec.gov/cgi-bin/fecimg/?202412059730910969,LOS INDIOS,C00768994,MAYRA FLORES FOR CONGRESS,TX,785670516,,30G,2024,SB,ITEMIZED DISBURSEMENTS,0.00,J,,N,4010820251127675279,B64DA2BFF32764DD9B04,2024,C00768994
A,ADD,,,MARC FOR US INC.,MARCUS,H2NY19127,MOLINARO,J.,"MOLINARO, MARCUS J.",H,HOUSE,19,NY,NEW YORK,,,008,Transfers,,C00857649,,,,,,,14912.36,2024-10-30,TRANSFER OF NET PROCEEDS,TRANSFERS,24G,TRANSFER OUT AFFILIATED,P,,CCM,CAMPAIGN COMMITTEE,PRIMARY,,1856816,F3X,202412059730910969,22,Transfers to Affiliated/Other Party Committees,4120520241074549530,2025-01-09T02:35:52,,,,false,,,,,,,,,,https://docquery.fec.gov/cgi-bin/fecimg/?202412059730910969,LEEDS,C00789586,MARC FOR US INC.,NY,124510219,,30G,2024,SB,ITEMIZED DISBURSEMENTS,0.00,J,,N,4010820251127675278,B07C0833A9EAC4189AF3,2024,C00789586
A,ADD,,,LORI CHAVEZ-DEREMER FOR CONGRESS,LORI,H2OR05209,CHAVEZ-DEREMER,,"CHAVEZ-DEREMER, LORI",H,HOUSE,05,OR,OREGON,,,008,Transfers,,C00857649,,,,,,,14043.04,2024-10-30,TRANSFER OF NET PROCEEDS,TRANSFERS,24G,TRANSFER OUT AFFILIATED,P,,CCM,CAMPAIGN COMMITTEE,PRIMARY,,1856816,F3X,202412059730910968,22,Transfers to Affiliated/Other Party Committees,4120520241074549530,2025-01-09T02:35:52,,,,false,,,,,,,,,,https://docquery.fec.gov/cgi-bin/fecimg/?202412059730910968,HAPPY VALLEY,C00784520,LORI CHAVEZ-DEREMER FOR CONGRESS,OR,970868738,,30G,2024,SB,ITEMIZED DISBURSEMENTS,0.00,J,,N,4010820251127675277,B2941EAD49FAE4FF3B15,2024,C00784520
A,ADD,,,LAWLER FOR CONGRESS,MICHAEL,H2NY17162,LAWLER,VINCENT,"LAWLER, MICHAEL VINCENT",H,HOUSE,17,NY,NEW YORK,,,008,Transfers,,C00857649,,,,,,,16488.39,2024-10-30,TRANSFER OF NET PROCEEDS,TRANSFERS,24G,TRANSFER OUT AFFILIATED,P,,CCM,CAMPAIGN COMMITTEE,PRIMARY,,1856816,F3X,202412059730910968,22,Transfers to Affiliated/Other Party Committees,4120520241074549530,2025-01-09T02:35:52,,,,false,,,,,,,,,,https://docquery.fec.gov/cgi-bin/fecimg/?202412059730910968,SOUTH SALEM,C00815415,LAWLER FOR CONGRESS,NY,105900087,,30G,2024,SB,ITEMIZED DISBURSEMENTS,0.00,J,,N,4010820251127675276,BE4F92BF039534516966,2024,C00815415
A,ADD,,,LALOTA FOR CONGRESS,LALOTA,H2NY01190,NICK,,"NICK, LALOTA",H,HOUSE,01,NY,NEW YORK,,,008,Transfers,,C00857649,,,,,,,8270.18,2024-10-30,TRANSFER OF NET PROCEEDS,TRANSFERS,24G,TRANSFER OUT AFFILIATED,P,,CCM,CAMPAIGN COMMITTEE,PRIMARY,,1856816,F3X,202412059730910968,22,Transfers to Affiliated/Other Party Committees,4120520241074549530,2025-01-09T02:35:52,,,,false,,,,,,,,,,https://docquery.fec.gov/cgi-bin/fecimg/?202412059730910968,HAUPPAUGE,C00806018,LALOTA FOR CONGRESS,NY,117880155,,30G,2024,SB,ITEMIZED DISBURSEMENTS,0.00,J,,N,4010820251127675275,B76B382471FE348DF8B9,2024,C00806018
A,ADD,,,KIGGANS FOR CONGRESS,JENNIFER,H2VA02064,KIGGANS,,"KIGGANS, JENNIFER",H,HOUSE,02,VA,VIRGINIA,,,008,Transfers,,C00857649,,,,,,,3340.73,2024-10-30,TRANSFER OF NET PROCEEDS,TRANSFERS,24G,TRANSFER OUT AFFILIATED,P,,CCM,CAMPAIGN COMMITTEE,PRIMARY,,1856816,F3X,202412059730910967,22,Transfers to Affiliated/Other Party Committees,4120520241074549530,2025-01-09T02:35:52,,,,false,,,,,,,,,,https://docquery.fec.gov/cgi-bin/fecimg/?202412059730910967,VIRGINIA BEACH,C00776120,KIGGANS FOR CONGRESS,VA,234710042,,30G,2024,SB,ITEMIZED DISBURSEMENTS,0.00,J,,N,4010820251127675274,BC8A95AA86EDB4E6C916,2024,C00776120
A,ADD,,,KEVIN KILEY FOR CONGRESS,KEVIN,H2CA03157,KILEY,,"KILEY, KEVIN",H,HOUSE,03,CA,CALIFORNIA,,,008,Transfers,,C00857649,,,,,,,3295.69,2024-10-30,TRANSFER OF NET PROCEEDS,TRANSFERS,24G,TRANSFER OUT AFFILIATED,P,,CCM,CAMPAIGN COMMITTEE,PRIMARY,,1856816,F3X,202412059730910967,22,Transfers to Affiliated/Other Party Committees,4120520241074549530,2025-01-09T02:35:52,,,,false,,,,,,,,,,https://docquery.fec.gov/cgi-bin/fecimg/?202412059730910967,GRANITE BAY,C00801985,KEVIN KILEY FOR CONGRESS,CA,957466618,,30G,2024,SB,ITEMIZED DISBURSEMENTS,0.00,J,,N,4010820251127675273,B2799E31D4F6C42F49D1,2024,C00801985
A,ADD,,,KEN CALVERT FOR CONGRESS COMMITTEE,KEN,H2CA37023,CALVERT,,"CALVERT, KEN",H,HOUSE,41,CA,CALIFORNIA,,,008,Transfers,,C00857649,,,,,,,3387.42,2024-10-30,TRANSFER OF NET PROCEEDS,TRANSFERS,24G,TRANSFER OUT AFFILIATED,P,,CCM,CAMPAIGN COMMITTEE,PRIMARY,,1856816,F3X,202412059730910967,22,Transfers to Affiliated/Other Party Committees,4120520241074549530,2025-01-09T02:35:52,,,,false,,,,,,,,,,https://docquery.fec.gov/cgi-bin/fecimg/?202412059730910967,CORONA,C00257337,KEN CALVERT FOR CONGRESS COMMITTEE,CA,928782438,,30G,2024,SB,ITEMIZED DISBURSEMENTS,0.00,J,,N,4010820251127675272,BE4538EC79D86420E821,2024,C00257337
A,ADD,,,KEAN FOR CONGRESS INC,THOMAS H.,H0NJ07261,KEAN,JR.,"KEAN, THOMAS H. JR.",H,HOUSE,07,NJ,NEW JERSEY,,,008,Transfers,,C00857649,,,,,,,6218.4,2024-10-30,TRANSFER OF NET PROCEEDS,TRANSFERS,24G,TRANSFER OUT AFFILIATED,P,,CCM,CAMPAIGN COMMITTEE,PRIMARY,,1856816,F3X,202412059730910966,22,Transfers to Affiliated/Other Party Committees,4120520241074549530,2025-01-09T02:35:52,,,,false,,,,,,,,,,https://docquery.fec.gov/cgi-bin/fecimg/?202412059730910966,EDISON,C00703058,KEAN FOR CONGRESS INC,NJ,088180999,,30G,2024,SB,ITEMIZED DISBURSEMENTS,0.00,J,,N,4010820251127675271,B8DBC292012ED483680F,2024,C00703058
A,ADD,,,"JOHN JAMES FOR CONGRESS, INC.",JOHN,H2MI10150,JAMES,,"JAMES, JOHN",H,HOUSE,10,MI,MICHIGAN,,,008,Transfers,,C00857649,,,,,,,5313.91,2024-10-30,TRANSFER OF NET PROCEEDS,TRANSFERS,24G,TRANSFER OUT AFFILIATED,P,,CCM,CAMPAIGN COMMITTEE,PRIMARY,,1856816,F3X,202412059730910966,22,Transfers to Affiliated/Other Party Committees,4120520241074549530,2025-01-09T02:35:52,,,,false,,,,,,,,,,https://docquery.fec.gov/cgi-bin/fecimg/?202412059730910966,SAINT CLAIR SHORES,C00803502,"JOHN JAMES FOR CONGRESS, INC.",MI,480800628,,30G,2024,SB,ITEMIZED DISBURSEMENTS,0.00,J,,N,4010820251127675270,BF3B0ABA5FF7847378E5,2024,C00803502
A,ADD,,,JOHN DUARTE FOR CONGRESS,JOHN,H2CA13131,DUARTE,S,"DUARTE, JOHN S",H,HOUSE,13,CA,CALIFORNIA,,,008,Transfers,,C00857649,,,,,,,14001.35,2024-10-30,TRANSFER OF NET PROCEEDS,TRANSFERS,24G,TRANSFER OUT AFFILIATED,P,,CCM,CAMPAIGN COMMITTEE,PRIMARY,,1856816,F3X,202412059730910966,22,Transfers to Affiliated/Other Party Committees,4120520241074549530,2025-01-09T02:35:52,,,,false,,,,,,,,,,https://docquery.fec.gov/cgi-bin/fecimg/?202412059730910966,HILMAR,C00808279,JOHN DUARTE FOR CONGRESS,CA,953249320,,30G,2024,SB,ITEMIZED DISBURSEMENTS,0.00,J,,N,4010820251127675269,B24A4EFC438EE4096B16,2024,C00808279
A,ADD,,,IOWANS FOR ZACH NUNN,ZACH,H2IA03119,NUNN,,"NUNN, ZACH",H,HOUSE,03,IA,IOWA,,,008,Transfers,,C00857649,,,,,,,3472.11,2024-10-30,TRANSFER OF NET PROCEEDS,TRANSFERS,24G,TRANSFER OUT AFFILIATED,P,,CCM,CAMPAIGN COMMITTEE,PRIMARY,,1856816,F3X,202412059730910965,22,Transfers to Affiliated/Other Party Committees,4120520241074549530,2025-01-09T02:35:52,,,,false,,,,,,,,,,https://docquery.fec.gov/cgi-bin/fecimg/?202412059730910965,BONDURANT,C00784389,IOWANS FOR ZACH NUNN,IA,500350011,,30G,2024,SB,ITEMIZED DISBURSEMENTS,0.00,J,,N,4010820251127675268,B0F0182AAD4894B039DC,2024,C00784389
A,ADD,,,HOUSE CONSERVATIVES FUND,,,,,,,,,,,,,008,Transfers,,C00857649,,,,,,,247.3,2024-10-30,TRANSFER OF NET PROCEEDS,TRANSFERS,24G,TRANSFER OUT AFFILIATED,P,,PAC,POLITICAL ACTION COMMITTEE,PRIMARY,,1856816,F3X,202412059730910965,22,Transfers to Affiliated/Other Party Committees,4120520241074549530,2025-01-09T02:35:52,,,,false,,,,,,,,,,https://docquery.fec.gov/cgi-bin/fecimg/?202412059730910965,ALEXANDRIA,C00326439,HOUSE CONSERVATIVES FUND,VA,223145404,,30G,2024,SB,ITEMIZED DISBURSEMENTS,0.00,J,,N,4010820251127675267,BE856A83BC4EC4B7EBF2,2024,C00326439
A,ADD,,,FRIENDS OF DAVID SCHWEIKERT,DAVID,H4AZ06045,SCHWEIKERT,S.,"SCHWEIKERT, DAVID S.",H,HOUSE,01,AZ,ARIZONA,,,008,Transfers,,C00857649,,,,,,,3122.86,2024-10-30,TRANSFER OF NET PROCEEDS,TRANSFERS,24G,TRANSFER OUT AFFILIATED,P,,CCM,CAMPAIGN COMMITTEE,PRIMARY,,1856816,F3X,202412059730910965,22,Transfers to Affiliated/Other Party Committees,4120520241074549530,2025-01-09T02:35:52,,,,false,,,,,,,,,,https://docquery.fec.gov/cgi-bin/fecimg/?202412059730910965,SCOTTSDALE,C00540617,FRIENDS OF DAVID SCHWEIKERT,AZ,852674907,,30G,2024,SB,ITEMIZED DISBURSEMENTS,0.00,J,,N,4010820251127675266,B877D602DF9514E12B1A,2024,C00540617
A,ADD,,,DON BACON FOR CONGRESS,DONALD J,H6NE02125,BACON,,"BACON, DONALD J",H,HOUSE,02,NE,NEBRASKA,,,008,Transfers,,C00857649,,,,,,,6526.2,2024-10-30,TRANSFER OF NET PROCEEDS,TRANSFERS,24G,TRANSFER OUT AFFILIATED,P,,CCM,CAMPAIGN COMMITTEE,PRIMARY,,1856816,F3X,202412059730910964,22,Transfers to Affiliated/Other Party Committees,4120520241074549530,2025-01-09T02:35:52,,,,false,,,,,,,,,,https://docquery.fec.gov/cgi-bin/fecimg/?202412059730910964,OMAHA,C00575167,DON BACON FOR CONGRESS,NE,68139,,30G,2024,SB,ITEMIZED DISBURSEMENTS,0.00,J,,N,4010820251127675265,B4FFF3C860CC34330A69,2024,C00575167
A,ADD,,,DESPOSITO FOR NEW YORK,ANTHONY,H2NY04277,DESPOSITO,P,"DESPOSITO, ANTHONY P",H,HOUSE,04,NY,NEW YORK,,,008,Transfers,,C00857649,,,,,,,3406.54,2024-10-30,TRANSFER OF NET PROCEEDS,TRANSFERS,24G,TRANSFER OUT AFFILIATED,P,,CCM,CAMPAIGN COMMITTEE,PRIMARY,,1856816,F3X,202412059730910964,22,Transfers to Affiliated/Other Party Committees,4120520241074549530,2025-01-09T02:35:52,,,,false,,,,,,,,,,https://docquery.fec.gov/cgi-bin/fecimg/?202412059730910964,ISLAND PARK,C00809426,DESPOSITO FOR NEW YORK,NY,115580188,,30G,2024,SB,ITEMIZED DISBURSEMENTS,0.00,J,,N,4010820251127675264,B6CD8166880D2403EB7E,2024,C00809426
A,ADD,,,CISCOMANI FOR CONGRESS,JUAN,H2AZ02360,CISCOMANI,,"CISCOMANI, JUAN",H,HOUSE,06,AZ,ARIZONA,,,008,Transfers,,C00857649,,,,,,,7750.13,2024-10-30,TRANSFER OF NET PROCEEDS,TRANSFERS,24G,TRANSFER OUT AFFILIATED,P,,CCM,CAMPAIGN COMMITTEE,PRIMARY,,1856816,F3X,202412059730910964,22,Transfers to Affiliated/Other Party Committees,4120520241074549530,2025-01-09T02:35:52,,,,false,,,,,,,,,,https://docquery.fec.gov/cgi-bin/fecimg/?202412059730910964,TUCSON,C00786194,CISCOMANI FOR CONGRESS,AZ,857405103,,30G,2024,SB,ITEMIZED DISBURSEMENTS,0.00,J,,N,4010820251127675263,B1202787E228941998D2,2024,C00786194
A,ADD,,,CHUCK EDWARDS FOR CONGRESS,CHUCK,H2NC14050,EDWARDS,,"EDWARDS, CHUCK",H,HOUSE,11,NC,NORTH CAROLINA,,,008,Transfers,,C00857649,,,,,,,3296.69,2024-10-30,TRANSFER OF NET PROCEEDS,TRANSFERS,24G,TRANSFER OUT AFFILIATED,P,,CCM,CAMPAIGN COMMITTEE,PRIMARY,,1856816,F3X,202412059730910963,22,Transfers to Affiliated/Other Party Committees,4120520241074549530,2025-01-09T02:35:52,,,,false,,,,,,,,,,https://docquery.fec.gov/cgi-bin/fecimg/?202412059730910963,HENDERSONVILLE,C00796433,CHUCK EDWARDS FOR CONGRESS,NC,287924902,,30G,2024,SB,ITEMIZED DISBURSEMENTS,0.00,J,,N,4010820251127675262,B5037FF0C318F440CB7D,2024,C00796433
A,ADD,,,BRIAN FITZPATRICK FOR ALL OF US,BRIAN,H6PA08277,FITZPATRICK,,"FITZPATRICK, BRIAN",H,HOUSE,01,PA,PENNSYLVANIA,,,008,Transfers,,C00857649,,,,,,,3296.73,2024-10-30,TRANSFER OF NET PROCEEDS,TRANSFERS,24G,TRANSFER OUT AFFILIATED,P,,CCM,CAMPAIGN COMMITTEE,PRIMARY,,1856816,F3X,202412059730910963,22,Transfers to Affiliated/Other Party Committees,4120520241074549530,2025-01-09T02:35:52,,,,false,,,,,,,,,,https://docquery.fec.gov/cgi-bin/fecimg/?202412059730910963,LANGHORNE,C00607416,BRIAN FITZPATRICK FOR ALL OF US,PA,190470939,,30G,2024,SB,ITEMIZED DISBURSEMENTS,0.00,J,,N,4010820251127675261,BEEAB55FBC64A4C79810,2024,C00607416
A,ADD,,,BRANDON FOR CONGRESS NY22,BRANDON,H2NY22212,WILLIAMS,MCDONALD,"WILLIAMS, BRANDON MCDONALD",H,HOUSE,22,NY,NEW YORK,,,008,Transfers,,C00857649,,,,,,,3422.9,2024-10-30,TRANSFER OF NET PROCEEDS,TRANSFERS,24G,TRANSFER OUT AFFILIATED,P,,CCM,CAMPAIGN COMMITTEE,PRIMARY,,1856816,F3X,202412059730910963,22,Transfers to Affiliated/Other Party Committees,4120520241074549530,2025-01-09T02:35:52,,,,false,,,,,,,,,,https://docquery.fec.gov/cgi-bin/fecimg/?202412059730910963,SYRACUSE,C00806307,BRANDON FOR CONGRESS NY22,NY,132203580,,30G,2024,SB,ITEMIZED DISBURSEMENTS,0.00,J,,N,4010820251127675260,B015D028DD0D049FA83B,2024,C00806307
A,ADD,,,AUGUST PFLUGER FOR CONGRESS,AUGUST,H0TX11230,PFLUGER,LEE,"PFLUGER, AUGUST LEE",H,HOUSE,11,TX,TEXAS,,,008,Transfers,,C00857649,,,,,,,6690.45,2024-10-30,TRANSFER OF NET PROCEEDS,TRANSFERS,24G,TRANSFER OUT AFFILIATED,P,,CCM,CAMPAIGN COMMITTEE,PRIMARY,,1856816,F3X,202412059730910962,22,Transfers to Affiliated/Other Party Committees,4120520241074549530,2025-01-09T02:35:52,,,,false,,,,,,,,,,https://docquery.fec.gov/cgi-bin/fecimg/?202412059730910962,SAN ANGELO,C00719294,AUGUST PFLUGER FOR CONGRESS,TX,76902,,30G,2024,SB,ITEMIZED DISBURSEMENTS,0.00,J,,N,4010820251127675259,B58334F4282B74EC4B7B,2024,C00719294
A,ADD,,,ASHLEY HINSON FOR CONGRESS,ASHLEY HINSON,H0IA01174,ARENHOLZ,,"ARENHOLZ, ASHLEY HINSON",H,HOUSE,02,IA,IOWA,,,008,Transfers,,C00857649,,,,,,,3427.93,2024-10-30,TRANSFER OF NET PROCEEDS,TRANSFERS,24G,TRANSFER OUT AFFILIATED,P,,CCM,CAMPAIGN COMMITTEE,PRIMARY,,1856816,F3X,202412059730910962,22,Transfers to Affiliated/Other Party Committees,4120520241074549530,2025-01-09T02:35:52,,,,false,,,,,,,,,,https://docquery.fec.gov/cgi-bin/fecimg/?202412059730910962,MARION,C00706267,ASHLEY HINSON FOR CONGRESS,IA,52302,,30G,2024,SB,ITEMIZED DISBURSEMENTS,0.00,J,,N,4010820251127675258,B12999875748A4E0F8F1,2024,C00706267
A,ADD,,,ANNA PAULINA LUNA FOR CONGRESS,ANNA,H0FL13158,PAULINA LUNA,,"PAULINA LUNA, ANNA",H,HOUSE,13,FL,FLORIDA,,,008,Transfers,,C00857649,,,,,,,1811.4,2024-10-30,TRANSFER OF NET PROCEEDS,TRANSFERS,24G,TRANSFER OUT AFFILIATED,P,,CCM,CAMPAIGN COMMITTEE,PRIMARY,,1856816,F3X,202412059730910962,22,Transfers to Affiliated/Other Party Committees,4120520241074549530,2025-01-09T02:35:52,,,,false,,,,,,,,,,https://docquery.fec.gov/cgi-bin/fecimg/?202412059730910962,SAINT PETERSBURG,C00718239,ANNA PAULINA LUNA FOR CONGRESS,FL,337022409,,30G,2024,SB,ITEMIZED DISBURSEMENTS,0.00,J,,N,4010820251127675257,BA52537B66A5C4C1AB0B,2024,C00718239
A,ADD,,,,,,,,,,,,,,,,006,Campaign Materials,,C00857649,,,,,,,1551.18,2024-10-24,SUPPORTER GIFTS,OTHER,,,,,ORG,ORGANIZATION,,,1856816,F3X,202412059730910961,21B,Other Federal Operating Expenditures,4120520241074549530,2025-01-09T02:35:52,,,,false,,,,,,,,,,https://docquery.fec.gov/cgi-bin/fecimg/?202412059730910961,SAN ANTONIO,,MISSION MERCANTILE,TX,782301547,,30G,2024,SB,ITEMIZED DISBURSEMENTS,0.00,J,,N,4010820251127675256,BDD9E9C1B7803423882D,2024,
A,ADD,,,,,,,,,,,,,,,,003,Solicitation and Fundraising Expenses ,,C00857649,,,,,,,33559.75,2024-10-16,FUNDRAISING CONSULTING,OTHER,,,,,ORG,ORGANIZATION,,,1840029,F3X,202410249710475916,21B,Other Federal Operating Expenditures,4102420242081245631,2024-12-03T02:36:22,,,,false,,,,,,,,,,https://docquery.fec.gov/cgi-bin/fecimg/?202410249710475916,AUSTIN,,"LILLY & COMPANY, LLC",TX,78704,,12G,2024,SB,ITEMIZED DISBURSEMENTS,0.00,J,,N,4120220241074207017,B2458836751EC4DB98B7,2024,
A,ADD,,,,,,,,,,,,,,,,001,Administrative/Salary/Overhead Expenses ,,C00857649,,,,,,,13470.0,2024-10-08,COMPLIANCE CONSULTING,OTHER,,,,,ORG,ORGANIZATION,,,1840029,F3X,202410249710475916,21B,Other Federal Operating Expenditures,4102420242081245631,2024-12-03T02:36:22,,,,false,,,,,,,,,,https://docquery.fec.gov/cgi-bin/fecimg/?202410249710475916,BETHESDA,,CFS COMPLIANCE,MD,20824,,12G,2024,SB,ITEMIZED DISBURSEMENTS,0.00,J,,N,4120220241074207016,BC2C46B2D6ECC44A1851,2024,
A,ADD,,,,,,,,,,,,,,,,001,Administrative/Salary/Overhead Expenses ,,C00857649,,,,,,,400.3,2024-10-08,E-MERCHANT FEES,OTHER,,,,,ORG,ORGANIZATION,,,1840029,F3X,202410249710475916,21B,Other Federal Operating Expenditures,4102420242081245631,2024-12-03T02:36:22,,,,false,,,,,,,,,,https://docquery.fec.gov/cgi-bin/fecimg/?202410249710475916,NEW ORLEANS,,ANEDOT,LA,701125204,,12G,2024,SB,ITEMIZED DISBURSEMENTS,0.00,J,,N,4120220241074207015,BEDB07BDE91354F188F2,2024,
A,ADD,,,ZINKE FOR CONGRESS,RYAN,H2MT02050,ZINKE,,"ZINKE, RYAN",H,HOUSE,00,MT,MONTANA,,,008,Transfers,,C00857649,,,,,,,17557.44,2024-09-25,TRANSFER OF NET PROCEEDS,TRANSFERS,24G,TRANSFER OUT AFFILIATED,P,,CCM,CAMPAIGN COMMITTEE,PRIMARY,,1826887,F3X,202410159685961483,22,Transfers to Affiliated/Other Party Committees,4101520242069571301,2024-11-13T02:36:37,,,,false,,,,,,,,,,https://docquery.fec.gov/cgi-bin/fecimg/?202410159685961483,WHITEFISH,C00778159,ZINKE FOR CONGRESS,MT,599372981,,Q3,2024,SB,ITEMIZED DISBURSEMENTS,0.00,J,,N,4111220241068086904,BD58BF4CC5FD04202AE7,2024,C00778159
A,ADD,,,TONY GONZALES FOR CONGRESS,ERNEST ANTHONY TONY,H0TX35015,GONZALES,II,"GONZALES, ERNEST ANTHONY TONY II",H,HOUSE,23,TX,TEXAS,,,008,Transfers,,C00857649,,,,,,,17603.52,2024-09-25,TRANSFER OF NET PROCEEDS,TRANSFERS,24G,TRANSFER OUT AFFILIATED,P,,CCM,CAMPAIGN COMMITTEE,PRIMARY,,1826887,F3X,202410159685961483,22,Transfers to Affiliated/Other Party Committees,4101520242069571301,2024-11-13T02:36:37,,,,false,,,,,,,,,,https://docquery.fec.gov/cgi-bin/fecimg/?202410159685961483,SAN ANTONIO,C00706614,TONY GONZALES FOR CONGRESS,TX,782700442,,Q3,2024,SB,ITEMIZED DISBURSEMENTS,0.00,J,,N,4111220241068086903,BDEFD43E7A4394BEFB4B,2024,C00706614
A,ADD,,,"STEIL FOR WISCONSIN, INC.",BRYAN,H8WI01156,STEIL,GEORGE,"STEIL, BRYAN GEORGE",H,HOUSE,01,WI,WISCONSIN,,,008,Transfers,,C00857649,,,,,,,17868.94,2024-09-25,TRANSFER OF NET PROCEEDS,TRANSFERS,24G,TRANSFER OUT AFFILIATED,P,,CCM,CAMPAIGN COMMITTEE,PRIMARY,,1826887,F3X,202410159685961483,22,Transfers to Affiliated/Other Party Committees,4101520242069571301,2024-11-13T02:36:37,,,,false,,,,,,,,,,https://docquery.fec.gov/cgi-bin/fecimg/?202410159685961483,JANESVILLE,C00677286,"STEIL FOR WISCONSIN, INC.",WI,535451129,,Q3,2024,SB,ITEMIZED DISBURSEMENTS,0.00,J,,N,4111220241068086902,B2D3D5DF6894B4B46997,2024,C00677286
A,ADD,,,RAPTOR PAC,,,,,,,,,,,,,008,Transfers,,C00857649,,,,,,,34621.98,2024-09-25,TRANSFER OF NET PROCEEDS,TRANSFERS,24G,TRANSFER OUT AFFILIATED,P,,PAC,POLITICAL ACTION COMMITTEE,PRIMARY,,1826887,F3X,202410159685961482,22,Transfers to Affiliated/Other Party Committees,4101520242069571301,2024-11-13T02:36:37,,,,false,,,,,,,,,,https://docquery.fec.gov/cgi-bin/fecimg/?202410159685961482,MIDLAND,C00749481,RAPTOR PAC,TX,797044864,,Q3,2024,SB,ITEMIZED DISBURSEMENTS,0.00,J,,N,4111220241068086901,BA672E98B424A4228BAF,2024,C00749481
A,ADD,,,MONICA FOR CONGRESS,MONICA,H0TX15124,DE LA CRUZ HERNANDEZ,,"DE LA CRUZ HERNANDEZ, MONICA",H,HOUSE,15,TX,TEXAS,,,008,Transfers,,C00857649,,,,,,,17588.14,2024-09-25,TRANSFER OF NET PROCEEDS,TRANSFERS,24G,TRANSFER OUT AFFILIATED,P,,CCM,CAMPAIGN COMMITTEE,PRIMARY,,1826887,F3X,202410159685961482,22,Transfers to Affiliated/Other Party Committees,4101520242069571301,2024-11-13T02:36:37,,,,false,,,,,,,,,,https://docquery.fec.gov/cgi-bin/fecimg/?202410159685961482,MCALLEN,C00765719,MONICA FOR CONGRESS,TX,785024605,,Q3,2024,SB,ITEMIZED DISBURSEMENTS,0.00,J,,N,4111220241068086900,B7CE317C3A3B04C5DB38,2024,C00765719
A,ADD,,,MILLER-MEEKS FOR CONGRESS,MARIANNETTE,H0IA02180,MILLER-MEEKS,JANE,"MILLER-MEEKS, MARIANNETTE JANE",H,HOUSE,02,IA,IOWA,,,008,Transfers,,C00857649,,,,,,,6107.92,2024-09-25,TRANSFER OF NET PROCEEDS,TRANSFERS,24G,TRANSFER OUT AFFILIATED,P,,CCM,CAMPAIGN COMMITTEE,PRIMARY,,1826887,F3X,202410159685961482,22,Transfers to Affiliated/Other Party Committees,4101520242069571301,2024-11-13T02:36:37,,,,false,,,,,,,,,,https://docquery.fec.gov/cgi-bin/fecimg/?202410159685961482,OTTUMWA,C00558825,MILLER-MEEKS FOR CONGRESS,IA,52501,,Q3,2024,SB,ITEMIZED DISBURSEMENTS,0.00,J,,N,4111220241068086899,BA48C348F8C56413B8E7,2024,C00558825
A,ADD,,,MIKE GARCIA FOR CONGRESS,MICHAEL,H0CA25105,GARCIA,,"GARCIA, MICHAEL",H,HOUSE,27,CA,CALIFORNIA,,,008,Transfers,,C00857649,,,,,,,17691.81,2024-09-25,TRANSFER OF NET PROCEEDS,TRANSFERS,24G,TRANSFER OUT AFFILIATED,P,,CCM,CAMPAIGN COMMITTEE,PRIMARY,,1826887,F3X,202410159685961481,22,Transfers to Affiliated/Other Party Committees,4101520242069571301,2024-11-13T02:36:37,,,,false,,,,,,,,,,https://docquery.fec.gov/cgi-bin/fecimg/?202410159685961481,IRVINE,C00701102,MIKE GARCIA FOR CONGRESS,CA,92618,,Q3,2024,SB,ITEMIZED DISBURSEMENTS,0.00,J,,N,4111220241068086898,B3BE8B8902D9842209D9,2024,C00701102
A,ADD,,,MICHELLE STEEL FOR CONGRESS,MICHELLE,H0CA48198,STEEL,,"STEEL, MICHELLE",H,HOUSE,45,CA,CALIFORNIA,,,008,Transfers,,C00857649,,,,,,,5823.78,2024-09-25,TRANSFER OF NET PROCEEDS,TRANSFERS,24G,TRANSFER OUT AFFILIATED,P,,CCM,CAMPAIGN COMMITTEE,PRIMARY,,1826887,F3X,202410159685961481,22,Transfers to Affiliated/Other Party Committees,4101520242069571301,2024-11-13T02:36:37,,,,false,,,,,,,,,,https://docquery.fec.gov/cgi-bin/fecimg/?202410159685961481,IRVINE,C00704981,MICHELLE STEEL FOR CONGRESS,CA,926184691,,Q3,2024,SB,ITEMIZED DISBURSEMENTS,0.00,J,,N,4111220241068086897,B9B653A6E558F48D19B5,2024,C00704981
A,ADD,,,MAYRA FLORES FOR CONGRESS,MAYRA,H2TX34113,FLORES,NOHEMI,"FLORES, MAYRA NOHEMI",H,HOUSE,34,TX,TEXAS,,,008,Transfers,,C00857649,,,,,,,2346.93,2024-09-25,TRANSFER OF NET PROCEEDS,TRANSFERS,24G,TRANSFER OUT AFFILIATED,P,,CCM,CAMPAIGN COMMITTEE,PRIMARY,,1826887,F3X,202410159685961481,22,Transfers to Affiliated/Other Party Committees,4101520242069571301,2024-11-13T02:36:37,,,,false,,,,,,,,,,https://docquery.fec.gov/cgi-bin/fecimg/?202410159685961481,LOS INDIOS,C00768994,MAYRA FLORES FOR CONGRESS,TX,785670516,,Q3,2024,SB,ITEMIZED DISBURSEMENTS,0.00,J,,N,4111220241068086896,B30EF592D49A843CEBC9,2024,C00768994
A,ADD,,,LALOTA FOR CONGRESS,LALOTA,H2NY01190,NICK,,"NICK, LALOTA",H,HOUSE,01,NY,NEW YORK,,,008,Transfers,,C00857649,,,,,,,17497.29,2024-09-25,TRANSFER OF NET PROCEEDS,TRANSFERS,24G,TRANSFER OUT AFFILIATED,P,,CCM,CAMPAIGN COMMITTEE,PRIMARY,,1826887,F3X,202410159685961480,22,Transfers to Affiliated/Other Party Committees,4101520242069571301,2024-11-13T02:36:37,,,,false,,,,,,,,,,https://docquery.fec.gov/cgi-bin/fecimg/?202410159685961480,HAUPPAUGE,C00806018,LALOTA FOR CONGRESS,NY,117880155,,Q3,2024,SB,ITEMIZED DISBURSEMENTS,0.00,J,,N,4111220241068086895,B0AD114C85FB94200AC2,2024,C00806018
A,ADD,,,KEVIN KILEY FOR CONGRESS,KEVIN,H2CA03157,KILEY,,"KILEY, KEVIN",H,HOUSE,03,CA,CALIFORNIA,,,008,Transfers,,C00857649,,,,,,,9750.32,2024-09-25,TRANSFER OF NET PROCEEDS,TRANSFERS,24G,TRANSFER OUT AFFILIATED,P,,CCM,CAMPAIGN COMMITTEE,PRIMARY,,1826887,F3X,202410159685961480,22,Transfers to Affiliated/Other Party Committees,4101520242069571301,2024-11-13T02:36:37,,,,false,,,,,,,,,,https://docquery.fec.gov/cgi-bin/fecimg/?202410159685961480,GRANITE BAY,C00801985,KEVIN KILEY FOR CONGRESS,CA,957466618,,Q3,2024,SB,ITEMIZED DISBURSEMENTS,0.00,J,,N,4111220241068086894,B4DDB8306E34B495298B,2024,C00801985
A,ADD,,,KEAN FOR CONGRESS INC,THOMAS H.,H0NJ07261,KEAN,JR.,"KEAN, THOMAS H. JR.",H,HOUSE,07,NJ,NEW JERSEY,,,008,Transfers,,C00857649,,,,,,,8066.54,2024-09-25,TRANSFER OF NET PROCEEDS,TRANSFERS,24G,TRANSFER OUT AFFILIATED,P,,CCM,CAMPAIGN COMMITTEE,PRIMARY,,1826887,F3X,202410159685961480,22,Transfers to Affiliated/Other Party Committees,4101520242069571301,2024-11-13T02:36:37,,,,false,,,,,,,,,,https://docquery.fec.gov/cgi-bin/fecimg/?202410159685961480,EDISON,C00703058,KEAN FOR CONGRESS INC,NJ,088180999,,Q3,2024,SB,ITEMIZED DISBURSEMENTS,0.00,J,,N,4111220241068086893,B790B9E54BC6E44E1BAA,2024,C00703058
A,ADD,,,"JOHN JAMES FOR CONGRESS, INC.",JOHN,H2MI10150,JAMES,,"JAMES, JOHN",H,HOUSE,10,MI,MICHIGAN,,,008,Transfers,,C00857649,,,,,,,20669.21,2024-09-25,TRANSFER OF NET PROCEEDS,TRANSFERS,24G,TRANSFER OUT AFFILIATED,P,,CCM,CAMPAIGN COMMITTEE,PRIMARY,,1826887,F3X,202410159685961479,22,Transfers to Affiliated/Other Party Committees,4101520242069571301,2024-11-13T02:36:37,,,,false,,,,,,,,,,https://docquery.fec.gov/cgi-bin/fecimg/?202410159685961479,SAINT CLAIR SHORES,C00803502,"JOHN JAMES FOR CONGRESS, INC.",MI,480800628,,Q3,2024,SB,ITEMIZED DISBURSEMENTS,0.00,J,,N,4111220241068086892,B8B6C13A6FFFC44118DE,2024,C00803502
A,ADD,,,IOWANS FOR ZACH NUNN,ZACH,H2IA03119,NUNN,,"NUNN, ZACH",H,HOUSE,03,IA,IOWA,,,008,Transfers,,C00857649,,,,,,,17557.44,2024-09-25,TRANSFER OF NET PROCEEDS,TRANSFERS,24G,TRANSFER OUT AFFILIATED,P,,CCM,CAMPAIGN COMMITTEE,PRIMARY,,1826887,F3X,202410159685961479,22,Transfers to Affiliated/Other Party Committees,4101520242069571301,2024-11-13T02:36:37,,,,false,,,,,,,,,,https://docquery.fec.gov/cgi-bin/fecimg/?202410159685961479,BONDURANT,C00784389,IOWANS FOR ZACH NUNN,IA,500350011,,Q3,2024,SB,ITEMIZED DISBURSEMENTS,0.00,J,,N,4111220241068086891,BE2DCAA346EF54F28BBC,2024,C00784389
A,ADD,,,HOUSE CONSERVATIVES FUND,,,,,,,,,,,,,008,Transfers,,C00857649,,,,,,,8390.48,2024-09-25,TRANSFER OF NET PROCEEDS,TRANSFERS,24G,TRANSFER OUT AFFILIATED,P,,PAC,POLITICAL ACTION COMMITTEE,PRIMARY,,1826887,F3X,202410159685961479,22,Transfers to Affiliated/Other Party Committees,4101520242069571301,2024-11-13T02:36:37,,,,false,,,,,,,,,,https://docquery.fec.gov/cgi-bin/fecimg/?202410159685961479,ALEXANDRIA,C00326439,HOUSE CONSERVATIVES FUND,VA,223145404,,Q3,2024,SB,ITEMIZED DISBURSEMENTS,0.00,J,,N,4111220241068086890,B6B81828A3D2F415B943,2024,C00326439
A,ADD,,,FRIENDS OF DAVID SCHWEIKERT,DAVID,H4AZ06045,SCHWEIKERT,S.,"SCHWEIKERT, DAVID S.",H,HOUSE,01,AZ,ARIZONA,,,008,Transfers,,C00857649,,,,,,,22721.09,2024-09-25,TRANSFER OF NET PROCEEDS,TRANSFERS,24G,TRANSFER OUT AFFILIATED,P,,CCM,CAMPAIGN COMMITTEE,PRIMARY,,1826887,F3X,202410159685961478,22,Transfers to Affiliated/Other Party Committees,4101520242069571301,2024-11-13T02:36:37,,,,false,,,,,,,,,,https://docquery.fec.gov/cgi-bin/fecimg/?202410159685961478,SCOTTSDALE,C00540617,FRIENDS OF DAVID SCHWEIKERT,AZ,852674907,,Q3,2024,SB,ITEMIZED DISBURSEMENTS,0.00,J,,N,4111220241068086889,B0F86E7B7BF384A75B13,2024,C00540617
A,ADD,,,DON BACON FOR CONGRESS,DONALD J,H6NE02125,BACON,,"BACON, DONALD J",H,HOUSE,02,NE,NEBRASKA,,,008,Transfers,,C00857649,,,,,,,18234.6,2024-09-25,TRANSFER OF NET PROCEEDS,TRANSFERS,24G,TRANSFER OUT AFFILIATED,P,,CCM,CAMPAIGN COMMITTEE,PRIMARY,,1826887,F3X,202410159685961478,22,Transfers to Affiliated/Other Party Committees,4101520242069571301,2024-11-13T02:36:37,,,,false,,,,,,,,,,https://docquery.fec.gov/cgi-bin/fecimg/?202410159685961478,OMAHA,C00575167,DON BACON FOR CONGRESS,NE,68139,,Q3,2024,SB,ITEMIZED DISBURSEMENTS,0.00,J,,N,4111220241068086888,B337812415B5D4441BEA,2024,C00575167
A,ADD,,,DESPOSITO FOR NEW YORK,ANTHONY,H2NY04277,DESPOSITO,P,"DESPOSITO, ANTHONY P",H,HOUSE,04,NY,NEW YORK,,,008,Transfers,,C00857649,,,,,,,15043.87,2024-09-25,TRANSFER OF NET PROCEEDS,TRANSFERS,24G,TRANSFER OUT AFFILIATED,P,,CCM,CAMPAIGN COMMITTEE,PRIMARY,,1826887,F3X,202410159685961478,22,Transfers to Affiliated/Other Party Committees,4101520242069571301,2024-11-13T02:36:37,,,,false,,,,,,,,,,https://docquery.fec.gov/cgi-bin/fecimg/?202410159685961478,ISLAND PARK,C00809426,DESPOSITO FOR NEW YORK,NY,115580188,,Q3,2024,SB,ITEMIZED DISBURSEMENTS,0.00,J,,N,4111220241068086887,B6A52205622B5449CBD8,2024,C00809426
A,ADD,,,CISCOMANI FOR CONGRESS,JUAN,H2AZ02360,CISCOMANI,,"CISCOMANI, JUAN",H,HOUSE,06,AZ,ARIZONA,,,008,Transfers,,C00857649,,,,,,,18512.31,2024-09-25,TRANSFER OF NET PROCEEDS,TRANSFERS,24G,TRANSFER OUT AFFILIATED,P,,CCM,CAMPAIGN COMMITTEE,PRIMARY,,1826887,F3X,202410159685961477,22,Transfers to Affiliated/Other Party Committees,4101520242069571301,2024-11-13T02:36:37,,,,false,,,,,,,,,,https://docquery.fec.gov/cgi-bin/fecimg/?202410159685961477,TUCSON,C00786194,CISCOMANI FOR CONGRESS,AZ,857405103,,Q3,2024,SB,ITEMIZED DISBURSEMENTS,0.00,J,,N,4111220241068086886,B8369B4A177B844A5AAA,2024,C00786194
A,ADD,,,CHUCK EDWARDS FOR CONGRESS,CHUCK,H2NC14050,EDWARDS,,"EDWARDS, CHUCK",H,HOUSE,11,NC,NORTH CAROLINA,,,008,Transfers,,C00857649,,,,,,,17620.56,2024-09-25,TRANSFER OF NET PROCEEDS,TRANSFERS,24G,TRANSFER OUT AFFILIATED,P,,CCM,CAMPAIGN COMMITTEE,PRIMARY,,1826887,F3X,202410159685961477,22,Transfers to Affiliated/Other Party Committees,4101520242069571301,2024-11-13T02:36:37,,,,false,,,,,,,,,,https://docquery.fec.gov/cgi-bin/fecimg/?202410159685961477,HENDERSONVILLE,C00796433,CHUCK EDWARDS FOR CONGRESS,NC,287924902,,Q3,2024,SB,ITEMIZED DISBURSEMENTS,0.00,J,,N,4111220241068086885,B7193473BDEA245FBB2C,2024,C00796433
A,ADD,,,BRANDON FOR CONGRESS NY22,BRANDON,H2NY22212,WILLIAMS,MCDONALD,"WILLIAMS, BRANDON MCDONALD",H,HOUSE,22,NY,NEW YORK,,,008,Transfers,,C00857649,,,,,,,17439.51,2024-09-25,TRANSFER OF NET PROCEEDS,TRANSFERS,24G,TRANSFER OUT AFFILIATED,P,,CCM,CAMPAIGN COMMITTEE,PRIMARY,,1826887,F3X,202410159685961477,22,Transfers to Affiliated/Other Party Committees,4101520242069571301,2024-11-13T02:36:37,,,,false,,,,,,,,,,https://docquery.fec.gov/cgi-bin/fecimg/?202410159685961477,SYRACUSE,C00806307,BRANDON FOR CONGRESS NY22,NY,132203580,,Q3,2024,SB,ITEMIZED DISBURSEMENTS,0.00,J,,N,4111220241068086884,B3D89A2877A4246F390C,2024,C00806307
A,ADD,,,AUGUST PFLUGER FOR CONGRESS,AUGUST,H0TX11230,PFLUGER,LEE,"PFLUGER, AUGUST LEE",H,HOUSE,11,TX,TEXAS,,,008,Transfers,,C00857649,,,,,,,17923.46,2024-09-25,TRANSFER OF NET PROCEEDS,TRANSFERS,24G,TRANSFER OUT AFFILIATED,P,,CCM,CAMPAIGN COMMITTEE,PRIMARY,,1826887,F3X,202410159685961476,22,Transfers to Affiliated/Other Party Committees,4101520242069571301,2024-11-13T02:36:37,,,,false,,,,,,,,,,https://docquery.fec.gov/cgi-bin/fecimg/?202410159685961476,SAN ANGELO,C00719294,AUGUST PFLUGER FOR CONGRESS,TX,76902,,Q3,2024,SB,ITEMIZED DISBURSEMENTS,0.00,J,,N,4111220241068086883,B963665F51CCE4755BEC,2024,C00719294
A,ADD,,,ASHLEY HINSON FOR CONGRESS,ASHLEY HINSON,H0IA01174,ARENHOLZ,,"ARENHOLZ, ASHLEY HINSON",H,HOUSE,02,IA,IOWA,,,008,Transfers,,C00857649,,,,,,,17557.44,2024-09-25,TRANSFER OF NET PROCEEDS,TRANSFERS,24G,TRANSFER OUT AFFILIATED,P,,CCM,CAMPAIGN COMMITTEE,PRIMARY,,1826887,F3X,202410159685961476,22,Transfers to Affiliated/Other Party Committees,4101520242069571301,2024-11-13T02:36:37,,,,false,,,,,,,,,,https://docquery.fec.gov/cgi-bin/fecimg/?202410159685961476,MARION,C00706267,ASHLEY HINSON FOR CONGRESS,IA,52302,,Q3,2024,SB,ITEMIZED DISBURSEMENTS,0.00,J,,N,4111220241068086882,B2C0890408B2F4ABBBB6,2024,C00706267
A,ADD,,,ANNA PAULINA LUNA FOR CONGRESS,ANNA,H0FL13158,PAULINA LUNA,,"PAULINA LUNA, ANNA",H,HOUSE,13,FL,FLORIDA,,,008,Transfers,,C00857649,,,,,,,6273.2,2024-09-25,TRANSFER OF NET PROCEEDS,TRANSFERS,24G,TRANSFER OUT AFFILIATED,P,,CCM,CAMPAIGN COMMITTEE,PRIMARY,,1826887,F3X,202410159685961476,22,Transfers to Affiliated/Other Party Committees,4101520242069571301,2024-11-13T02:36:37,,,,false,,,,,,,,,,https://docquery.fec.gov/cgi-bin/fecimg/?202410159685961476,SAINT PETERSBURG,C00718239,ANNA PAULINA LUNA FOR CONGRESS,FL,337022409,,Q3,2024,SB,ITEMIZED DISBURSEMENTS,0.00,J,,N,4111220241068086881,B3ED57DB7DC8A4B4E9FF,2024,C00718239
A,ADD,,,,,,,,,,,,,,,,001,Administrative/Salary/Overhead Expenses ,,C00857649,,,,,,,686.63,2024-09-24,PRINTING,ADVERTISING,,,,,ORG,ORGANIZATION,,,1826887,F3X,202410159685961475,21B,Other Federal Operating Expenditures,4101520242069571301,2024-11-13T02:36:37,,,,false,,,,,,,,,,https://docquery.fec.gov/cgi-bin/fecimg/?202410159685961475,SAN ANGELO,,LIVE DESIGN,TX,76903,,Q3,2024,SB,ITEMIZED DISBURSEMENTS,0.00,J,,N,4111220241068086880,B33C8830B0CA8464E8FE,2024,
A,ADD,,,,,,,,,,,,,,,,010,Refunds of Contributions,,C00857649,,,,,,,59400.0,2024-09-23,CONTRIBUTION REFUND,OTHER,,,,,ORG,ORGANIZATION,,,1826887,F3X,202410159685961484,28A,Refunds of Contributions Made to Individuals/Persons Other Than Political Committees,4101520242069571301,2024-11-13T02:36:37,,,,false,,,,,,,,,,https://docquery.fec.gov/cgi-bin/fecimg/?202410159685961484,MIDLAND,,DK BOYD LAND & CATTLE CO,TX,797028351,,Q3,2024,SB,ITEMIZED DISBURSEMENTS,0.00,J,,N,4111220241068086905,BCE9014BD785544DD957,2024,
A,ADD,,,,,,,,,,,,,,,,001,Administrative/Salary/Overhead Expenses ,,C00857649,,,,,,,1000.3,2024-09-19,E-MERCHANT FEES,OTHER,,,,,ORG,ORGANIZATION,,,1826887,F3X,202410159685961473,21B,Other Federal Operating Expenditures,4101520242069571301,2024-11-13T02:36:37,,,,false,,,,,,,,,,https://docquery.fec.gov/cgi-bin/fecimg/?202410159685961473,NEW ORLEANS,,ANEDOT,LA,701125204,,Q3,2024,SB,ITEMIZED DISBURSEMENTS,0.00,J,,N,4111220241068086876,B9E175B71AD364BFBB28,2024,
A,ADD,,,,,,,,,,,,,,,,001,Administrative/Salary/Overhead Expenses ,,C00857649,,,,,,,400.3,2024-09-05,E-MERCHANT FEES,OTHER,,,,,ORG,ORGANIZATION,,,1826887,F3X,202410159685961473,21B,Other Federal Operating Expenditures,4101520242069571301,2024-11-13T02:36:37,,,,false,,,,,,,,,,https://docquery.fec.gov/cgi-bin/fecimg/?202410159685961473,NEW ORLEANS,,ANEDOT,LA,701125204,,Q3,2024,SB,ITEMIZED DISBURSEMENTS,0.00,J,,N,4111220241068086875,B8E1AF5B239754D60976,2024,
A,ADD,,,,,,,,,,,,,,,,003,Solicitation and Fundraising Expenses ,,C00857649,,,,,,,12894.85,2024-09-03,FUNDRAISING CONSULTING,OTHER,,,,,ORG,ORGANIZATION,,,1826887,F3X,202410159685961474,21B,Other Federal Operating Expenditures,4101520242069571301,2024-11-13T02:36:37,,,,false,,,,,,,,,,https://docquery.fec.gov/cgi-bin/fecimg/?202410159685961474,AUSTIN,,"LILLY & COMPANY, LLC",TX,78704,,Q3,2024,SB,ITEMIZED DISBURSEMENTS,0.00,J,,N,4111220241068086879,B4FEDA79AEE9D45FCACA,2024,
A,ADD,,,,,,,,,,,,,,,,001,Administrative/Salary/Overhead Expenses ,,C00857649,,,,,,,200.3,2024-08-30,E-MERCHANT FEES,OTHER,,,,,ORG,ORGANIZATION,,,1826887,F3X,202410159685961473,21B,Other Federal Operating Expenditures,4101520242069571301,2024-11-13T02:36:37,,,,false,,,,,,,,,,https://docquery.fec.gov/cgi-bin/fecimg/?202410159685961473,NEW ORLEANS,,ANEDOT,LA,701125204,,Q3,2024,SB,ITEMIZED DISBURSEMENTS,0.00,J,,N,4111220241068086874,B1B13DBC8B1E2445C9A9,2024,
A,ADD,,,,,,,,,,,,,,,,001,Administrative/Salary/Overhead Expenses ,,C00857649,,,,,,,259.84,2024-08-29,COMPLIANCE CONSULTING,OTHER,,,,,ORG,ORGANIZATION,,,1826887,F3X,202410159685961474,21B,Other Federal Operating Expenditures,4101520242069571301,2024-11-13T02:36:37,,,,false,,,,,,,,,,https://docquery.fec.gov/cgi-bin/fecimg/?202410159685961474,BETHESDA,,CFS COMPLIANCE,MD,20824,,Q3,2024,SB,ITEMIZED DISBURSEMENTS,0.00,J,,N,4111220241068086878,B0517531D7D79430CB22,2024,
A,ADD,,,,,,,,,,,,,,,,001,Administrative/Salary/Overhead Expenses ,,C00857649,,,,,,,1500.0,2024-08-29,SOFTWARE SERVICE,OTHER,,,,,ORG,ORGANIZATION,,,1826887,F3X,202410159685961474,21B,Other Federal Operating Expenditures,4101520242069571301,2024-11-13T02:36:37,,,,false,,,,,,,,,,https://docquery.fec.gov/cgi-bin/fecimg/?202410159685961474,WASHINGTON,,"ARISTOTLE INTERNATIONAL, INC.",DC,200031164,,Q3,2024,SB,ITEMIZED DISBURSEMENTS,0.00,J,,N,4111220241068086877,B94CC614F3FE848C3989,2024,
A,ADD,,,,,,,,,,,,,,,,001,Administrative/Salary/Overhead Expenses ,,C00857649,,,,,,,200.3,2024-08-26,E-MERCHANT FEES,OTHER,,,,,ORG,ORGANIZATION,,,1826887,F3X,202410159685961472,21B,Other Federal Operating Expenditures,4101520242069571301,2024-11-13T02:36:37,,,,false,,,,,,,,,,https://docquery.fec.gov/cgi-bin/fecimg/?202410159685961472,NEW ORLEANS,,ANEDOT,LA,701125204,,Q3,2024,SB,ITEMIZED DISBURSEMENTS,0.00,J,,N,4111220241068086873,B672AD0239EEB4777ADA,2024,
A,ADD,,,,,,,,,,,,,,,,001,Administrative/Salary/Overhead Expenses ,,C00857649,,,,,,,2000.3,2024-08-13,E-MERCHANT FEES,OTHER,,,,,ORG,ORGANIZATION,,,1826887,F3X,202410159685961472,21B,Other Federal Operating Expenditures,4101520242069571301,2024-11-13T02:36:37,,,,false,,,,,,,,,,https://docquery.fec.gov/cgi-bin/fecimg/?202410159685961472,NEW ORLEANS,,ANEDOT,LA,701125204,,Q3,2024,SB,ITEMIZED DISBURSEMENTS,0.00,J,,N,4111220241068086872,BCC44836C4DF84111AF4,2024,
A,ADD,,,,,,,,,,,,,,,,001,Administrative/Salary/Overhead Expenses ,,C00857649,,,,,,,2399.66,2024-08-05,SEE MEMO ITEM,OTHER,,,,,ORG,ORGANIZATION,,,1826887,F3X,202410159685961471,21B,Other Federal Operating Expenditures,4101520242069571301,2024-11-13T02:36:37,,,,false,,,,,,,,,,https://docquery.fec.gov/cgi-bin/fecimg/?202410159685961471,NEW YORK,,AMERICAN EXPRESS,NY,102851000,,Q3,2024,SB,ITEMIZED DISBURSEMENTS,0.00,J,,N,4111220241068086868,BB60B6EC0AD554A34A77,2024,
A,ADD,,,,,,,,,,,,,,,,001,Administrative/Salary/Overhead Expenses ,,C00857649,,,,,,,400.3,2024-07-30,E-MERCHANT FEES,OTHER,,,,,ORG,ORGANIZATION,,,1826887,F3X,202410159685961472,21B,Other Federal Operating Expenditures,4101520242069571301,2024-11-13T02:36:37,,,,false,,,,,,,,,,https://docquery.fec.gov/cgi-bin/fecimg/?202410159685961472,NEW ORLEANS,,ANEDOT,LA,701125204,,Q3,2024,SB,ITEMIZED DISBURSEMENTS,0.00,J,,N,4111220241068086871,BA2EB007323204652AD9,2024,
A,ADD,,,,,,,,,,,,,,,,001,Administrative/Salary/Overhead Expenses ,,C00857649,,,,,,,200.3,2024-07-23,E-MERCHANT FEES,OTHER,,,,,ORG,ORGANIZATION,,,1826887,F3X,202410159685961471,21B,Other Federal Operating Expenditures,4101520242069571301,2024-11-13T02:36:37,,,,false,,,,,,,,,,https://docquery.fec.gov/cgi-bin/fecimg/?202410159685961471,NEW ORLEANS,,ANEDOT,LA,701125204,,Q3,2024,SB,ITEMIZED DISBURSEMENTS,0.00,J,,N,4111220241068086870,BA4ADB72FA10446BAB90,2024,
A,ADD,SB21B,BB60B6EC0AD554A34A77,,,,,,,,,,,,,,007,Campaign Event Expenses,,C00857649,,,,,,,2399.66,2024-06-28,CATERING,FUNDRAISING,,,,,ORG,ORGANIZATION,,,1826887,F3X,202410159685961471,21B,Other Federal Operating Expenditures,4101520242069571301,2024-11-13T02:36:37,X,,,true,,,,,,,,,,https://docquery.fec.gov/cgi-bin/fecimg/?202410159685961471,WASHINGTON,,CAPITOL HILL CLUB,DC,200031801,,Q3,2024,SB,ITEMIZED DISBURSEMENTS,0.00,J,,N,4111220241068086869,B40C17249C12141AF97F,2024,
A,ADD,,,,,,,,,,,,,,,,006,Campaign Materials,,C00857649,,,,,,,809.17,2024-06-28,SUPPORTER GIFTS,OTHER,,,,,ORG,ORGANIZATION,,,1800370,F3X,202407159653743017,21B,Other Federal Operating Expenditures,4071520241973001497,2024-08-01T08:49:17,,,,false,,,,,,,,,,https://docquery.fec.gov/cgi-bin/fecimg/?202407159653743017,STEPHENVILLE,,PATRIOT PROMOTIONS,TX,764010004,,Q2,2024,SB,ITEMIZED DISBURSEMENTS,0.00,J,,N,4073120241999276702,B7C7386663BCD4ABEB94,2024,
A,ADD,,,,,,,,,,,,,,,,003,Solicitation and Fundraising Expenses ,,C00857649,,,,,,,18413.48,2024-06-28,FUNDRAISING CONSULTING,OTHER,,,,,ORG,ORGANIZATION,,,1800370,F3X,202407159653743016,21B,Other Federal Operating Expenditures,4071520241973001497,2024-08-01T08:49:17,,,,false,,,,,,,,,,https://docquery.fec.gov/cgi-bin/fecimg/?202407159653743016,AUSTIN,,"LILLY & COMPANY, LLC",TX,78704,,Q2,2024,SB,ITEMIZED DISBURSEMENTS,0.00,J,,N,4073120241999276699,B4D65C1F7B2B740F78B9,2024,
A,ADD,,,,,,,,,,,,,,,,001,Administrative/Salary/Overhead Expenses ,,C00857649,,,,,,,38868.6,2024-06-28,COMPLIANCE CONSULTING,OTHER,,,,,ORG,ORGANIZATION,,,1800370,F3X,202407159653743015,21B,Other Federal Operating Expenditures,4071520241973001497,2024-08-01T08:49:17,,,,false,,,,,,,,,,https://docquery.fec.gov/cgi-bin/fecimg/?202407159653743015,BETHESDA,,CFS COMPLIANCE,MD,20824,,Q2,2024,SB,ITEMIZED DISBURSEMENTS,0.00,J,,N,4073120241999276695,B342DB22F3E394F87A60,2024,
A,ADD,,,ZINKE FOR CONGRESS,RYAN,H2MT02050,ZINKE,,"ZINKE, RYAN",H,HOUSE,00,MT,MONTANA,,,008,Transfers,,C00857649,,,,,,,13305.78,2024-06-24,TRANSFER OF NET PROCEEDS,TRANSFERS,24G,TRANSFER OUT AFFILIATED,P,,CCM,CAMPAIGN COMMITTEE,PRIMARY,,1800370,F3X,202407159653743031,22,Transfers to Affiliated/Other Party Committees,4071520241973001497,2024-08-01T08:49:17,,,,false,,,,,,,,,,https://docquery.fec.gov/cgi-bin/fecimg/?202407159653743031,WHITEFISH,C00778159,ZINKE FOR CONGRESS,MT,599372981,,Q2,2024,SB,ITEMIZED DISBURSEMENTS,0.00,J,,N,4073120241999276743,BC5256AEAB5264D18809,2024,C00778159
A,ADD,,,YOUNG KIM FOR CONGRESS,YOUNG,H8CA39240,KIM,,"KIM, YOUNG",H,HOUSE,40,CA,CALIFORNIA,,,008,Transfers,,C00857649,,,,,,,15404.18,2024-06-24,TRANSFER OF NET PROCEEDS,TRANSFERS,24G,TRANSFER OUT AFFILIATED,P,,CCM,CAMPAIGN COMMITTEE,PRIMARY,,1800370,F3X,202407159653743031,22,Transfers to Affiliated/Other Party Committees,4071520241973001497,2024-08-01T08:49:17,,,,false,,,,,,,,,,https://docquery.fec.gov/cgi-bin/fecimg/?202407159653743031,ANAHEIM,C00665638,YOUNG KIM FOR CONGRESS,CA,928177490,,Q2,2024,SB,ITEMIZED DISBURSEMENTS,0.00,J,,N,4073120241999276742,B8F6646C75BF44DD68CF,2024,C00665638
A,ADD,,,VAN ORDEN FOR CONGRESS,DERRICK F. MR.,H0WI03175,VAN ORDEN,,"VAN ORDEN, DERRICK F. MR.",H,HOUSE,03,WI,WISCONSIN,,,008,Transfers,,C00857649,,,,,,,7175.49,2024-06-24,TRANSFER OF NET PROCEEDS,TRANSFERS,24G,TRANSFER OUT AFFILIATED,P,,CCM,CAMPAIGN COMMITTEE,PRIMARY,,1800370,F3X,202407159653743030,22,Transfers to Affiliated/Other Party Committees,4071520241973001497,2024-08-01T08:49:17,,,,false,,,,,,,,,,https://docquery.fec.gov/cgi-bin/fecimg/?202407159653743030,LA CROSSE,C00742007,VAN ORDEN FOR CONGRESS,WI,546021836,,Q2,2024,SB,ITEMIZED DISBURSEMENTS,0.00,J,,N,4073120241999276741,BE068D26BB8994AC8BAA,2024,C00742007
A,ADD,,,VALADAO FOR CONGRESS,DAVID,H2CA20094,VALADAO,,"VALADAO, DAVID",H,HOUSE,22,CA,CALIFORNIA,,,008,Transfers,,C00857649,,,,,,,10630.93,2024-06-24,TRANSFER OF NET PROCEEDS,TRANSFERS,24G,TRANSFER OUT AFFILIATED,P,,CCM,CAMPAIGN COMMITTEE,PRIMARY,,1800370,F3X,202407159653743030,22,Transfers to Affiliated/Other Party Committees,4071520241973001497,2024-08-01T08:49:17,,,,false,,,,,,,,,,https://docquery.fec.gov/cgi-bin/fecimg/?202407159653743030,FRESNO,C00499392,VALADAO FOR CONGRESS,CA,937042236,,Q2,2024,SB,ITEMIZED DISBURSEMENTS,0.00,J,,N,4073120241999276740,B572986FE02994C0E8F6,2024,C00499392
A,ADD,,,TONY GONZALES FOR CONGRESS,ERNEST ANTHONY TONY,H0TX35015,GONZALES,II,"GONZALES, ERNEST ANTHONY TONY II",H,HOUSE,23,TX,TEXAS,,,008,Transfers,,C00857649,,,,,,,9440.64,2024-06-24,TRANSFER OF NET PROCEEDS,TRANSFERS,24G,TRANSFER OUT AFFILIATED,P,,CCM,CAMPAIGN COMMITTEE,PRIMARY,,1800370,F3X,202407159653743030,22,Transfers to Affiliated/Other Party Committees,4071520241973001497,2024-08-01T08:49:17,,,,false,,,,,,,,,,https://docquery.fec.gov/cgi-bin/fecimg/?202407159653743030,SAN ANTONIO,C00706614,TONY GONZALES FOR CONGRESS,TX,782700442,,Q2,2024,SB,ITEMIZED DISBURSEMENTS,0.00,J,,N,4073120241999276739,B16522522FD4146A99D7,2024,C00706614
A,ADD,,,"STEIL FOR WISCONSIN, INC.",BRYAN,H8WI01156,STEIL,GEORGE,"STEIL, BRYAN GEORGE",H,HOUSE,01,WI,WISCONSIN,,,008,Transfers,,C00857649,,,,,,,13305.8,2024-06-24,TRANSFER OF NET PROCEEDS,TRANSFERS,24G,TRANSFER OUT AFFILIATED,P,,CCM,CAMPAIGN COMMITTEE,PRIMARY,,1800370,F3X,202407159653743029,22,Transfers to Affiliated/Other Party Committees,4071520241973001497,2024-08-01T08:49:17,,,,false,,,,,,,,,,https://docquery.fec.gov/cgi-bin/fecimg/?202407159653743029,JANESVILLE,C00677286,"STEIL FOR WISCONSIN, INC.",WI,535451129,,Q2,2024,SB,ITEMIZED DISBURSEMENTS,0.00,J,,N,4073120241999276738,BF885456109A2461EBBB,2024,C00677286
A,ADD,,,SALAZAR FOR CONGRESS,MARIA,H8FL27185,SALAZAR,ELVIRA,"SALAZAR, MARIA ELVIRA",H,HOUSE,27,FL,FLORIDA,,,008,Transfers,,C00857649,,,,,,,7406.08,2024-06-24,TRANSFER OF NET PROCEEDS,TRANSFERS,24G,TRANSFER OUT AFFILIATED,P,,CCM,CAMPAIGN COMMITTEE,PRIMARY,,1800370,F3X,202407159653743029,22,Transfers to Affiliated/Other Party Committees,4071520241973001497,2024-08-01T08:49:17,,,,false,,,,,,,,,,https://docquery.fec.gov/cgi-bin/fecimg/?202407159653743029,CORAL GABLES,C00714261,SALAZAR FOR CONGRESS,FL,331341601,,Q2,2024,SB,ITEMIZED DISBURSEMENTS,0.00,J,,N,4073120241999276737,B903D4D096D3841A9B49,2024,C00714261
A,ADD,,,RAPTOR PAC,,,,,,,,,,,,,008,Transfers,,C00857649,,,,,,,62913.5,2024-06-24,TRANSFER OF NET PROCEEDS,TRANSFERS,24G,TRANSFER OUT AFFILIATED,P,,PAC,POLITICAL ACTION COMMITTEE,PRIMARY,,1800370,F3X,202407159653743029,22,Transfers to Affiliated/Other Party Committees,4071520241973001497,2024-08-01T08:49:17,,,,false,,,,,,,,,,https://docquery.fec.gov/cgi-bin/fecimg/?202407159653743029,MIDLAND,C00749481,RAPTOR PAC,TX,797044864,,Q2,2024,SB,ITEMIZED DISBURSEMENTS,0.00,J,,N,4073120241999276736,B4D138FC7901B43FAB85,2024,C00749481
A,ADD,,,PATRIOTS FOR PERRY,SCOTT,H2PA04135,PERRY,,"PERRY, SCOTT",H,HOUSE,10,PA,PENNSYLVANIA,,,008,Transfers,,C00857649,,,,,,,9789.68,2024-06-24,TRANSFER OF NET PROCEEDS,TRANSFERS,24G,TRANSFER OUT AFFILIATED,P,,CCM,CAMPAIGN COMMITTEE,PRIMARY,,1800370,F3X,202407159653743028,22,Transfers to Affiliated/Other Party Committees,4071520241973001497,2024-08-01T08:49:17,,,,false,,,,,,,,,,https://docquery.fec.gov/cgi-bin/fecimg/?202407159653743028,HARRISBURG,C00510164,PATRIOTS FOR PERRY,PA,171121020,,Q2,2024,SB,ITEMIZED DISBURSEMENTS,0.00,J,,N,4073120241999276735,B98CC294161B042B396C,2024,C00510164
A,ADD,,,NANCY MACE FOR CONGRESS,NANCY,H0SC01394,MACE,,"MACE, NANCY",H,HOUSE,01,SC,SOUTH CAROLINA,,,008,Transfers,,C00857649,,,,,,,9780.75,2024-06-24,TRANSFER OF NET PROCEEDS,TRANSFERS,24G,TRANSFER OUT AFFILIATED,P,,CCM,CAMPAIGN COMMITTEE,PRIMARY,,1800370,F3X,202407159653743027,22,Transfers to Affiliated/Other Party Committees,4071520241973001497,2024-08-01T08:49:17,,,,false,,,,,,,,,,https://docquery.fec.gov/cgi-bin/fecimg/?202407159653743027,CHARLESTON,C00710103,NANCY MACE FOR CONGRESS,SC,29492,,Q2,2024,SB,ITEMIZED DISBURSEMENTS,0.00,J,,N,4073120241999276730,B96F868D495D0478C884,2024,C00710103
A,ADD,,,MONICA FOR CONGRESS,MONICA,H0TX15124,DE LA CRUZ HERNANDEZ,,"DE LA CRUZ HERNANDEZ, MONICA",H,HOUSE,15,TX,TEXAS,,,008,Transfers,,C00857649,,,,,,,9909.53,2024-06-24,TRANSFER OF NET PROCEEDS,TRANSFERS,24G,TRANSFER OUT AFFILIATED,P,,CCM,CAMPAIGN COMMITTEE,PRIMARY,,1800370,F3X,202407159653743026,22,Transfers to Affiliated/Other Party Committees,4071520241973001497,2024-08-01T08:49:17,,,,false,,,,,,,,,,https://docquery.fec.gov/cgi-bin/fecimg/?202407159653743026,MCALLEN,C00765719,MONICA FOR CONGRESS,TX,785024605,,Q2,2024,SB,ITEMIZED DISBURSEMENTS,0.00,J,,N,4073120241999276729,B60D2BDA4304147BCB29,2024,C00765719
A,ADD,,,MILLER-MEEKS FOR CONGRESS,MARIANNETTE,H0IA02180,MILLER-MEEKS,JANE,"MILLER-MEEKS, MARIANNETTE JANE",H,HOUSE,02,IA,IOWA,,,008,Transfers,,C00857649,,,,,,,12222.9,2024-06-24,TRANSFER OF NET PROCEEDS,TRANSFERS,24G,TRANSFER OUT AFFILIATED,P,,CCM,CAMPAIGN COMMITTEE,PRIMARY,,1800370,F3X,202407159653743026,22,Transfers to Affiliated/Other Party Committees,4071520241973001497,2024-08-01T08:49:17,,,,false,,,,,,,,,,https://docquery.fec.gov/cgi-bin/fecimg/?202407159653743026,OTTUMWA,C00558825,MILLER-MEEKS FOR CONGRESS,IA,52501,,Q2,2024,SB,ITEMIZED DISBURSEMENTS,0.00,J,,N,4073120241999276728,BF11F8C3701B94065AC9,2024,C00558825
A,ADD,,,MIKE GARCIA FOR CONGRESS,MICHAEL,H0CA25105,GARCIA,,"GARCIA, MICHAEL",H,HOUSE,27,CA,CALIFORNIA,,,008,Transfers,,C00857649,,,,,,,21516.61,2024-06-24,TRANSFER OF NET PROCEEDS,TRANSFERS,24G,TRANSFER OUT AFFILIATED,P,,CCM,CAMPAIGN COMMITTEE,PRIMARY,,1800370,F3X,202407159653743026,22,Transfers to Affiliated/Other Party Committees,4071520241973001497,2024-08-01T08:49:17,,,,false,,,,,,,,,,https://docquery.fec.gov/cgi-bin/fecimg/?202407159653743026,IRVINE,C00701102,MIKE GARCIA FOR CONGRESS,CA,92618,,Q2,2024,SB,ITEMIZED DISBURSEMENTS,0.00,J,,N,4073120241999276727,B9B1410532AB74009BC8,2024,C00701102
A,ADD,,,MICHELLE STEEL FOR CONGRESS,MICHELLE,H0CA48198,STEEL,,"STEEL, MICHELLE",H,HOUSE,45,CA,CALIFORNIA,,,008,Transfers,,C00857649,,,,,,,10630.93,2024-06-24,TRANSFER OF NET PROCEEDS,TRANSFERS,24G,TRANSFER OUT AFFILIATED,P,,CCM,CAMPAIGN COMMITTEE,PRIMARY,,1800370,F3X,202407159653743025,22,Transfers to Affiliated/Other Party Committees,4071520241973001497,2024-08-01T08:49:17,,,,false,,,,,,,,,,https://docquery.fec.gov/cgi-bin/fecimg/?202407159653743025,IRVINE,C00704981,MICHELLE STEEL FOR CONGRESS,CA,926184691,,Q2,2024,SB,ITEMIZED DISBURSEMENTS,0.00,J,,N,4073120241999276726,B03CD09D8FAA14547B02,2024,C00704981
A,ADD,,,MAYRA FLORES FOR CONGRESS,MAYRA,H2TX34113,FLORES,NOHEMI,"FLORES, MAYRA NOHEMI",H,HOUSE,34,TX,TEXAS,,,008,Transfers,,C00857649,,,,,,,10115.23,2024-06-24,TRANSFER OF NET PROCEEDS,TRANSFERS,24G,TRANSFER OUT AFFILIATED,P,,CCM,CAMPAIGN COMMITTEE,PRIMARY,,1800370,F3X,202407159653743025,22,Transfers to Affiliated/Other Party Committees,4071520241973001497,2024-08-01T08:49:17,,,,false,,,,,,,,,,https://docquery.fec.gov/cgi-bin/fecimg/?202407159653743025,LOS INDIOS,C00768994,MAYRA FLORES FOR CONGRESS,TX,785670516,,Q2,2024,SB,ITEMIZED DISBURSEMENTS,0.00,J,,N,4073120241999276725,BD0685AF070A640479FB,2024,C00768994
A,ADD,,,MARC FOR US INC.,MARCUS,H2NY19127,MOLINARO,J.,"MOLINARO, MARCUS J.",H,HOUSE,19,NY,NEW YORK,,,008,Transfers,,C00857649,,,,,,,11472.15,2024-06-24,TRANSFER OF NET PROCEEDS,TRANSFERS,24G,TRANSFER OUT AFFILIATED,P,,CCM,CAMPAIGN COMMITTEE,PRIMARY,,1800370,F3X,202407159653743025,22,Transfers to Affiliated/Other Party Committees,4071520241973001497,2024-08-01T08:49:17,,,,false,,,,,,,,,,https://docquery.fec.gov/cgi-bin/fecimg/?202407159653743025,LEEDS,C00789586,MARC FOR US INC.,NY,124510219,,Q2,2024,SB,ITEMIZED DISBURSEMENTS,0.00,J,,N,4073120241999276724,BE75588EF3C4E413690D,2024,C00789586
A,ADD,,,LORI CHAVEZ-DEREMER FOR CONGRESS,LORI,H2OR05209,CHAVEZ-DEREMER,,"CHAVEZ-DEREMER, LORI",H,HOUSE,05,OR,OREGON,,,008,Transfers,,C00857649,,,,,,,8959.29,2024-06-24,TRANSFER OF NET PROCEEDS,TRANSFERS,24G,TRANSFER OUT AFFILIATED,P,,CCM,CAMPAIGN COMMITTEE,PRIMARY,,1800370,F3X,202407159653743024,22,Transfers to Affiliated/Other Party Committees,4071520241973001497,2024-08-01T08:49:17,,,,false,,,,,,,,,,https://docquery.fec.gov/cgi-bin/fecimg/?202407159653743024,HAPPY VALLEY,C00784520,LORI CHAVEZ-DEREMER FOR CONGRESS,OR,970868738,,Q2,2024,SB,ITEMIZED DISBURSEMENTS,0.00,J,,N,4073120241999276723,B1C54FD0FB0C24650920,2024,C00784520
A,ADD,,,LAWLER FOR CONGRESS,MICHAEL,H2NY17162,LAWLER,VINCENT,"LAWLER, MICHAEL VINCENT",H,HOUSE,17,NY,NEW YORK,,,008,Transfers,,C00857649,,,,,,,10630.91,2024-06-24,TRANSFER OF NET PROCEEDS,TRANSFERS,24G,TRANSFER OUT AFFILIATED,P,,CCM,CAMPAIGN COMMITTEE,PRIMARY,,1800370,F3X,202407159653743024,22,Transfers to Affiliated/Other Party Committees,4071520241973001497,2024-08-01T08:49:17,,,,false,,,,,,,,,,https://docquery.fec.gov/cgi-bin/fecimg/?202407159653743024,SOUTH SALEM,C00815415,LAWLER FOR CONGRESS,NY,105900087,,Q2,2024,SB,ITEMIZED DISBURSEMENTS,0.00,J,,N,4073120241999276722,BA758EDA3BF6D4DBB9A9,2024,C00815415
A,ADD,,,LALOTA FOR CONGRESS,LALOTA,H2NY01190,NICK,,"NICK, LALOTA",H,HOUSE,01,NY,NEW YORK,,,008,Transfers,,C00857649,,,,,,,14377.61,2024-06-24,TRANSFER OF NET PROCEEDS,TRANSFERS,24G,TRANSFER OUT AFFILIATED,P,,CCM,CAMPAIGN COMMITTEE,PRIMARY,,1800370,F3X,202407159653743024,22,Transfers to Affiliated/Other Party Committees,4071520241973001497,2024-08-01T08:49:17,,,,false,,,,,,,,,,https://docquery.fec.gov/cgi-bin/fecimg/?202407159653743024,HAUPPAUGE,C00806018,LALOTA FOR CONGRESS,NY,117880155,,Q2,2024,SB,ITEMIZED DISBURSEMENTS,0.00,J,,N,4073120241999276721,B6CA104F635704484A27,2024,C00806018
A,ADD,,,KIGGANS FOR CONGRESS,JENNIFER,H2VA02064,KIGGANS,,"KIGGANS, JENNIFER",H,HOUSE,02,VA,VIRGINIA,,,008,Transfers,,C00857649,,,,,,,12222.88,2024-06-24,TRANSFER OF NET PROCEEDS,TRANSFERS,24G,TRANSFER OUT AFFILIATED,P,,CCM,CAMPAIGN COMMITTEE,PRIMARY,,1800370,F3X,202407159653743023,22,Transfers to Affiliated/Other Party Committees,4071520241973001497,2024-08-01T08:49:17,,,,false,,,,,,,,,,https://docquery.fec.gov/cgi-bin/fecimg/?202407159653743023,VIRGINIA BEACH,C00776120,KIGGANS FOR CONGRESS,VA,234710042,,Q2,2024,SB,ITEMIZED DISBURSEMENTS,0.00,J,,N,4073120241999276720,B286B1FFCC7114192AF9,2024,C00776120
A,ADD,,,KEVIN KILEY FOR CONGRESS,KEVIN,H2CA03157,KILEY,,"KILEY, KEVIN",H,HOUSE,03,CA,CALIFORNIA,,,008,Transfers,,C00857649,,,,,,,13305.8,2024-06-24,TRANSFER OF NET PROCEEDS,TRANSFERS,24G,TRANSFER OUT AFFILIATED,P,,CCM,CAMPAIGN COMMITTEE,PRIMARY,,1800370,F3X,202407159653743023,22,Transfers to Affiliated/Other Party Committees,4071520241973001497,2024-08-01T08:49:17,,,,false,,,,,,,,,,https://docquery.fec.gov/cgi-bin/fecimg/?202407159653743023,GRANITE BAY,C00801985,KEVIN KILEY FOR CONGRESS,CA,957466618,,Q2,2024,SB,ITEMIZED DISBURSEMENTS,0.00,J,,N,4073120241999276719,B25F912A177BF401A92C,2024,C00801985
A,ADD,,,KEN CALVERT FOR CONGRESS COMMITTEE,KEN,H2CA37023,CALVERT,,"CALVERT, KEN",H,HOUSE,41,CA,CALIFORNIA,,,008,Transfers,,C00857649,,,,,,,11573.48,2024-06-24,TRANSFER OF NET PROCEEDS,TRANSFERS,24G,TRANSFER OUT AFFILIATED,P,,CCM,CAMPAIGN COMMITTEE,PRIMARY,,1800370,F3X,202407159653743023,22,Transfers to Affiliated/Other Party Committees,4071520241973001497,2024-08-01T08:49:17,,,,false,,,,,,,,,,https://docquery.fec.gov/cgi-bin/fecimg/?202407159653743023,CORONA,C00257337,KEN CALVERT FOR CONGRESS COMMITTEE,CA,928782438,,Q2,2024,SB,ITEMIZED DISBURSEMENTS,0.00,J,,N,4073120241999276718,B5138448DFD7B4D31AB4,2024,C00257337
A,ADD,,,KEAN FOR CONGRESS INC,THOMAS H.,H0NJ07261,KEAN,JR.,"KEAN, THOMAS H. JR.",H,HOUSE,07,NJ,NEW JERSEY,,,008,Transfers,,C00857649,,,,,,,7175.49,2024-06-24,TRANSFER OF NET PROCEEDS,TRANSFERS,24G,TRANSFER OUT AFFILIATED,P,,CCM,CAMPAIGN COMMITTEE,PRIMARY,,1800370,F3X,202407159653743022,22,Transfers to Affiliated/Other Party Committees,4071520241973001497,2024-08-01T08:49:17,,,,false,,,,,,,,,,https://docquery.fec.gov/cgi-bin/fecimg/?202407159653743022,EDISON,C00703058,KEAN FOR CONGRESS INC,NJ,088180999,,Q2,2024,SB,ITEMIZED DISBURSEMENTS,0.00,J,,N,4073120241999276717,BDC9CB0F6697940A8B15,2024,C00703058
A,ADD,,,"JOHN JAMES FOR CONGRESS, INC.",JOHN,H2MI10150,JAMES,,"JAMES, JOHN",H,HOUSE,10,MI,MICHIGAN,,,008,Transfers,,C00857649,,,,,,,14248.32,2024-06-24,TRANSFER OF NET PROCEEDS,TRANSFERS,24G,TRANSFER OUT AFFILIATED,P,,CCM,CAMPAIGN COMMITTEE,PRIMARY,,1800370,F3X,202407159653743022,22,Transfers to Affiliated/Other Party Committees,4071520241973001497,2024-08-01T08:49:17,,,,false,,,,,,,,,,https://docquery.fec.gov/cgi-bin/fecimg/?202407159653743022,SAINT CLAIR SHORES,C00803502,"JOHN JAMES FOR CONGRESS, INC.",MI,480800628,,Q2,2024,SB,ITEMIZED DISBURSEMENTS,0.00,J,,N,4073120241999276716,BA6E79F857E4541F3B8F,2024,C00803502
A,ADD,,,JOHN DUARTE FOR CONGRESS,JOHN,H2CA13131,DUARTE,S,"DUARTE, JOHN S",H,HOUSE,13,CA,CALIFORNIA,,,008,Transfers,,C00857649,,,,,,,9789.68,2024-06-24,TRANSFER OF NET PROCEEDS,TRANSFERS,24G,TRANSFER OUT AFFILIATED,P,,CCM,CAMPAIGN COMMITTEE,PRIMARY,,1800370,F3X,202407159653743022,22,Transfers to Affiliated/Other Party Committees,4071520241973001497,2024-08-01T08:49:17,,,,false,,,,,,,,,,https://docquery.fec.gov/cgi-bin/fecimg/?202407159653743022,HILMAR,C00808279,JOHN DUARTE FOR CONGRESS,CA,953249320,,Q2,2024,SB,ITEMIZED DISBURSEMENTS,0.00,J,,N,4073120241999276715,BC76FF9B97337458EB98,2024,C00808279
A,ADD,,,IOWANS FOR ZACH NUNN,ZACH,H2IA03119,NUNN,,"NUNN, ZACH",H,HOUSE,03,IA,IOWA,,,008,Transfers,,C00857649,,,,,,,13407.09,2024-06-24,TRANSFER OF NET PROCEEDS,TRANSFERS,24G,TRANSFER OUT AFFILIATED,P,,CCM,CAMPAIGN COMMITTEE,PRIMARY,,1800370,F3X,202407159653743021,22,Transfers to Affiliated/Other Party Committees,4071520241973001497,2024-08-01T08:49:17,,,,false,,,,,,,,,,https://docquery.fec.gov/cgi-bin/fecimg/?202407159653743021,BONDURANT,C00784389,IOWANS FOR ZACH NUNN,IA,500350011,,Q2,2024,SB,ITEMIZED DISBURSEMENTS,0.00,J,,N,4073120241999276714,B5D859ED8AD6E4B29A18,2024,C00784389
A,ADD,,,HOUSE CONSERVATIVES FUND,,,,,,,,,,,,,008,Transfers,,C00857649,,,,,,,10444.2,2024-06-24,TRANSFER OF NET PROCEEDS,TRANSFERS,24G,TRANSFER OUT AFFILIATED,P,,PAC,POLITICAL ACTION COMMITTEE,PRIMARY,,1800370,F3X,202407159653743021,22,Transfers to Affiliated/Other Party Committees,4071520241973001497,2024-08-01T08:49:17,,,,false,,,,,,,,,,https://docquery.fec.gov/cgi-bin/fecimg/?202407159653743021,ALEXANDRIA,C00326439,HOUSE CONSERVATIVES FUND,VA,223145404,,Q2,2024,SB,ITEMIZED DISBURSEMENTS,0.00,J,,N,4073120241999276713,B19A60EE0FC46499CA30,2024,C00326439
A,ADD,,,FRIENDS OF DAVID SCHWEIKERT,DAVID,H4AZ06045,SCHWEIKERT,S.,"SCHWEIKERT, DAVID S.",H,HOUSE,01,AZ,ARIZONA,,,008,Transfers,,C00857649,,,,,,,11682.45,2024-06-24,TRANSFER OF NET PROCEEDS,TRANSFERS,24G,TRANSFER OUT AFFILIATED,P,,CCM,CAMPAIGN COMMITTEE,PRIMARY,,1800370,F3X,202407159653743021,22,Transfers to Affiliated/Other Party Committees,4071520241973001497,2024-08-01T08:49:17,,,,false,,,,,,,,,,https://docquery.fec.gov/cgi-bin/fecimg/?202407159653743021,SCOTTSDALE,C00540617,FRIENDS OF DAVID SCHWEIKERT,AZ,852674907,,Q2,2024,SB,ITEMIZED DISBURSEMENTS,0.00,J,,N,4073120241999276712,B85DBB8216829421F8E4,2024,C00540617
A,ADD,,,DON BACON FOR CONGRESS,DONALD J,H6NE02125,BACON,,"BACON, DONALD J",H,HOUSE,02,NE,NEBRASKA,,,008,Transfers,,C00857649,,,,,,,19278.53,2024-06-24,TRANSFER OF NET PROCEEDS,TRANSFERS,24G,TRANSFER OUT AFFILIATED,P,,CCM,CAMPAIGN COMMITTEE,PRIMARY,,1800370,F3X,202407159653743020,22,Transfers to Affiliated/Other Party Committees,4071520241973001497,2024-08-01T08:49:17,,,,false,,,,,,,,,,https://docquery.fec.gov/cgi-bin/fecimg/?202407159653743020,OMAHA,C00575167,DON BACON FOR CONGRESS,NE,68139,,Q2,2024,SB,ITEMIZED DISBURSEMENTS,0.00,J,,N,4073120241999276711,B8C74ACA7D22A4936A41,2024,C00575167
A,ADD,,,DESPOSITO FOR NEW YORK,ANTHONY,H2NY04277,DESPOSITO,P,"DESPOSITO, ANTHONY P",H,HOUSE,04,NY,NEW YORK,,,008,Transfers,,C00857649,,,,,,,9789.68,2024-06-24,TRANSFER OF NET PROCEEDS,TRANSFERS,24G,TRANSFER OUT AFFILIATED,P,,CCM,CAMPAIGN COMMITTEE,PRIMARY,,1800370,F3X,202407159653743020,22,Transfers to Affiliated/Other Party Committees,4071520241973001497,2024-08-01T08:49:17,,,,false,,,,,,,,,,https://docquery.fec.gov/cgi-bin/fecimg/?202407159653743020,ISLAND PARK,C00809426,DESPOSITO FOR NEW YORK,NY,115580188,,Q2,2024,SB,ITEMIZED DISBURSEMENTS,0.00,J,,N,4073120241999276710,B8D8C8C3926A74A59862,2024,C00809426
A,ADD,,,CISCOMANI FOR CONGRESS,JUAN,H2AZ02360,CISCOMANI,,"CISCOMANI, JUAN",H,HOUSE,06,AZ,ARIZONA,,,008,Transfers,,C00857649,,,,,,,13407.11,2024-06-24,TRANSFER OF NET PROCEEDS,TRANSFERS,24G,TRANSFER OUT AFFILIATED,P,,CCM,CAMPAIGN COMMITTEE,PRIMARY,,1800370,F3X,202407159653743020,22,Transfers to Affiliated/Other Party Committees,4071520241973001497,2024-08-01T08:49:17,,,,false,,,,,,,,,,https://docquery.fec.gov/cgi-bin/fecimg/?202407159653743020,TUCSON,C00786194,CISCOMANI FOR CONGRESS,AZ,857405103,,Q2,2024,SB,ITEMIZED DISBURSEMENTS,0.00,J,,N,4073120241999276709,B26FE1EC7BE5841F5AFD,2024,C00786194
A,ADD,,,CHUCK EDWARDS FOR CONGRESS,CHUCK,H2NC14050,EDWARDS,,"EDWARDS, CHUCK",H,HOUSE,11,NC,NORTH CAROLINA,,,008,Transfers,,C00857649,,,,,,,11682.48,2024-06-24,TRANSFER OF NET PROCEEDS,TRANSFERS,24G,TRANSFER OUT AFFILIATED,P,,CCM,CAMPAIGN COMMITTEE,PRIMARY,,1800370,F3X,202407159653743019,22,Transfers to Affiliated/Other Party Committees,4071520241973001497,2024-08-01T08:49:17,,,,false,,,,,,,,,,https://docquery.fec.gov/cgi-bin/fecimg/?202407159653743019,HENDERSONVILLE,C00796433,CHUCK EDWARDS FOR CONGRESS,NC,287924902,,Q2,2024,SB,ITEMIZED DISBURSEMENTS,0.00,J,,N,4073120241999276708,B76F48C31786A4A71B22,2024,C00796433
A,ADD,,,BRIAN FITZPATRICK FOR ALL OF US,BRIAN,H6PA08277,FITZPATRICK,,"FITZPATRICK, BRIAN",H,HOUSE,01,PA,PENNSYLVANIA,,,008,Transfers,,C00857649,,,,,,,10630.94,2024-06-24,TRANSFER OF NET PROCEEDS,TRANSFERS,24G,TRANSFER OUT AFFILIATED,P,,CCM,CAMPAIGN COMMITTEE,PRIMARY,,1800370,F3X,202407159653743019,22,Transfers to Affiliated/Other Party Committees,4071520241973001497,2024-08-01T08:49:17,,,,false,,,,,,,,,,https://docquery.fec.gov/cgi-bin/fecimg/?202407159653743019,LANGHORNE,C00607416,BRIAN FITZPATRICK FOR ALL OF US,PA,190470939,,Q2,2024,SB,ITEMIZED DISBURSEMENTS,0.00,J,,N,4073120241999276707,BB9C8DB7EDB824DBEA3F,2024,C00607416
A,ADD,,,BRANDON FOR CONGRESS NY22,BRANDON,H2NY22212,WILLIAMS,MCDONALD,"WILLIAMS, BRANDON MCDONALD",H,HOUSE,22,NY,NEW YORK,,,008,Transfers,,C00857649,,,,,,,9699.19,2024-06-24,TRANSFER OF NET PROCEEDS,TRANSFERS,24G,TRANSFER OUT AFFILIATED,P,,CCM,CAMPAIGN COMMITTEE,PRIMARY,,1800370,F3X,202407159653743019,22,Transfers to Affiliated/Other Party Committees,4071520241973001497,2024-08-01T08:49:17,,,,false,,,,,,,,,,https://docquery.fec.gov/cgi-bin/fecimg/?202407159653743019,SYRACUSE,C00806307,BRANDON FOR CONGRESS NY22,NY,132203580,,Q2,2024,SB,ITEMIZED DISBURSEMENTS,0.00,J,,N,4073120241999276706,B1F90BFCA15F3425AA96,2024,C00806307
A,ADD,,,AUGUST PFLUGER FOR CONGRESS,AUGUST,H0TX11230,PFLUGER,LEE,"PFLUGER, AUGUST LEE",H,HOUSE,11,TX,TEXAS,,,008,Transfers,,C00857649,,,,,,,34602.92,2024-06-24,TRANSFER OF NET PROCEEDS,TRANSFERS,24G,TRANSFER OUT AFFILIATED,P,,CCM,CAMPAIGN COMMITTEE,PRIMARY,,1800370,F3X,202407159653743018,22,Transfers to Affiliated/Other Party Committees,4071520241973001497,2024-08-01T08:49:17,,,,false,,,,,,,,,,https://docquery.fec.gov/cgi-bin/fecimg/?202407159653743018,SAN ANGELO,C00719294,AUGUST PFLUGER FOR CONGRESS,TX,76902,,Q2,2024,SB,ITEMIZED DISBURSEMENTS,0.00,J,,N,4073120241999276705,BE26F0E5766AB4C2E8E4,2024,C00719294
A,ADD,,,ASHLEY HINSON FOR CONGRESS,ASHLEY HINSON,H0IA01174,ARENHOLZ,,"ARENHOLZ, ASHLEY HINSON",H,HOUSE,02,IA,IOWA,,,008,Transfers,,C00857649,,,,,,,14147.05,2024-06-24,TRANSFER OF NET PROCEEDS,TRANSFERS,24G,TRANSFER OUT AFFILIATED,P,,CCM,CAMPAIGN COMMITTEE,PRIMARY,,1800370,F3X,202407159653743018,22,Transfers to Affiliated/Other Party Committees,4071520241973001497,2024-08-01T08:49:17,,,,false,,,,,,,,,,https://docquery.fec.gov/cgi-bin/fecimg/?202407159653743018,MARION,C00706267,ASHLEY HINSON FOR CONGRESS,IA,52302,,Q2,2024,SB,ITEMIZED DISBURSEMENTS,0.00,J,,N,4073120241999276704,B3B731962813748E48A8,2024,C00706267
A,ADD,,,ANNA PAULINA LUNA FOR CONGRESS,ANNA,H0FL13158,PAULINA LUNA,,"PAULINA LUNA, ANNA",H,HOUSE,13,FL,FLORIDA,,,008,Transfers,,C00857649,,,,,,,16081.84,2024-06-24,TRANSFER OF NET PROCEEDS,TRANSFERS,24G,TRANSFER OUT AFFILIATED,P,,CCM,CAMPAIGN COMMITTEE,PRIMARY,,1800370,F3X,202407159653743018,22,Transfers to Affiliated/Other Party Committees,4071520241973001497,2024-08-01T08:49:17,,,,false,,,,,,,,,,https://docquery.fec.gov/cgi-bin/fecimg/?202407159653743018,SAINT PETERSBURG,C00718239,ANNA PAULINA LUNA FOR CONGRESS,FL,337022409,,Q2,2024,SB,ITEMIZED DISBURSEMENTS,0.00,J,,N,4073120241999276703,B7C3DB53408294813A49,2024,C00718239
A,ADD,,,,,,,,,,,,,,,,006,Campaign Materials,,C00857649,,,,,,,420.88,2024-06-20,SUPPORTER GIFTS,OTHER,,,,,ORG,ORGANIZATION,,,1800370,F3X,202407159653743017,21B,Other Federal Operating Expenditures,4071520241973001497,2024-08-01T08:49:17,,,,false,,,,,,,,,,https://docquery.fec.gov/cgi-bin/fecimg/?202407159653743017,STEPHENVILLE,,PATRIOT PROMOTIONS,TX,764010004,,Q2,2024,SB,ITEMIZED DISBURSEMENTS,0.00,J,,N,4073120241999276701,B4CFE385960574E47833,2024,
A,ADD,,,,,,,,,,,,,,,,003,Solicitation and Fundraising Expenses ,,C00857649,,,,,,,1568.54,2024-06-13,FUNDRAISING CONSULTING,OTHER,,,,,ORG,ORGANIZATION,,,1800370,F3X,202407159653743016,21B,Other Federal Operating Expenditures,4071520241973001497,2024-08-01T08:49:17,,,,false,,,,,,,,,,https://docquery.fec.gov/cgi-bin/fecimg/?202407159653743016,AUSTIN,,"LILLY & COMPANY, LLC",TX,78704,,Q2,2024,SB,ITEMIZED DISBURSEMENTS,0.00,J,,N,4073120241999276698,B208EDD290D314570B26,2024,
A,ADD,,,,,,,,,,,,,,,,003,Solicitation and Fundraising Expenses ,,C00857649,,,,,,,-1568.54,2024-06-12,VOID FUNDRAISING CONSULTING FROM 2/27 LOST CHECK REISSUED 6/13/2024,OTHER,,,,,ORG,ORGANIZATION,,,1800370,F3X,202407159653743015,21B,Other Federal Operating Expenditures,4071520241973001497,2024-08-01T08:49:17,,,,false,,,,,,,,,,https://docquery.fec.gov/cgi-bin/fecimg/?202407159653743015,AUSTIN,,"LILLY & COMPANY, LLC",TX,78704,,Q2,2024,SB,ITEMIZED DISBURSEMENTS,0.00,J,,N,4073120241999276697,BD99034E2905945B0857,2024,
A,ADD,,,,,,,,,,,,,,,,001,Administrative/Salary/Overhead Expenses ,,C00857649,,,,,,,400.3,2024-06-11,E-MERCHANT FEES,OTHER,,,,,ORG,ORGANIZATION,,,1800370,F3X,202407159653743014,21B,Other Federal Operating Expenditures,4071520241973001497,2024-08-01T08:49:17,,,,false,,,,,,,,,,https://docquery.fec.gov/cgi-bin/fecimg/?202407159653743014,NEW ORLEANS,,ANEDOT,LA,701125204,,Q2,2024,SB,ITEMIZED DISBURSEMENTS,0.00,J,,N,4073120241999276693,B4D18313B59D6458FBC6,2024,
A,ADD,,,,,,,,,,,,,,,,001,Administrative/Salary/Overhead Expenses ,,C00857649,,,,,,,750.0,2024-06-07,SOFTWARE SERVICE,OTHER,,,,,ORG,ORGANIZATION,,,1800370,F3X,202407159653743014,21B,Other Federal Operating Expenditures,4071520241973001497,2024-08-01T08:49:17,,,,false,,,,,,,,,,https://docquery.fec.gov/cgi-bin/fecimg/?202407159653743014,WASHINGTON,,"ARISTOTLE INTERNATIONAL, INC.",DC,200031164,,Q2,2024,SB,ITEMIZED DISBURSEMENTS,0.00,J,,N,4073120241999276694,B479A4CF98B024342AB7,2024,
A,ADD,,,,,,,,,,,,,,,,001,Administrative/Salary/Overhead Expenses ,,C00857649,,,,,,,400.3,2024-06-07,E-MERCHANT FEES,OTHER,,,,,ORG,ORGANIZATION,,,1800370,F3X,202407159653743014,21B,Other Federal Operating Expenditures,4071520241973001497,2024-08-01T08:49:17,,,,false,,,,,,,,,,https://docquery.fec.gov/cgi-bin/fecimg/?202407159653743014,NEW ORLEANS,,ANEDOT,LA,701125204,,Q2,2024,SB,ITEMIZED DISBURSEMENTS,0.00,J,,N,4073120241999276692,BB8E1A22612224AC99F8,2024,
A,ADD,,,,,,,,,,,,,,,,001,Administrative/Salary/Overhead Expenses ,,C00857649,,,,,,,232.61,2024-05-16,PRINTING,ADVERTISING,,,,,ORG,ORGANIZATION,,,1800370,F3X,202407159653743016,21B,Other Federal Operating Expenditures,4071520241973001497,2024-08-01T08:49:17,,,,false,,,,,,,,,,https://docquery.fec.gov/cgi-bin/fecimg/?202407159653743016,SAN ANGELO,,LIVE DESIGN,TX,76903,,Q2,2024,SB,ITEMIZED DISBURSEMENTS,0.00,J,,N,4073120241999276700,B932022AD1746408898A,2024,
A,ADD,,,,,,,,,,,,,,,,003,Solicitation and Fundraising Expenses ,,C00857649,,,,,,,89280.0,2024-05-09,FUNDRAISING CONSULTING,OTHER,,,,,ORG,ORGANIZATION,,,1800370,F3X,202407159653743015,21B,Other Federal Operating Expenditures,4071520241973001497,2024-08-01T08:49:17,,,,false,,,,,,,,,,https://docquery.fec.gov/cgi-bin/fecimg/?202407159653743015,AUSTIN,,"LILLY & COMPANY, LLC",TX,78704,,Q2,2024,SB,ITEMIZED DISBURSEMENTS,0.00,J,,N,4073120241999276696,B1DCE68A4533D4630A79,2024,
A,ADD,,,NRCC,,,,,,,,,,,,,008,Transfers,,C00857649,,,,,,,6195.0,2024-04-30,TRANSFER OF NET PROCEEDS - LEGAL FUND,TRANSFERS,24G,TRANSFER OUT AFFILIATED,P,,PTY,POLITICAL PARTY COMMITTEE,PRIMARY,,1800370,F3X,202407159653743028,22,Transfers to Affiliated/Other Party Committees,4071520241973001497,2024-08-01T08:49:17,,,,false,,,,,,,,,,https://docquery.fec.gov/cgi-bin/fecimg/?202407159653743028,WASHINGTON,C00075820,NRCC,DC,20003,,Q2,2024,SB,ITEMIZED DISBURSEMENTS,0.00,J,,N,4073120241999276734,BA699E9F556B44C6F9E4,2024,C00075820
A,ADD,,,NRCC,,,,,,,,,,,,,008,Transfers,,C00857649,,,,,,,5580.0,2024-04-30,TRANSFER OF NET PROCEEDS - BUILDING FUND,TRANSFERS,24G,TRANSFER OUT AFFILIATED,P,,PTY,POLITICAL PARTY COMMITTEE,PRIMARY,,1800370,F3X,202407159653743028,22,Transfers to Affiliated/Other Party Committees,4071520241973001497,2024-08-01T08:49:17,,,,false,,,,,,,,,,https://docquery.fec.gov/cgi-bin/fecimg/?202407159653743028,WASHINGTON,C00075820,NRCC,DC,20003,,Q2,2024,SB,ITEMIZED DISBURSEMENTS,0.00,J,,N,4073120241999276733,B5B3B17B5F1584FFCA43,2024,C00075820
A,ADD,,,NRCC,,,,,,,,,,,,,008,Transfers,,C00857649,,,,,,,105315.0,2024-04-29,TRANSFER OF NET PROCEEDS - LEGAL FUND,TRANSFERS,24G,TRANSFER OUT AFFILIATED,P,,PTY,POLITICAL PARTY COMMITTEE,PRIMARY,,1800370,F3X,202407159653743027,22,Transfers to Affiliated/Other Party Committees,4071520241973001497,2024-08-01T08:49:17,,,,false,,,,,,,,,,https://docquery.fec.gov/cgi-bin/fecimg/?202407159653743027,WASHINGTON,C00075820,NRCC,DC,20003,,Q2,2024,SB,ITEMIZED DISBURSEMENTS,0.00,J,,N,4073120241999276732,B7FE813E309464894A99,2024,C00075820
A,ADD,,,NRCC,,,,,,,,,,,,,008,Transfers,,C00857649,,,,,,,94860.0,2024-04-29,TRANSFER OF NET PROCEEDS - BUILDING FUND,TRANSFERS,24G,TRANSFER OUT AFFILIATED,P,,PTY,POLITICAL PARTY COMMITTEE,PRIMARY,,1800370,F3X,202407159653743027,22,Transfers to Affiliated/Other Party Committees,4071520241973001497,2024-08-01T08:49:17,,,,false,,,,,,,,,,https://docquery.fec.gov/cgi-bin/fecimg/?202407159653743027,WASHINGTON,C00075820,NRCC,DC,20003,,Q2,2024,SB,ITEMIZED DISBURSEMENTS,0.00,J,,N,4073120241999276731,BDD96BBC9969C4DDF872,2024,C00075820
A,ADD,,,,,,,,,,,,,,,,003,Solicitation and Fundraising Expenses ,,C00857649,,,,,,,2818.94,2024-03-29,FUNDRAISING CONSULTING,OTHER,,,,,ORG,ORGANIZATION,,,1774256,F3X,202404159627912229,21B,Other Federal Operating Expenditures,4041520241895754403,2024-05-01T03:36:33,,,,false,,,,,,,,,,https://docquery.fec.gov/cgi-bin/fecimg/?202404159627912229,AUSTIN,,"LILLY & COMPANY, LLC",TX,78704,,Q1,2024,SB,ITEMIZED DISBURSEMENTS,0.00,J,,N,4043020241921036435,B258366D15FA743A69E3,2024,
A,ADD,,,,,,,,,,,,,,,,001,Administrative/Salary/Overhead Expenses ,,C00857649,,,,,,,264.3,2024-03-15,E-MERCHANT FEES,OTHER,,,,,ORG,ORGANIZATION,,,1774256,F3X,202404159627912228,21B,Other Federal Operating Expenditures,4041520241895754403,2024-05-01T03:36:33,,,,false,,,,,,,,,,https://docquery.fec.gov/cgi-bin/fecimg/?202404159627912228,NEW ORLEANS,,ANEDOT,LA,701125204,,Q1,2024,SB,ITEMIZED DISBURSEMENTS,0.00,J,,N,4043020241921036432,B1704E714F23C4C4291C,2024,
A,ADD,,,AUGUST PFLUGER FOR CONGRESS,AUGUST,H0TX11230,PFLUGER,LEE,"PFLUGER, AUGUST LEE",H,HOUSE,11,TX,TEXAS,,,008,Transfers,,C00857649,,,,,,,23946.97,2024-03-05,TRANSFER OF NET PROCEEDS,TRANSFERS,24G,TRANSFER OUT AFFILIATED,P,,CCM,CAMPAIGN COMMITTEE,PRIMARY,,1774256,F3X,202404159627912230,22,Transfers to Affiliated/Other Party Committees,4041520241895754403,2024-05-01T03:36:33,,,,false,,,,,,,,,,https://docquery.fec.gov/cgi-bin/fecimg/?202404159627912230,SAN ANGELO,C00719294,AUGUST PFLUGER FOR CONGRESS,TX,76902,,Q1,2024,SB,ITEMIZED DISBURSEMENTS,0.00,J,,N,4043020241921036438,B304EF5598ED84C72ADA,2024,C00719294
A,ADD,,,ZINKE FOR CONGRESS,RYAN,H2MT02050,ZINKE,,"ZINKE, RYAN",H,HOUSE,00,MT,MONTANA,,,008,Transfers,,C00857649,,,,,,,10639.82,2024-02-28,TRANSFER OF NET PROCEEDS,TRANSFERS,24G,TRANSFER OUT AFFILIATED,P,,CCM,CAMPAIGN COMMITTEE,PRIMARY,,1774256,F3X,202404159627912242,22,Transfers to Affiliated/Other Party Committees,4041520241895754403,2024-05-01T03:36:33,,,,false,,,,,,,,,,https://docquery.fec.gov/cgi-bin/fecimg/?202404159627912242,WHITEFISH,C00778159,ZINKE FOR CONGRESS,MT,599372981,,Q1,2024,SB,ITEMIZED DISBURSEMENTS,0.00,J,,N,4043020241921036474,BA118385E05484F2E85B,2024,C00778159
A,ADD,,,YOUNG KIM FOR CONGRESS,YOUNG,H8CA39240,KIM,,"KIM, YOUNG",H,HOUSE,40,CA,CALIFORNIA,,,008,Transfers,,C00857649,,,,,,,15961.35,2024-02-28,TRANSFER OF NET PROCEEDS,TRANSFERS,24G,TRANSFER OUT AFFILIATED,P,,CCM,CAMPAIGN COMMITTEE,PRIMARY,,1774256,F3X,202404159627912242,22,Transfers to Affiliated/Other Party Committees,4041520241895754403,2024-05-01T03:36:33,,,,false,,,,,,,,,,https://docquery.fec.gov/cgi-bin/fecimg/?202404159627912242,ANAHEIM,C00665638,YOUNG KIM FOR CONGRESS,CA,928177490,,Q1,2024,SB,ITEMIZED DISBURSEMENTS,0.00,J,,N,4043020241921036473,B2233D706778F46689C1,2024,C00665638
A,ADD,,,VAN ORDEN FOR CONGRESS,DERRICK F. MR.,H0WI03175,VAN ORDEN,,"VAN ORDEN, DERRICK F. MR.",H,HOUSE,03,WI,WISCONSIN,,,008,Transfers,,C00857649,,,,,,,10639.82,2024-02-28,TRANSFER OF NET PROCEEDS,TRANSFERS,24G,TRANSFER OUT AFFILIATED,P,,CCM,CAMPAIGN COMMITTEE,PRIMARY,,1774256,F3X,202404159627912242,22,Transfers to Affiliated/Other Party Committees,4041520241895754403,2024-05-01T03:36:33,,,,false,,,,,,,,,,https://docquery.fec.gov/cgi-bin/fecimg/?202404159627912242,LA CROSSE,C00742007,VAN ORDEN FOR CONGRESS,WI,546021836,,Q1,2024,SB,ITEMIZED DISBURSEMENTS,0.00,J,,N,4043020241921036472,BB50A6D034FFC4804A09,2024,C00742007
A,ADD,,,VALADAO FOR CONGRESS,DAVID,H2CA20094,VALADAO,,"VALADAO, DAVID",H,HOUSE,22,CA,CALIFORNIA,,,008,Transfers,,C00857649,,,,,,,10639.82,2024-02-28,TRANSFER OF NET PROCEEDS,TRANSFERS,24G,TRANSFER OUT AFFILIATED,P,,CCM,CAMPAIGN COMMITTEE,PRIMARY,,1774256,F3X,202404159627912241,22,Transfers to Affiliated/Other Party Committees,4041520241895754403,2024-05-01T03:36:33,,,,false,,,,,,,,,,https://docquery.fec.gov/cgi-bin/fecimg/?202404159627912241,FRESNO,C00499392,VALADAO FOR CONGRESS,CA,937042236,,Q1,2024,SB,ITEMIZED DISBURSEMENTS,0.00,J,,N,4043020241921036471,BF2D8DAB194C545B5AB6,2024,C00499392
A,ADD,,,TONY GONZALES FOR CONGRESS,ERNEST ANTHONY TONY,H0TX35015,GONZALES,II,"GONZALES, ERNEST ANTHONY TONY II",H,HOUSE,23,TX,TEXAS,,,008,Transfers,,C00857649,,,,,,,6879.58,2024-02-28,TRANSFER OF NET PROCEEDS,TRANSFERS,24G,TRANSFER OUT AFFILIATED,P,,CCM,CAMPAIGN COMMITTEE,PRIMARY,,1774256,F3X,202404159627912241,22,Transfers to Affiliated/Other Party Committees,4041520241895754403,2024-05-01T03:36:33,,,,false,,,,,,,,,,https://docquery.fec.gov/cgi-bin/fecimg/?202404159627912241,SAN ANTONIO,C00706614,TONY GONZALES FOR CONGRESS,TX,782700442,,Q1,2024,SB,ITEMIZED DISBURSEMENTS,0.00,J,,N,4043020241921036470,B05E4E8130C904779BE8,2024,C00706614
A,ADD,,,"STEIL FOR WISCONSIN, INC.",BRYAN,H8WI01156,STEIL,GEORGE,"STEIL, BRYAN GEORGE",H,HOUSE,01,WI,WISCONSIN,,,008,Transfers,,C00857649,,,,,,,10639.82,2024-02-28,TRANSFER OF NET PROCEEDS,TRANSFERS,24G,TRANSFER OUT AFFILIATED,P,,CCM,CAMPAIGN COMMITTEE,PRIMARY,,1774256,F3X,202404159627912241,22,Transfers to Affiliated/Other Party Committees,4041520241895754403,2024-05-01T03:36:33,,,,false,,,,,,,,,,https://docquery.fec.gov/cgi-bin/fecimg/?202404159627912241,JANESVILLE,C00677286,"STEIL FOR WISCONSIN, INC.",WI,535451129,,Q1,2024,SB,ITEMIZED DISBURSEMENTS,0.00,J,,N,4043020241921036469,BDAC7BE94614649A390C,2024,C00677286
A,ADD,,,SALAZAR FOR CONGRESS,MARIA,H8FL27185,SALAZAR,ELVIRA,"SALAZAR, MARIA ELVIRA",H,HOUSE,27,FL,FLORIDA,,,008,Transfers,,C00857649,,,,,,,15961.35,2024-02-28,TRANSFER OF NET PROCEEDS,TRANSFERS,24G,TRANSFER OUT AFFILIATED,P,,CCM,CAMPAIGN COMMITTEE,PRIMARY,,1774256,F3X,202404159627912240,22,Transfers to Affiliated/Other Party Committees,4041520241895754403,2024-05-01T03:36:33,,,,false,,,,,,,,,,https://docquery.fec.gov/cgi-bin/fecimg/?202404159627912240,CORAL GABLES,C00714261,SALAZAR FOR CONGRESS,FL,331341601,,Q1,2024,SB,ITEMIZED DISBURSEMENTS,0.00,J,,N,4043020241921036468,B79FD4711DFA14D68860,2024,C00714261
A,ADD,,,RAPTOR PAC,,,,,,,,,,,,,008,Transfers,,C00857649,,,,,,,26930.16,2024-02-28,TRANSFER OF NET PROCEEDS,TRANSFERS,24G,TRANSFER OUT AFFILIATED,P,,PAC,POLITICAL ACTION COMMITTEE,PRIMARY,,1774256,F3X,202404159627912240,22,Transfers to Affiliated/Other Party Committees,4041520241895754403,2024-05-01T03:36:33,,,,false,,,,,,,,,,https://docquery.fec.gov/cgi-bin/fecimg/?202404159627912240,MIDLAND,C00749481,RAPTOR PAC,TX,797044864,,Q1,2024,SB,ITEMIZED DISBURSEMENTS,0.00,J,,N,4043020241921036467,B247364B8C3F54871B92,2024,C00749481
A,ADD,,,PATRIOTS FOR PERRY,SCOTT,H2PA04135,PERRY,,"PERRY, SCOTT",H,HOUSE,10,PA,PENNSYLVANIA,,,008,Transfers,,C00857649,,,,,,,10639.82,2024-02-28,TRANSFER OF NET PROCEEDS,TRANSFERS,24G,TRANSFER OUT AFFILIATED,P,,CCM,CAMPAIGN COMMITTEE,PRIMARY,,1774256,F3X,202404159627912240,22,Transfers to Affiliated/Other Party Committees,4041520241895754403,2024-05-01T03:36:33,,,,false,,,,,,,,,,https://docquery.fec.gov/cgi-bin/fecimg/?202404159627912240,HARRISBURG,C00510164,PATRIOTS FOR PERRY,PA,171121020,,Q1,2024,SB,ITEMIZED DISBURSEMENTS,0.00,J,,N,4043020241921036466,B3E132783EE6D4E319C6,2024,C00510164
A,ADD,,,NRCC,,,,,,,,,,,,,008,Transfers,,C00857649,,,,,,,32009.8,2024-02-28,TRANSFER OF NET PROCEEDS - GENERAL FUND,TRANSFERS,24G,TRANSFER OUT AFFILIATED,P,,PTY,POLITICAL PARTY COMMITTEE,PRIMARY,,1774256,F3X,202404159627912239,22,Transfers to Affiliated/Other Party Committees,4041520241895754403,2024-05-01T03:36:33,,,,false,,,,,,,,,,https://docquery.fec.gov/cgi-bin/fecimg/?202404159627912239,WASHINGTON,C00075820,NRCC,DC,20003,,Q1,2024,SB,ITEMIZED DISBURSEMENTS,0.00,J,,N,4043020241921036465,B982929030E324671A40,2024,C00075820
A,ADD,,,NRCC,,,,,,,,,,,,,008,Transfers,,C00857649,,,,,,,9917.4,2024-02-28,TRANSFER OF NET PROCEEDS - BUILDING FUND,TRANSFERS,24G,TRANSFER OUT AFFILIATED,P,,PTY,POLITICAL PARTY COMMITTEE,PRIMARY,,1774256,F3X,202404159627912239,22,Transfers to Affiliated/Other Party Committees,4041520241895754403,2024-05-01T03:36:33,,,,false,,,,,,,,,,https://docquery.fec.gov/cgi-bin/fecimg/?202404159627912239,WASHINGTON,C00075820,NRCC,DC,20003,,Q1,2024,SB,ITEMIZED DISBURSEMENTS,0.00,J,,N,4043020241921036464,BCBDED73E76F745BFBEF,2024,C00075820
A,ADD,,,NANCY MACE FOR CONGRESS,NANCY,H0SC01394,MACE,,"MACE, NANCY",H,HOUSE,01,SC,SOUTH CAROLINA,,,008,Transfers,,C00857649,,,,,,,10639.82,2024-02-28,TRANSFER OF NET PROCEEDS,TRANSFERS,24G,TRANSFER OUT AFFILIATED,P,,CCM,CAMPAIGN COMMITTEE,PRIMARY,,1774256,F3X,202404159627912239,22,Transfers to Affiliated/Other Party Committees,4041520241895754403,2024-05-01T03:36:33,,,,false,,,,,,,,,,https://docquery.fec.gov/cgi-bin/fecimg/?202404159627912239,CHARLESTON,C00710103,NANCY MACE FOR CONGRESS,SC,29492,,Q1,2024,SB,ITEMIZED DISBURSEMENTS,0.00,J,,N,4043020241921036463,B3A073293B3274CEAB49,2024,C00710103
A,ADD,,,MONICA FOR CONGRESS,MONICA,H0TX15124,DE LA CRUZ HERNANDEZ,,"DE LA CRUZ HERNANDEZ, MONICA",H,HOUSE,15,TX,TEXAS,,,008,Transfers,,C00857649,,,,,,,10639.82,2024-02-28,TRANSFER OF NET PROCEEDS,TRANSFERS,24G,TRANSFER OUT AFFILIATED,P,,CCM,CAMPAIGN COMMITTEE,PRIMARY,,1774256,F3X,202404159627912238,22,Transfers to Affiliated/Other Party Committees,4041520241895754403,2024-05-01T03:36:33,,,,false,,,,,,,,,,https://docquery.fec.gov/cgi-bin/fecimg/?202404159627912238,MCALLEN,C00765719,MONICA FOR CONGRESS,TX,785024605,,Q1,2024,SB,ITEMIZED DISBURSEMENTS,0.00,J,,N,4043020241921036462,BC4BF114EB37D4224873,2024,C00765719
A,ADD,,,MILLER-MEEKS FOR CONGRESS,MARIANNETTE,H0IA02180,MILLER-MEEKS,JANE,"MILLER-MEEKS, MARIANNETTE JANE",H,HOUSE,02,IA,IOWA,,,008,Transfers,,C00857649,,,,,,,10639.82,2024-02-28,TRANSFER OF NET PROCEEDS,TRANSFERS,24G,TRANSFER OUT AFFILIATED,P,,CCM,CAMPAIGN COMMITTEE,PRIMARY,,1774256,F3X,202404159627912238,22,Transfers to Affiliated/Other Party Committees,4041520241895754403,2024-05-01T03:36:33,,,,false,,,,,,,,,,https://docquery.fec.gov/cgi-bin/fecimg/?202404159627912238,OTTUMWA,C00558825,MILLER-MEEKS FOR CONGRESS,IA,52501,,Q1,2024,SB,ITEMIZED DISBURSEMENTS,0.00,J,,N,4043020241921036461,B4036F0B6489E4D718D1,2024,C00558825
A,ADD,,,MIKE GARCIA FOR CONGRESS,MICHAEL,H0CA25105,GARCIA,,"GARCIA, MICHAEL",H,HOUSE,27,CA,CALIFORNIA,,,008,Transfers,,C00857649,,,,,,,12978.06,2024-02-28,TRANSFER OF NET PROCEEDS,TRANSFERS,24G,TRANSFER OUT AFFILIATED,P,,CCM,CAMPAIGN COMMITTEE,PRIMARY,,1774256,F3X,202404159627912238,22,Transfers to Affiliated/Other Party Committees,4041520241895754403,2024-05-01T03:36:33,,,,false,,,,,,,,,,https://docquery.fec.gov/cgi-bin/fecimg/?202404159627912238,IRVINE,C00701102,MIKE GARCIA FOR CONGRESS,CA,92618,,Q1,2024,SB,ITEMIZED DISBURSEMENTS,0.00,J,,N,4043020241921036460,BEC72B992ECA443E6A11,2024,C00701102
A,ADD,,,MICHELLE STEEL FOR CONGRESS,MICHELLE,H0CA48198,STEEL,,"STEEL, MICHELLE",H,HOUSE,45,CA,CALIFORNIA,,,008,Transfers,,C00857649,,,,,,,10639.82,2024-02-28,TRANSFER OF NET PROCEEDS,TRANSFERS,24G,TRANSFER OUT AFFILIATED,P,,CCM,CAMPAIGN COMMITTEE,PRIMARY,,1774256,F3X,202404159627912237,22,Transfers to Affiliated/Other Party Committees,4041520241895754403,2024-05-01T03:36:33,,,,false,,,,,,,,,,https://docquery.fec.gov/cgi-bin/fecimg/?202404159627912237,IRVINE,C00704981,MICHELLE STEEL FOR CONGRESS,CA,926184691,,Q1,2024,SB,ITEMIZED DISBURSEMENTS,0.00,J,,N,4043020241921036459,B87156AEBE9BC41A982B,2024,C00704981
A,ADD,,,MAYRA FLORES FOR CONGRESS,MAYRA,H2TX34113,FLORES,NOHEMI,"FLORES, MAYRA NOHEMI",H,HOUSE,34,TX,TEXAS,,,008,Transfers,,C00857649,,,,,,,18299.6,2024-02-28,TRANSFER OF NET PROCEEDS,TRANSFERS,24G,TRANSFER OUT AFFILIATED,P,,CCM,CAMPAIGN COMMITTEE,PRIMARY,,1774256,F3X,202404159627912237,22,Transfers to Affiliated/Other Party Committees,4041520241895754403,2024-05-01T03:36:33,,,,false,,,,,,,,,,https://docquery.fec.gov/cgi-bin/fecimg/?202404159627912237,LOS INDIOS,C00768994,MAYRA FLORES FOR CONGRESS,TX,785670516,,Q1,2024,SB,ITEMIZED DISBURSEMENTS,0.00,J,,N,4043020241921036458,B1CEFFEE5C6EB488D927,2024,C00768994
A,ADD,,,MARC FOR US INC.,MARCUS,H2NY19127,MOLINARO,J.,"MOLINARO, MARCUS J.",H,HOUSE,19,NY,NEW YORK,,,008,Transfers,,C00857649,,,,,,,10639.83,2024-02-28,TRANSFER OF NET PROCEEDS,TRANSFERS,24G,TRANSFER OUT AFFILIATED,P,,CCM,CAMPAIGN COMMITTEE,PRIMARY,,1774256,F3X,202404159627912237,22,Transfers to Affiliated/Other Party Committees,4041520241895754403,2024-05-01T03:36:33,,,,false,,,,,,,,,,https://docquery.fec.gov/cgi-bin/fecimg/?202404159627912237,LEEDS,C00789586,MARC FOR US INC.,NY,124510219,,Q1,2024,SB,ITEMIZED DISBURSEMENTS,0.00,J,,N,4043020241921036457,B59840A51335643BDA88,2024,C00789586
A,ADD,,,LORI CHAVEZ-DEREMER FOR CONGRESS,LORI,H2OR05209,CHAVEZ-DEREMER,,"CHAVEZ-DEREMER, LORI",H,HOUSE,05,OR,OREGON,,,008,Transfers,,C00857649,,,,,,,12978.08,2024-02-28,TRANSFER OF NET PROCEEDS,TRANSFERS,24G,TRANSFER OUT AFFILIATED,P,,CCM,CAMPAIGN COMMITTEE,PRIMARY,,1774256,F3X,202404159627912236,22,Transfers to Affiliated/Other Party Committees,4041520241895754403,2024-05-01T03:36:33,,,,false,,,,,,,,,,https://docquery.fec.gov/cgi-bin/fecimg/?202404159627912236,HAPPY VALLEY,C00784520,LORI CHAVEZ-DEREMER FOR CONGRESS,OR,970868738,,Q1,2024,SB,ITEMIZED DISBURSEMENTS,0.00,J,,N,4043020241921036456,BADD0A950F5B24561974,2024,C00784520
A,ADD,,,LAWLER FOR CONGRESS,MICHAEL,H2NY17162,LAWLER,VINCENT,"LAWLER, MICHAEL VINCENT",H,HOUSE,17,NY,NEW YORK,,,008,Transfers,,C00857649,,,,,,,10639.82,2024-02-28,TRANSFER OF NET PROCEEDS,TRANSFERS,24G,TRANSFER OUT AFFILIATED,P,,CCM,CAMPAIGN COMMITTEE,PRIMARY,,1774256,F3X,202404159627912236,22,Transfers to Affiliated/Other Party Committees,4041520241895754403,2024-05-01T03:36:33,,,,false,,,,,,,,,,https://docquery.fec.gov/cgi-bin/fecimg/?202404159627912236,SOUTH SALEM,C00815415,LAWLER FOR CONGRESS,NY,105900087,,Q1,2024,SB,ITEMIZED DISBURSEMENTS,0.00,J,,N,4043020241921036455,B8A41E14A07094E6D887,2024,C00815415
A,ADD,,,LALOTA FOR CONGRESS,LALOTA,H2NY01190,NICK,,"NICK, LALOTA",H,HOUSE,01,NY,NEW YORK,,,008,Transfers,,C00857649,,,,,,,15961.35,2024-02-28,TRANSFER OF NET PROCEEDS,TRANSFERS,24G,TRANSFER OUT AFFILIATED,P,,CCM,CAMPAIGN COMMITTEE,PRIMARY,,1774256,F3X,202404159627912236,22,Transfers to Affiliated/Other Party Committees,4041520241895754403,2024-05-01T03:36:33,,,,false,,,,,,,,,,https://docquery.fec.gov/cgi-bin/fecimg/?202404159627912236,HAUPPAUGE,C00806018,LALOTA FOR CONGRESS,NY,117880155,,Q1,2024,SB,ITEMIZED DISBURSEMENTS,0.00,J,,N,4043020241921036454,B45DA4BB9E24C403EA86,2024,C00806018
A,ADD,,,KIGGANS FOR CONGRESS,JENNIFER,H2VA02064,KIGGANS,,"KIGGANS, JENNIFER",H,HOUSE,02,VA,VIRGINIA,,,008,Transfers,,C00857649,,,,,,,10639.82,2024-02-28,TRANSFER OF NET PROCEEDS,TRANSFERS,24G,TRANSFER OUT AFFILIATED,P,,CCM,CAMPAIGN COMMITTEE,PRIMARY,,1774256,F3X,202404159627912235,22,Transfers to Affiliated/Other Party Committees,4041520241895754403,2024-05-01T03:36:33,,,,false,,,,,,,,,,https://docquery.fec.gov/cgi-bin/fecimg/?202404159627912235,VIRGINIA BEACH,C00776120,KIGGANS FOR CONGRESS,VA,234710042,,Q1,2024,SB,ITEMIZED DISBURSEMENTS,0.00,J,,N,4043020241921036453,B71A802FFA9F14692B75,2024,C00776120
A,ADD,,,KEVIN KILEY FOR CONGRESS,KEVIN,H2CA03157,KILEY,,"KILEY, KEVIN",H,HOUSE,03,CA,CALIFORNIA,,,008,Transfers,,C00857649,,,,,,,10639.82,2024-02-28,TRANSFER OF NET PROCEEDS,TRANSFERS,24G,TRANSFER OUT AFFILIATED,P,,CCM,CAMPAIGN COMMITTEE,PRIMARY,,1774256,F3X,202404159627912235,22,Transfers to Affiliated/Other Party Committees,4041520241895754403,2024-05-01T03:36:33,,,,false,,,,,,,,,,https://docquery.fec.gov/cgi-bin/fecimg/?202404159627912235,GRANITE BAY,C00801985,KEVIN KILEY FOR CONGRESS,CA,957466618,,Q1,2024,SB,ITEMIZED DISBURSEMENTS,0.00,J,,N,4043020241921036452,B2D35EDE65D7347599D7,2024,C00801985
A,ADD,,,KEN CALVERT FOR CONGRESS COMMITTEE,KEN,H2CA37023,CALVERT,,"CALVERT, KEN",H,HOUSE,41,CA,CALIFORNIA,,,008,Transfers,,C00857649,,,,,,,12978.06,2024-02-28,TRANSFER OF NET PROCEEDS,TRANSFERS,24G,TRANSFER OUT AFFILIATED,P,,CCM,CAMPAIGN COMMITTEE,PRIMARY,,1774256,F3X,202404159627912235,22,Transfers to Affiliated/Other Party Committees,4041520241895754403,2024-05-01T03:36:33,,,,false,,,,,,,,,,https://docquery.fec.gov/cgi-bin/fecimg/?202404159627912235,CORONA,C00257337,KEN CALVERT FOR CONGRESS COMMITTEE,CA,928782438,,Q1,2024,SB,ITEMIZED DISBURSEMENTS,0.00,J,,N,4043020241921036451,B9D8485575AF548C2BD9,2024,C00257337
A,ADD,,,KEAN FOR CONGRESS INC,THOMAS H.,H0NJ07261,KEAN,JR.,"KEAN, THOMAS H. JR.",H,HOUSE,07,NJ,NEW JERSEY,,,008,Transfers,,C00857649,,,,,,,10639.83,2024-02-28,TRANSFER OF NET PROCEEDS,TRANSFERS,24G,TRANSFER OUT AFFILIATED,P,,CCM,CAMPAIGN COMMITTEE,PRIMARY,,1774256,F3X,202404159627912234,22,Transfers to Affiliated/Other Party Committees,4041520241895754403,2024-05-01T03:36:33,,,,false,,,,,,,,,,https://docquery.fec.gov/cgi-bin/fecimg/?202404159627912234,EDISON,C00703058,KEAN FOR CONGRESS INC,NJ,088180999,,Q1,2024,SB,ITEMIZED DISBURSEMENTS,0.00,J,,N,4043020241921036450,BB8DFA7CCF5B54732AF6,2024,C00703058
A,ADD,,,"JOHN JAMES FOR CONGRESS, INC.",JOHN,H2MI10150,JAMES,,"JAMES, JOHN",H,HOUSE,10,MI,MICHIGAN,,,008,Transfers,,C00857649,,,,,,,12978.07,2024-02-28,TRANSFER OF NET PROCESS,TRANSFERS,24G,TRANSFER OUT AFFILIATED,P,,CCM,CAMPAIGN COMMITTEE,PRIMARY,,1774256,F3X,202404159627912234,22,Transfers to Affiliated/Other Party Committees,4041520241895754403,2024-05-01T03:36:33,,,,false,,,,,,,,,,https://docquery.fec.gov/cgi-bin/fecimg/?202404159627912234,SAINT CLAIR SHORES,C00803502,"JOHN JAMES FOR CONGRESS, INC.",MI,480800628,,Q1,2024,SB,ITEMIZED DISBURSEMENTS,0.00,J,,N,4043020241921036449,BAF4340DA5387453B82B,2024,C00803502
A,ADD,,,JOHN DUARTE FOR CONGRESS,JOHN,H2CA13131,DUARTE,S,"DUARTE, JOHN S",H,HOUSE,13,CA,CALIFORNIA,,,008,Transfers,,C00857649,,,,,,,10639.82,2024-02-28,TRANSFER OF NET PROCEEDS,TRANSFERS,24G,TRANSFER OUT AFFILIATED,P,,CCM,CAMPAIGN COMMITTEE,PRIMARY,,1774256,F3X,202404159627912234,22,Transfers to Affiliated/Other Party Committees,4041520241895754403,2024-05-01T03:36:33,,,,false,,,,,,,,,,https://docquery.fec.gov/cgi-bin/fecimg/?202404159627912234,HILMAR,C00808279,JOHN DUARTE FOR CONGRESS,CA,953249320,,Q1,2024,SB,ITEMIZED DISBURSEMENTS,0.00,J,,N,4043020241921036448,BE0771E3BAA584609981,2024,C00808279
A,ADD,,,IOWANS FOR ZACH NUNN,ZACH,H2IA03119,NUNN,,"NUNN, ZACH",H,HOUSE,03,IA,IOWA,,,008,Transfers,,C00857649,,,,,,,12978.07,2024-02-28,TRANSFER OF NET PROCEEDS,TRANSFERS,24G,TRANSFER OUT AFFILIATED,P,,CCM,CAMPAIGN COMMITTEE,PRIMARY,,1774256,F3X,202404159627912233,22,Transfers to Affiliated/Other Party Committees,4041520241895754403,2024-05-01T03:36:33,,,,false,,,,,,,,,,https://docquery.fec.gov/cgi-bin/fecimg/?202404159627912233,BONDURANT,C00784389,IOWANS FOR ZACH NUNN,IA,500350011,,Q1,2024,SB,ITEMIZED DISBURSEMENTS,0.00,J,,N,4043020241921036447,B2475149E381B45CFB03,2024,C00784389
A,ADD,,,HOUSE CONSERVATIVES FUND,,,,,,,,,,,,,008,Transfers,,C00857649,,,,,,,8062.92,2024-02-28,TRANSFER OF NET PROCEEDS,TRANSFERS,24G,TRANSFER OUT AFFILIATED,P,,PAC,POLITICAL ACTION COMMITTEE,PRIMARY,,1774256,F3X,202404159627912233,22,Transfers to Affiliated/Other Party Committees,4041520241895754403,2024-05-01T03:36:33,,,,false,,,,,,,,,,https://docquery.fec.gov/cgi-bin/fecimg/?202404159627912233,ALEXANDRIA,C00326439,HOUSE CONSERVATIVES FUND,VA,223145404,,Q1,2024,SB,ITEMIZED DISBURSEMENTS,0.00,J,,N,4043020241921036446,BE13EA7C059E74B4090A,2024,C00326439
A,ADD,,,FRIENDS OF DAVID SCHWEIKERT,DAVID,H4AZ06045,SCHWEIKERT,S.,"SCHWEIKERT, DAVID S.",H,HOUSE,01,AZ,ARIZONA,,,008,Transfers,,C00857649,,,,,,,10639.82,2024-02-28,TRANSFER OF NET PROCEEDS,TRANSFERS,24G,TRANSFER OUT AFFILIATED,P,,CCM,CAMPAIGN COMMITTEE,PRIMARY,,1774256,F3X,202404159627912233,22,Transfers to Affiliated/Other Party Committees,4041520241895754403,2024-05-01T03:36:33,,,,false,,,,,,,,,,https://docquery.fec.gov/cgi-bin/fecimg/?202404159627912233,SCOTTSDALE,C00540617,FRIENDS OF DAVID SCHWEIKERT,AZ,852674907,,Q1,2024,SB,ITEMIZED DISBURSEMENTS,0.00,J,,N,4043020241921036445,BD66C6CB4674142B7A03,2024,C00540617
A,ADD,,,DON BACON FOR CONGRESS,DONALD J,H6NE02125,BACON,,"BACON, DONALD J",H,HOUSE,02,NE,NEBRASKA,,,008,Transfers,,C00857649,,,,,,,10639.82,2024-02-28,TRANSFER OF NET PROCEEDS,TRANSFERS,24G,TRANSFER OUT AFFILIATED,P,,CCM,CAMPAIGN COMMITTEE,PRIMARY,,1774256,F3X,202404159627912232,22,Transfers to Affiliated/Other Party Committees,4041520241895754403,2024-05-01T03:36:33,,,,false,,,,,,,,,,https://docquery.fec.gov/cgi-bin/fecimg/?202404159627912232,OMAHA,C00575167,DON BACON FOR CONGRESS,NE,68139,,Q1,2024,SB,ITEMIZED DISBURSEMENTS,0.00,J,,N,4043020241921036444,B17A3180E82DD459E8D5,2024,C00575167
A,ADD,,,DESPOSITO FOR NEW YORK,ANTHONY,H2NY04277,DESPOSITO,P,"DESPOSITO, ANTHONY P",H,HOUSE,04,NY,NEW YORK,,,008,Transfers,,C00857649,,,,,,,10639.82,2024-02-28,TRANSFER OF NET PROCEEDS,TRANSFERS,24G,TRANSFER OUT AFFILIATED,P,,CCM,CAMPAIGN COMMITTEE,PRIMARY,,1774256,F3X,202404159627912232,22,Transfers to Affiliated/Other Party Committees,4041520241895754403,2024-05-01T03:36:33,,,,false,,,,,,,,,,https://docquery.fec.gov/cgi-bin/fecimg/?202404159627912232,ISLAND PARK,C00809426,DESPOSITO FOR NEW YORK,NY,115580188,,Q1,2024,SB,ITEMIZED DISBURSEMENTS,0.00,J,,N,4043020241921036443,B66A4946B8C02484A9A9,2024,C00809426
A,ADD,,,CISCOMANI FOR CONGRESS,JUAN,H2AZ02360,CISCOMANI,,"CISCOMANI, JUAN",H,HOUSE,06,AZ,ARIZONA,,,008,Transfers,,C00857649,,,,,,,12978.08,2024-02-28,TRANSFER OF NET PROCEEDS,TRANSFERS,24G,TRANSFER OUT AFFILIATED,P,,CCM,CAMPAIGN COMMITTEE,PRIMARY,,1774256,F3X,202404159627912232,22,Transfers to Affiliated/Other Party Committees,4041520241895754403,2024-05-01T03:36:33,,,,false,,,,,,,,,,https://docquery.fec.gov/cgi-bin/fecimg/?202404159627912232,TUCSON,C00786194,CISCOMANI FOR CONGRESS,AZ,857405103,,Q1,2024,SB,ITEMIZED DISBURSEMENTS,0.00,J,,N,4043020241921036442,B255A088FED9E493E850,2024,C00786194
A,ADD,,,CHUCK EDWARDS FOR CONGRESS,CHUCK,H2NC14050,EDWARDS,,"EDWARDS, CHUCK",H,HOUSE,11,NC,NORTH CAROLINA,,,008,Transfers,,C00857649,,,,,,,10639.82,2024-02-28,TRANSFER OF NET PROCEEDS,TRANSFERS,24G,TRANSFER OUT AFFILIATED,P,,CCM,CAMPAIGN COMMITTEE,PRIMARY,,1774256,F3X,202404159627912231,22,Transfers to Affiliated/Other Party Committees,4041520241895754403,2024-05-01T03:36:33,,,,false,,,,,,,,,,https://docquery.fec.gov/cgi-bin/fecimg/?202404159627912231,HENDERSONVILLE,C00796433,CHUCK EDWARDS FOR CONGRESS,NC,287924902,,Q1,2024,SB,ITEMIZED DISBURSEMENTS,0.00,J,,N,4043020241921036441,BD98AAE5060C54AF99AA,2024,C00796433
A,ADD,,,BRIAN FITZPATRICK FOR ALL OF US,BRIAN,H6PA08277,FITZPATRICK,,"FITZPATRICK, BRIAN",H,HOUSE,01,PA,PENNSYLVANIA,,,008,Transfers,,C00857649,,,,,,,10639.82,2024-02-28,TRANSFER OF NET PROCEEDS,TRANSFERS,24G,TRANSFER OUT AFFILIATED,P,,CCM,CAMPAIGN COMMITTEE,PRIMARY,,1774256,F3X,202404159627912231,22,Transfers to Affiliated/Other Party Committees,4041520241895754403,2024-05-01T03:36:33,,,,false,,,,,,,,,,https://docquery.fec.gov/cgi-bin/fecimg/?202404159627912231,LANGHORNE,C00607416,BRIAN FITZPATRICK FOR ALL OF US,PA,190470939,,Q1,2024,SB,ITEMIZED DISBURSEMENTS,0.00,J,,N,4043020241921036440,B0860B0F3CF93427E9DB,2024,C00607416
A,ADD,,,BRANDON FOR CONGRESS NY22,BRANDON,H2NY22212,WILLIAMS,MCDONALD,"WILLIAMS, BRANDON MCDONALD",H,HOUSE,22,NY,NEW YORK,,,008,Transfers,,C00857649,,,,,,,10639.83,2024-02-28,TRANSFER OF NET PROCEEDS,TRANSFERS,24G,TRANSFER OUT AFFILIATED,P,,CCM,CAMPAIGN COMMITTEE,PRIMARY,,1774256,F3X,202404159627912231,22,Transfers to Affiliated/Other Party Committees,4041520241895754403,2024-05-01T03:36:33,,,,false,,,,,,,,,,https://docquery.fec.gov/cgi-bin/fecimg/?202404159627912231,SYRACUSE,C00806307,BRANDON FOR CONGRESS NY22,NY,132203580,,Q1,2024,SB,ITEMIZED DISBURSEMENTS,0.00,J,,N,4043020241921036439,BBAD021A71F13423E8DF,2024,C00806307
A,ADD,,,ASHLEY HINSON FOR CONGRESS,ASHLEY HINSON,H0IA01174,ARENHOLZ,,"ARENHOLZ, ASHLEY HINSON",H,HOUSE,02,IA,IOWA,,,008,Transfers,,C00857649,,,,,,,10639.82,2024-02-28,TRANSFER OF NET PROCEEDS,TRANSFERS,24G,TRANSFER OUT AFFILIATED,P,,CCM,CAMPAIGN COMMITTEE,PRIMARY,,1774256,F3X,202404159627912230,22,Transfers to Affiliated/Other Party Committees,4041520241895754403,2024-05-01T03:36:33,,,,false,,,,,,,,,,https://docquery.fec.gov/cgi-bin/fecimg/?202404159627912230,MARION,C00706267,ASHLEY HINSON FOR CONGRESS,IA,52302,,Q1,2024,SB,ITEMIZED DISBURSEMENTS,0.00,J,,N,4043020241921036437,BE0AAB240DEC04365A80,2024,C00706267
A,ADD,,,ANNA PAULINA LUNA FOR CONGRESS,ANNA,H0FL13158,PAULINA LUNA,,"PAULINA LUNA, ANNA",H,HOUSE,13,FL,FLORIDA,,,008,Transfers,,C00857649,,,,,,,10639.82,2024-02-28,TRANSFER OF NET PROCEEDS,TRANSFERS,24G,TRANSFER OUT AFFILIATED,P,,CCM,CAMPAIGN COMMITTEE,PRIMARY,,1774256,F3X,202404159627912230,22,Transfers to Affiliated/Other Party Committees,4041520241895754403,2024-05-01T03:36:33,,,,false,,,,,,,,,,https://docquery.fec.gov/cgi-bin/fecimg/?202404159627912230,SAINT PETERSBURG,C00718239,ANNA PAULINA LUNA FOR CONGRESS,FL,337022409,,Q1,2024,SB,ITEMIZED DISBURSEMENTS,0.00,J,,N,4043020241921036436,B8B51C509B4B24AE99B1,2024,C00718239
A,ADD,,,,,,,,,,,,,,,,010,Refunds of Contributions,,C00857649,,,,,,,6600.0,2024-02-27,CONTRIBUTION REFUND,REFUNDS,22Y,CONTRIBUTION REFUND TO INDIVIDUAL,P,,IND,INDIVIDUAL,PRIMARY,,1774256,F3X,202404159627912243,28A,Refunds of Contributions Made to Individuals/Persons Other Than Political Committees,4041520241895754403,2024-05-01T03:36:33,,,,false,,,,SYED,ANWAR,JAVAID,,,,https://docquery.fec.gov/cgi-bin/fecimg/?202404159627912243,MIDLAND,,"ANWAR, SYED JAVAID",TX,79701,,Q1,2024,SB,ITEMIZED DISBURSEMENTS,0.00,J,,N,4043020241921036476,B8DB5E3C0A39B45A6857,2024,
A,ADD,,,,,,,,,,,,,,,,003,Solicitation and Fundraising Expenses ,,C00857649,,,,,,,1568.54,2024-02-27,FUNDRAISING CONSULTING,OTHER,,,,,ORG,ORGANIZATION,,,1774256,F3X,202404159627912228,21B,Other Federal Operating Expenditures,4041520241895754403,2024-05-01T03:36:33,,,,false,,,,,,,,,,https://docquery.fec.gov/cgi-bin/fecimg/?202404159627912228,AUSTIN,,"LILLY & COMPANY, LLC",TX,78704,,Q1,2024,SB,ITEMIZED DISBURSEMENTS,0.00,J,,N,4043020241921036434,B9854915E39BF4460B4A,2024,
A,ADD,,,,,,,,,,,,,,,,001,Administrative/Salary/Overhead Expenses ,,C00857649,,,,,,,750.0,2024-02-27,E MERCHANT FEE,OTHER,,,,,ORG,ORGANIZATION,,,1774256,F3X,202404159627912228,21B,Other Federal Operating Expenditures,4041520241895754403,2024-05-01T03:36:33,,,,false,,,,,,,,,,https://docquery.fec.gov/cgi-bin/fecimg/?202404159627912228,WASHINGTON,,"ARISTOTLE INTERNATIONAL, INC.",DC,200031164,,Q1,2024,SB,ITEMIZED DISBURSEMENTS,0.00,J,,N,4043020241921036433,B53529412175E4A02957,2024,
A,ADD,,,,,,,,,,,,,,,,001,Administrative/Salary/Overhead Expenses ,,C00857649,,,,,,,4464.3,2024-02-26,E-MERCHANT FEES,OTHER,,,,,ORG,ORGANIZATION,,,1774256,F3X,202404159627912227,21B,Other Federal Operating Expenditures,4041520241895754403,2024-05-01T03:36:33,,,,false,,,,,,,,,,https://docquery.fec.gov/cgi-bin/fecimg/?202404159627912227,NEW ORLEANS,,ANEDOT,LA,701125204,,Q1,2024,SB,ITEMIZED DISBURSEMENTS,0.00,J,,N,4043020241921036431,BEDFD7206374D4DD09A9,2024,
A,ADD,,,,,,,,,,,,,,,,001,Administrative/Salary/Overhead Expenses ,,C00857649,,,,,,,812.3,2024-02-08,E-MERCHANT FEES,OTHER,,,,,ORG,ORGANIZATION,,,1774256,F3X,202404159627912227,21B,Other Federal Operating Expenditures,4041520241895754403,2024-05-01T03:36:33,,,,false,,,,,,,,,,https://docquery.fec.gov/cgi-bin/fecimg/?202404159627912227,NEW ORLEANS,,ANEDOT,LA,701125204,,Q1,2024,SB,ITEMIZED DISBURSEMENTS,0.00,J,,N,4043020241921036430,B363C43EEEE0C4FB8BF6,2024,
A,ADD,,,,,,,,,,,,,,,,001,Administrative/Salary/Overhead Expenses ,,C00857649,,,,,,,5940.6,2024-02-02,E-MERCHANT FEES,OTHER,,,,,ORG,ORGANIZATION,,,1774256,F3X,202404159627912227,21B,Other Federal Operating Expenditures,4041520241895754403,2024-05-01T03:36:33,,,,false,,,,,,,,,,https://docquery.fec.gov/cgi-bin/fecimg/?202404159627912227,NEW ORLEANS,,ANEDOT,LA,701125204,,Q1,2024,SB,ITEMIZED DISBURSEMENTS,0.00,J,,N,4043020241921036429,B01F6CDD5416649E495A,2024,
A,ADD,,,,,,,,,,,,,,,,010,Refunds of Contributions,,C00857649,,,,,,,62000.0,2024-01-10,CONTRIBUTION REFUND,REFUNDS,22Y,CONTRIBUTION REFUND TO INDIVIDUAL,P,,IND,INDIVIDUAL,PRIMARY,,1774256,F3X,202404159627912243,28A,Refunds of Contributions Made to Individuals/Persons Other Than Political Committees,4041520241895754403,2024-05-01T03:36:33,,,,false,,,,SYED,ANWAR,JAVAID,,,,https://docquery.fec.gov/cgi-bin/fecimg/?202404159627912243,MIDLAND,,"ANWAR, SYED JAVAID",TX,79701,,Q1,2024,SB,ITEMIZED DISBURSEMENTS,0.00,J,,N,4043020241921036475,BD7160B7A64EB4C759B2,2024,
A,ADD,,,,,,,,,,,,,,,,003,Solicitation and Fundraising Expenses ,,C00857649,,,,,,,10000.0,2023-12-22,FUNDRAISING CONSULTING,OTHER,,,,,ORG,ORGANIZATION,,,1751582,F3X,202401319607813638,21B,Other Federal Operating Expenditures,4013120241817779616,2024-02-14T02:36:37,,,,false,,,,,,,,,,https://docquery.fec.gov/cgi-bin/fecimg/?202401319607813638,AUSTIN,,"LILLY & COMPANY, LLC",TX,78704,,YE,2023,SB,ITEMIZED DISBURSEMENTS,0.00,J,,N,4021320241824721960,BC85133DCA84D477BAB6,2024,
